Timestamp,RequestName,Total,OK,KO,KO_Percent,Reqs_Per_Sec,Min,p50,p75,p95,p99,Max,Mean,StdDev
2026-10-07T03:54:53.171273585,"Login",17286,17286,-,0,1.52,4,91,188,992,2274,6163,224,415
2026-10-07T03:54:53.171273585,"Get locations",19929,19929,-,0,1.76,26,541,807,2058,2940,7173,671,673
2026-10-07T03:54:53.171273585,"Select Location",17286,17286,-,0,1.52,1,28,87,663,2129,7311,139,353
2026-10-07T03:54:53.171273585,"Get Address Template",20677,20677,-,0,1.82,0,6,14,38,135,624,12,22
2026-10-07T03:54:53.171273585,"Get Relationship Types",20677,20677,-,0,1.82,1,34,62,630,4548,5937,91,248
2026-10-07T03:54:53.171273585,"Get Appointments for Specific Date",17286,17286,-,0,1.52,1,26,48,572,3991,5121,80,225
2026-10-07T03:54:53.171273585,"Get Module Information",23402,23402,-,0,2.06,0,11,25,59,147,395,19,25
2026-10-07T03:54:53.171273585,"Get Patient Identifier Types",20677,20677,-,0,1.82,1,34,59,555,4224,5346,87,230
2026-10-07T03:54:53.171273585,"Get Primary Identifier Term Mapping",37200,37200,-,0,3.28,2,66,130,758,3600,7554,164,334
2026-10-07T03:54:53.171273585,"Get Identifier Source",37963,37963,-,0,3.35,2,47,92,694,2011,7354,147,343
2026-10-07T03:54:53.171273585,"Get Locations by Tag and Query",24845,24845,-,0,2.19,3,64,171,1033,1792,6811,198,405
2026-10-07T03:54:53.171273585,"Get Visits",18203,18203,-,0,1.6,5,377,629,1823,2191,7883,484,535
2026-10-07T03:54:53.171273585,"Get Auto Generation Options",20677,20677,-,0,1.82,5,109,457,1642,3466,8520,406,691
2026-10-07T03:54:53.171273585,"Get Queue Entry",21026,21026,-,0,1.85,3,11080,30023,48248,57618,76592,16667,16595
2026-10-07T03:54:53.171273585,"Get Visit Types",10284,10284,-,0,0.91,1,31,59,419,2905,5141,90,240
2026-10-07T03:54:53.171273585,"Get Current Visit of Patient",19076,19076,-,0,1.68,3,1168,2023,4094,6508,17147,1458,1377
2026-10-07T03:54:53.171273585,"Get Visits of Patient",20255,20255,-,0,1.79,2,684,1078,2197,3523,7977,809,742
2026-10-07T03:54:53.171273585,"Get Program Enrollments of Patient",12904,12904,-,0,1.14,2,150,318,1306,2329,6906,296,467
2026-10-07T03:54:53.171273585,"Get Visit Queue Entry",18022,18022,-,0,1.59,2,71,186,1022,3018,8859,214,430
2026-10-07T03:54:53.171273585,"Get Appointments of a Patient",10546,10546,-,0,0.93,1,25,49,565,3796,4898,82,234
2026-10-07T03:54:53.171273585,"Get Patient Summary Data",18914,18914,-,0,1.67,3,70,132,772,2416,6935,173,344
2026-10-07T03:54:53.171273585,"Get Active Visits of Patient",193099,193099,-,0,17.02,2,44,91,790,1902,9410,143,334
2026-10-07T03:54:53.171273585,"Get isVisitsEnabled",12764,12764,-,0,1.12,1,38,76,615,1983,6796,137,328
2026-10-07T03:54:53.171273585,"Get the status of patient death",179990,179990,-,0,15.86,1,32,59,242,1265,6965,76,207
2026-10-07T03:54:53.171273585,"Get all the constraints on the vital concepts",12764,12764,-,0,1.12,3,69,123,835,1796,6573,166,335
2026-10-07T03:54:53.171273585,"Get Patient Observations",37518,37518,-,0,3.31,1,554,1272,2444,3880,11243,805,857
2026-10-07T03:54:53.171273585,"Get Patient Conditions",14335,14335,-,0,1.26,2,378,1036,2348,3720,7683,696,835
2026-10-07T03:54:53.171273585,"Get Active Orders",11977,11977,-,0,1.06,4,369,848,2063,3094,7035,590,724
2026-10-07T03:54:53.171273585,"Get Admission Location Info",2928,2928,-,0,0.26,4,67,159,976,2262,5575,203,402
2026-10-07T03:54:53.171273585,"Get Admission Info",2928,2928,-,0,0.26,23,429,809,1846,2987,5365,587,602
2026-10-07T03:54:53.171273585,"Get Inpatient Request",2928,2928,-,0,0.26,15,341,1395,4579,7857,12281,1088,1637
2026-10-07T03:54:53.171273585,"Get Orders of admitted patient by Activated Date",14969,14969,-,0,1.32,3,166,400,1596,2314,6305,371,560
2026-10-07T03:54:53.171273585,"Get Patients",3322,3322,-,0,0.29,11,1152,2199,3765,4651,7811,1373,1252
2026-10-07T03:54:53.171273585,"Submit Visit Form",9367,9333,34,0.36,0.83,6,151,518,1952,2902,9517,426,682
2026-10-07T03:54:53.171273585,"Get Locations That Support Visits",4239,4239,-,0,0.37,3,58,101,785,972,4208,136,288
2026-10-07T03:54:53.171273585,"Get Beds for Patient",2928,2928,-,0,0.26,2,45,85,762,1522,3335,129,292
2026-10-07T03:54:53.171273585,"Save Ward Encounter",7320,7320,-,0,0.65,9,383,1476,5090,8709,17735,1151,1769
2026-10-07T03:54:53.171273585,"Get Order Types",2141,2141,-,0,0.19,2,29,54,342,1378,7171,85,271
2026-10-07T03:54:53.171273585,"Save Vitals",2541,2541,-,0,0.22,51,2280,5603,10352,13824,20626,3474,3546
2026-10-07T03:54:53.171273585,"Get Vitals concept reference ranges",2928,2928,-,0,0.26,12,375,1129,3117,5189,11659,796,1077
2026-10-07T03:54:53.171273585,"Search for Drug",4282,4282,-,0,0.38,1,30,59,664,1633,4481,114,314
2026-10-07T03:54:53.171273585,"Save Drug Order",2141,2141,-,0,0.19,30,916,2209,5044,6735,11647,1489,1685
2026-10-07T03:54:53.171273585,"Get Specific Visit Details",11501,11501,-,0,1.01,3,83,153,857,3114,6457,185,342
2026-10-07T03:54:53.171273585,"Get Transfer Locations configuration data",2928,2928,-,0,0.26,49,1892,5284,11141,15877,23515,3326,3740
2026-10-07T03:54:53.171273585,"Get Transferable locations",2928,2928,-,0,0.26,29,642,1109,2090,3196,5552,767,690
2026-10-07T03:54:53.171273585,"Get Allergies of Patient",2541,2541,-,0,0.22,2,186,351,1344,2570,6880,327,485
2026-10-07T03:54:53.171273585,"Get Drug Allergens",2541,2541,-,0,0.22,20,555,786,1474,2425,4382,590,485
2026-10-07T03:54:53.171273585,"Get Environment Allergens",2541,2541,-,0,0.22,18,441,634,1344,2305,7305,495,466
2026-10-07T03:54:53.171273585,"Get Food Allergens",2541,2541,-,0,0.22,9,215,340,1255,1870,7663,321,464
2026-10-07T03:54:53.171273585,"Get Allergic Reactions Allergens",2541,2541,-,0,0.22,12,295,439,1259,2044,3967,369,394
2026-10-07T03:54:53.171273585,"Get the details of a orderType",2725,2725,-,0,0.24,2,42,81,1036,1558,4030,148,329
2026-10-07T03:54:53.171273585,"Get all Lab order details",2725,2725,-,0,0.24,10,327,463,1118,2271,6350,394,435
2026-10-07T03:54:53.171273585,"Add a lab order",2725,2725,-,0,0.24,17,690,1734,4044,6678,14039,1222,1427
2026-10-07T03:54:53.171273585,"Get All Form Encounters",1179,1179,-,0,0.1,4,535,1148,2847,4410,8898,858,978
2026-10-07T03:54:53.171273585,"Get All Forms",1179,1179,-,0,0.1,7,298,985,2533,4124,5620,685,879
2026-10-07T03:54:53.171273585,"Get medication request encounters",6423,6423,-,0,0.57,47,5996,18171,35576,46869,71788,10939,12176
2026-10-07T03:54:53.171273585,"Get all patient lists",7948,7948,-,0,0.7,3,462,887,1764,2968,7349,574,619
2026-10-07T03:54:53.171273585,"Get patient age",42084,42084,-,0,3.71,1,45,71,535,986,4678,96,238
2026-10-07T03:54:53.171273585,"Get Person Attribute Type",3391,3391,-,0,0.3,1,34,60,445,1529,2202,89,218
2026-10-07T03:54:53.171273585,"Get All Appointment Services(full)",2751,2751,-,0,0.24,3,46,86,729,1826,6143,145,330
2026-10-07T03:54:53.171273585,"Get Ordered Address Hierarchy Levels",3391,3391,-,0,0.3,1,17,33,301,2172,4608,67,241
2026-10-07T03:54:53.171273585,"Get all appointments for a specific day",1834,1834,-,0,0.16,5,82,146,839,2035,5016,176,327
2026-10-07T03:54:53.171273585,"Get all appointment summaries",1834,1834,-,0,0.16,8,132,315,1365,2802,4600,316,520
2026-10-07T03:54:53.171273585,"Get Appointment By Status",7336,7336,-,0,0.65,2,32,73,566,1442,5769,105,267
2026-10-07T03:54:53.171273585,"Get all default appointment services",1834,1834,-,0,0.16,2,44,80,784,1718,3172,136,316
2026-10-07T03:54:53.171273585,"Get all visits of the given location with date",1834,1834,-,0,0.16,10,1446,2372,3828,5237,7582,1574,1271
2026-10-07T03:54:53.171273585,"Get patient identification photo",170154,170154,-,0,15,2,54,139,1125,5361,7125,175,385
2026-10-07T03:54:53.171273585,"Get Person Attributes",1759,1759,-,0,0.16,2,41,68,289,1412,5284,87,233
2026-10-07T03:54:53.171273585,"Get Patient Identifiers",1759,1759,-,0,0.16,2,50,91,667,2033,4343,141,333
2026-10-07T03:54:53.171273585,"Get Relationships of Person",1759,1759,-,0,0.16,2,54,89,674,1748,3040,135,289
2026-10-07T03:54:53.171273585,"Get Patient Allergy Intolerance",2141,2141,-,0,0.19,2,168,310,1376,2676,6397,307,503
2026-10-07T03:54:53.171273585,"Create a patient list",1987,1987,-,0,0.18,4,110,306,1297,2629,4634,303,507
2026-10-07T03:54:53.171273585,"Get Specific Medication Requests",8564,8564,-,0,0.75,21,733,2291,5931,9464,16219,1560,2031
2026-10-07T03:54:53.171273585,"Get Encounter With Visit and Diagnoses",2141,2141,-,0,0.19,3,71,123,1003,1671,6023,173,360
2026-10-07T03:54:53.171273585,"Get All Providers",5199,5199,-,0,0.46,1,38,90,568,1275,4632,109,256
2026-10-07T03:54:53.171273585,"Get queue entry number",939,939,-,0,0.08,0,5,12,29,103,210,9,13
2026-10-07T03:54:53.171273585,"Submit visit queue entry",941,939,2,0.21,0.08,12,201,537,2011,4775,8841,483,809
2026-10-07T03:54:53.171273585,"Save an Allergy",2541,2541,-,0,0.22,11,293,903,2279,4355,8032,641,882
2026-10-07T03:54:53.171273585,"Get all active Lab orders",8175,8175,-,0,0.72,7,396,702,1728,2310,6441,545,574
2026-10-07T03:54:53.171273585,"Get Lab Orders by full filler status",24525,24525,-,0,2.16,3,273,1830,4320,7048,9639,1090,1525
2026-10-07T03:54:53.171273585,"Get Clinical Form by UUID",1179,1179,-,0,0.1,8,166,342,1363,2280,3638,330,454
2026-10-07T03:54:53.171273585,"Get Encounter Roles",1179,1179,-,0,0.1,2,34,55,476,1391,3214,91,243
2026-10-07T03:54:53.171273585,"Get Latest FHIR Encounter",1179,1179,-,0,0.1,2,146,421,1510,2779,4626,362,552
2026-10-07T03:54:53.171273585,"Get Encounter By UUID",1053,1053,-,0,0.09,7,143,250,951,1873,3850,261,381
2026-10-07T03:54:53.171273585,"Get patient list details",1987,1987,-,0,0.18,2,52,100,873,1424,4584,146,318
2026-10-07T03:54:53.171273585,"Fetch members of patient list",1987,1987,-,0,0.18,2,38,62,547,1038,2670,90,228
2026-10-07T03:54:53.171273585,"Get Order Entry Config",2141,2141,-,0,0.19,22,722,1134,2764,4514,6044,869,888
2026-10-07T03:54:53.171273585,"Get service concept set",941,941,-,0,0.08,2,28,64,662,2960,4200,109,302
2026-10-07T03:54:53.171273585,"Get Concept",39109,39109,-,0,3.45,4,173,319,1185,2586,6783,309,437
2026-10-07T03:54:53.171273585,"Submit new Service queue",941,941,-,0,0.08,8,120,352,1675,3216,4550,356,614
2026-10-07T03:54:53.171273585,"Get ValueSet by UUID",6423,6423,-,0,0.57,8,395,1450,4447,8195,16935,1088,1639
2026-10-07T03:54:53.171273585,"Get Medication Request by UUID",6423,6423,-,0,0.57,17,387,1254,3433,6189,11906,912,1272
2026-10-07T03:54:53.171273585,"Get Medication by UUID",2141,2141,-,0,0.19,2,30,59,556,1930,3407,112,290
2026-10-07T03:54:53.171273585,"Search Medication by Code",2141,2141,-,0,0.19,5,90,160,1290,1973,3743,215,416
2026-10-07T03:54:53.171273585,"Get Locations Search Set",1464,1464,-,0,0.13,4,61,230,1152,2667,5797,253,505
2026-10-07T03:54:53.171273585,"Change the session location",1464,1464,-,0,0.13,3,44,123,1317,1846,3831,191,424
2026-10-07T03:54:53.171273585,"Edit patient details",1759,1759,-,0,0.16,9,233,446,1655,3017,4964,413,565
2026-10-07T03:54:53.171273585,"Check Appointment Conflicts",917,917,-,0,0.08,5,93,211,1193,1939,2928,247,415
2026-10-07T03:54:53.171273585,"Create Appointment",917,917,-,0,0.08,11,170,256,1107,2107,4888,273,442
2026-10-07T03:54:53.171273585,"Update full filler status",5450,5450,-,0,0.48,6,145,242,971,1660,4332,248,362
2026-10-07T03:54:53.171273585,"Submit transition request",941,440,501,53.24,0.08,11,125,294,2007,2372,5389,330,573
2026-10-07T03:54:53.171273585,"End Visit",9333,9179,154,1.65,0.82,8,320,838,2402,4141,9531,627,839
2026-10-07T03:54:53.171273585,"Save a clinical form",1179,1179,-,0,0.1,22,1080,2641,6035,8729,14452,1800,1986
2026-10-07T03:54:53.171273585,"Generate OMRS Identifier",1632,1632,-,0,0.14,6,145,264,1194,2018,6787,292,495
2026-10-07T03:54:53.171273585,"Send Patient Registration Request",1632,1632,-,0,0.14,18,934,1511,3335,6082,11285,1142,1137
2026-10-07T03:54:53.171273585,"Get patient admission note",6952,6952,-,0,0.61,3,75,202,1286,2141,7532,250,466
2026-10-07T03:54:53.171273585,"Dispense medication form submission",2141,2141,-,0,0.19,30,877,2807,6510,9798,12814,1849,2277
2026-10-07T03:54:53.171273585,"Get Patient Encounters",1179,1179,-,0,0.1,10,1761,2776,5042,6727,10194,2011,1532
2026-10-07T03:54:53.171273585,"Get Lab Results of Patient",2358,2358,-,0,0.21,2,421,860,1938,2958,5261,623,648
2026-10-07T03:54:53.171273585,"Submit Appointment StatusChange",1834,1834,-,0,0.16,6,131,225,1091,2788,5284,265,454
2026-10-07T03:54:53.171273585,"Get specific encounter details",2725,2725,-,0,0.24,4,84,153,1035,2160,4247,206,392
2026-10-07T03:54:53.171273585,"Get Alkaline concept details",2725,2725,-,0,0.24,3,55,105,887,2735,4708,166,360
2026-10-07T03:54:53.171273585,"Update the specific encounter",2725,2725,-,0,0.24,19,580,1394,3372,5346,9447,998,1171
2026-10-07T03:54:53.171273585,"Update the Lab Order Completion",2725,2725,-,0,0.24,15,484,1249,3003,5175,10221,896,1077
2026-10-07T03:54:53.171273585,"Get Visits With Diagnoses and Notes (new endpoint)",1179,1179,-,0,0.1,11,235,463,1430,2747,4610,394,503
2026-10-07T03:54:53.171273585,"Close medication",2141,2141,-,0,0.19,12,253,874,2743,4689,7032,687,988
2026-10-07T03:54:53.171273585,"Discontinue the drug order",2141,2141,-,0,0.19,19,443,1038,2609,4011,6563,770,936
2026-10-07T03:54:53.171273585,"Get Drug Orders except the cancelled and expired",1179,1179,-,0,0.1,5,657,1115,2417,3851,5833,841,812
2026-10-07T03:54:53.171273585,"Get Drug Orders except the discontinued orders",1179,1179,-,0,0.1,5,626,1073,2276,3599,6150,799,759
2026-10-07T03:54:53.171273585,"Get Observation Tree Details",3537,3537,-,0,0.31,4,917,4763,13907,19381,29067,3224,4625
2026-10-07T03:54:53.171273585,"Search for Condition",2358,2358,-,0,0.21,13,320,492,1484,2530,4498,446,490
2026-10-07T03:54:53.171273585,"Save Conditions",1179,1179,-,0,0.1,6,138,578,1841,3358,7566,453,695
2026-10-07T03:54:53.171273585,"Get Immunizations of Patient",3537,3537,-,0,0.31,2,215,1816,7613,11930,23717,1483,2569
2026-10-07T03:54:53.171273585,"Get all immunizations",1179,1179,-,0,0.1,7,186,322,1214,2412,6654,310,440
2026-10-07T03:54:53.171273585,"Submit Patient immunization",1179,1173,6,0.51,0.1,19,2407,5228,9275,12908,18977,3280,3160
2026-10-07T03:54:53.171273585,"Get Attachments of Patient",2358,2358,-,0,0.21,6,195,456,1508,2710,6401,380,527
2026-10-07T03:54:53.171273585,"Get Allowed File Extensions",1179,1179,-,0,0.1,2,34,58,545,1240,3657,90,227
2026-10-07T03:54:53.171273585,"Get Programs",2358,2358,-,0,0.21,8,220,361,1145,2240,5193,325,423
2026-10-07T03:54:53.171273585,"Add new program to patient",1179,1179,-,0,0.1,8,202,617,1733,3471,5659,477,694
2026-10-07T03:54:53.171273585,"Complete the program",1179,1179,-,0,0.1,9,185,549,1754,3211,5229,444,642
2026-10-07T03:54:53.171273585,"Upload Attachment Request",1179,1178,1,0.08,0.1,58,10231,16488,31405,41295,52911,11525,9675
2026-10-07T03:54:53.171273585,"Save Visit Note",1179,1179,-,0,0.1,15,608,1651,3723,6089,11436,1094,1288
2026-10-07T03:54:53.171273585,"Save Patient Diagnosis",2358,2358,-,0,0.21,5,144,448,1645,3040,4654,385,589
2026-10-06T03:53:14.980671647,"Login",26685,26685,-,0,2.36,2,40,79,609,3131,4111,99,215
2026-10-06T03:53:14.980671647,"Get locations",30598,30598,-,0,2.71,11,208,354,1065,3962,5677,283,348
2026-10-06T03:53:14.980671647,"Select Location",26685,26685,-,0,2.36,1,13,36,465,2935,3743,62,176
2026-10-06T03:53:14.980671647,"Get Address Template",31887,31887,-,0,2.82,0,3,9,35,210,1403,10,36
2026-10-06T03:53:14.980671647,"Get Relationship Types",31887,31887,-,0,2.82,1,13,29,241,1806,3086,39,117
2026-10-06T03:53:14.980671647,"Get Appointments for Specific Date",26685,26685,-,0,2.36,1,12,28,279,1799,2919,39,119
2026-10-06T03:53:14.980671647,"Get Module Information",35817,35817,-,0,3.17,0,5,12,34,135,1105,10,22
2026-10-06T03:53:14.980671647,"Get Patient Identifier Types",31887,31887,-,0,2.82,0,14,31,245,3087,4618,40,129
2026-10-06T03:53:14.980671647,"Get Primary Identifier Term Mapping",57607,57607,-,0,5.1,1,24,52,446,2818,3481,69,171
2026-10-06T03:53:14.980671647,"Get Identifier Source",58572,58572,-,0,5.18,1,19,43,426,3065,3789,63,172
2026-10-06T03:53:14.980671647,"Get Locations by Tag and Query",38764,38764,-,0,3.43,1,25,57,513,843,3568,82,200
2026-10-06T03:53:14.980671647,"Get Visits",28108,28108,-,0,2.49,3,150,294,820,1058,4472,212,278
2026-10-06T03:53:14.980671647,"Get Auto Generation Options",31887,31887,-,0,2.82,2,41,146,805,2714,4690,161,330
2026-10-06T03:53:14.980671647,"Get Queue Entry",33400,33400,-,0,2.95,1,2849,11427,23993,29107,38885,6605,8031
2026-10-06T03:53:14.980671647,"Get Visit Types",16009,16009,-,0,1.42,1,13,32,306,1505,1991,45,126
2026-10-06T03:53:14.980671647,"Get Current Visit of Patient",28914,28914,-,0,2.56,1,408,834,1859,3105,7286,589,676
2026-10-06T03:53:14.980671647,"Get Visits of Patient",30478,30478,-,0,2.7,1,263,471,1054,2497,6712,346,387
2026-10-06T03:53:14.980671647,"Get Program Enrollments of Patient",19278,19278,-,0,1.71,1,65,128,714,826,2881,129,231
2026-10-06T03:53:14.980671647,"Get Visit Queue Entry",27101,27101,-,0,2.4,1,38,93,645,3970,5025,105,233
2026-10-06T03:53:14.980671647,"Get Appointments of a Patient",16150,16150,-,0,1.43,1,13,27,173,1176,2468,39,123
2026-10-06T03:53:14.980671647,"Get Patient Summary Data",29148,29148,-,0,2.58,1,33,66,517,3680,4773,81,186
2026-10-06T03:53:14.980671647,"Get Active Visits of Patient",319246,319246,-,0,28.24,1,17,40,422,3389,4296,60,164
2026-10-06T03:53:14.980671647,"Get isVisitsEnabled",19193,19193,-,0,1.7,1,16,34,367,887,2891,60,167
2026-10-06T03:53:14.980671647,"Get the status of patient death",300468,300468,-,0,26.58,0,12,26,219,2736,3835,33,103
2026-10-06T03:53:14.980671647,"Get all the constraints on the vital concepts",19193,19193,-,0,1.7,1,26,51,297,1581,3670,70,178
2026-10-06T03:53:14.980671647,"Get Patient Observations",55781,55781,-,0,4.93,0,238,669,1556,1654,5514,400,463
2026-10-06T03:53:14.980671647,"Get Patient Conditions",21179,21179,-,0,1.87,1,151,432,1220,1748,5248,311,419
2026-10-06T03:53:14.980671647,"Get Active Orders",18051,18051,-,0,1.6,2,122,475,1167,2922,4514,309,422
2026-10-06T03:53:14.980671647,"Get Admission Location Info",4698,4698,-,0,0.42,2,28,67,429,1987,4877,90,226
2026-10-06T03:53:14.980671647,"Get Admission Info",4698,4698,-,0,0.42,10,190,415,1029,1725,4756,297,356
2026-10-06T03:53:14.980671647,"Submit Visit Form",14586,14527,59,0.4,1.29,3,65,195,839,1907,4636,178,330
2026-10-06T03:53:14.980671647,"Get Inpatient Request",4698,4698,-,0,0.42,6,165,729,2419,5053,7048,555,859
2026-10-06T03:53:14.980671647,"Get Orders of admitted patient by Activated Date",25602,25602,-,0,2.26,1,91,197,755,1916,4729,182,295
2026-10-06T03:53:14.980671647,"Get Patients",5536,5536,-,0,0.49,6,446,987,1937,2511,3980,625,657
2026-10-06T03:53:14.980671647,"Get Order Types",3556,3556,-,0,0.31,1,13,32,216,758,2906,45,139
2026-10-06T03:53:14.980671647,"Get Locations That Support Visits",6959,6959,-,0,0.62,1,23,49,296,1748,2861,62,155
2026-10-06T03:53:14.980671647,"Get Beds for Patient",4698,4698,-,0,0.42,1,19,38,406,574,2953,59,168
2026-10-06T03:53:14.980671647,"Save Ward Encounter",11745,11745,-,0,1.04,5,105,483,2062,6787,10527,439,789
2026-10-06T03:53:14.980671647,"Save Vitals",3799,3799,-,0,0.34,24,656,1969,4993,8705,11387,1333,1676
2026-10-06T03:53:14.980671647,"Search for Drug",7112,7112,-,0,0.63,0,13,34,397,2468,3389,54,164
2026-10-06T03:53:14.980671647,"Save Drug Order",3556,3556,-,0,0.31,15,334,921,2106,3905,7420,611,807
2026-10-06T03:53:14.980671647,"Get Vitals concept reference ranges",4698,4698,-,0,0.42,5,119,407,1513,2559,5612,335,550
2026-10-06T03:53:14.980671647,"Get Specific Visit Details",16379,16379,-,0,1.45,2,35,71,478,2783,4240,86,190
2026-10-06T03:53:14.980671647,"Get Transfer Locations configuration data",4698,4698,-,0,0.42,24,535,1890,5166,7507,16035,1281,1744
2026-10-06T03:53:14.980671647,"Get Transferable locations",4698,4698,-,0,0.42,16,230,512,1121,2875,3835,330,370
2026-10-06T03:53:14.980671647,"Get All Form Encounters",1564,1564,-,0,0.14,2,282,600,1487,2916,5603,434,516
2026-10-06T03:53:14.980671647,"Get Allergies of Patient",3799,3799,-,0,0.34,1,91,175,649,1299,3126,153,248
2026-10-06T03:53:14.980671647,"Get Drug Allergens",3799,3799,-,0,0.34,11,213,337,599,1300,2503,240,245
2026-10-06T03:53:14.980671647,"Get All Forms",1564,1564,-,0,0.14,3,87,315,1336,2036,4077,278,464
2026-10-06T03:53:14.980671647,"Get Environment Allergens",3799,3799,-,0,0.34,8,172,277,623,1172,2667,205,229
2026-10-06T03:53:14.980671647,"Get Food Allergens",3799,3799,-,0,0.34,4,80,147,557,896,2189,128,192
2026-10-06T03:53:14.980671647,"Get Allergic Reactions Allergens",3799,3799,-,0,0.34,5,115,186,539,1250,4357,156,236
2026-10-06T03:53:14.980671647,"Get the details of a orderType",3930,3930,-,0,0.35,1,17,39,393,1811,2631,65,176
2026-10-06T03:53:14.980671647,"Get all Lab order details",3930,3930,-,0,0.35,6,125,202,438,1702,2665,158,199
2026-10-06T03:53:14.980671647,"Add a lab order",3930,3930,-,0,0.35,9,231,716,2252,2534,6259,492,690
2026-10-06T03:53:14.980671647,"Get medication request encounters",10668,10668,-,0,0.94,21,1508,5951,13615,19877,29766,3681,4714
2026-10-06T03:53:14.980671647,"Get patient age",69675,69675,-,0,6.16,1,17,33,261,3444,4388,42,119
2026-10-06T03:53:14.980671647,"Get all patient lists",12392,12392,-,0,1.1,1,136,489,1242,1445,3755,286,350
2026-10-06T03:53:14.980671647,"Get All Appointment Services(full)",4269,4269,-,0,0.38,1,20,46,386,1580,2178,61,153
2026-10-06T03:53:14.980671647,"Get all appointments for a specific day",2846,2846,-,0,0.25,1,13,30,120,786,2556,38,116
2026-10-06T03:53:14.980671647,"Get all appointment summaries",2846,2846,-,0,0.25,4,63,149,702,1504,4304,152,286
2026-10-06T03:53:14.980671647,"Get Person Attribute Type",5202,5202,-,0,0.46,0,13,28,153,1072,2319,39,117
2026-10-06T03:53:14.980671647,"Get Appointment By Status",11384,11384,-,0,1.01,1,16,41,156,813,3789,49,137
2026-10-06T03:53:14.980671647,"Get Ordered Address Hierarchy Levels",5202,5202,-,0,0.46,0,8,20,145,492,2230,29,102
2026-10-06T03:53:14.980671647,"Get all default appointment services",2846,2846,-,0,0.25,1,20,39,409,3025,4028,62,179
2026-10-06T03:53:14.980671647,"Get all visits of the given location with date",2846,2846,-,0,0.25,5,597,1300,2293,3217,5518,802,797
2026-10-06T03:53:14.980671647,"Get Patient Allergy Intolerance",3556,3556,-,0,0.31,1,83,168,607,1477,4439,149,265
2026-10-06T03:53:14.980671647,"Get Specific Medication Requests",14224,14224,-,0,1.26,10,225,766,2410,4827,10983,626,956
2026-10-06T03:53:14.980671647,"Get Encounter With Visit and Diagnoses",3556,3556,-,0,0.31,2,30,59,457,590,2575,75,168
2026-10-06T03:53:14.980671647,"Get All Providers",8535,8535,-,0,0.75,1,16,38,182,1122,2067,46,117
2026-10-06T03:53:14.980671647,"Get patient identification photo",285973,285973,-,0,25.3,1,19,50,388,1081,5479,72,190
2026-10-06T03:53:14.980671647,"Get Person Attributes",2790,2790,-,0,0.25,1,17,33,238,314,1512,39,107
2026-10-06T03:53:14.980671647,"Get Patient Identifiers",2790,2790,-,0,0.25,1,21,44,424,562,3155,62,169
2026-10-06T03:53:14.980671647,"Get Relationships of Person",2790,2790,-,0,0.25,1,23,44,330,948,2678,64,177
2026-10-06T03:53:14.980671647,"Create a patient list",3098,3098,-,0,0.27,2,52,123,625,1633,3482,145,292
2026-10-06T03:53:14.980671647,"Get queue entry number",1756,1756,-,0,0.16,0,2,8,30,171,1281,7,36
2026-10-06T03:53:14.980671647,"Submit visit queue entry",1764,1756,8,0.45,0.16,6,56,172,846,1507,4363,179,322
2026-10-06T03:53:14.980671647,"Get Clinical Form by UUID",1564,1564,-,0,0.14,4,79,143,600,1620,2569,148,239
2026-10-06T03:53:14.980671647,"Get Encounter Roles",1564,1564,-,0,0.14,0,16,30,184,903,1453,43,122
2026-10-06T03:53:14.980671647,"Save an Allergy",3799,3799,-,0,0.34,6,120,363,1301,1673,3862,280,420
2026-10-06T03:53:14.980671647,"Get Latest FHIR Encounter",1564,1564,-,0,0.14,1,69,147,690,1494,2463,158,277
2026-10-06T03:53:14.980671647,"Get all active Lab orders",11790,11790,-,0,1.04,4,194,369,934,2187,3782,276,331
2026-10-06T03:53:14.980671647,"Get Encounter By UUID",1436,1436,-,0,0.13,3,63,102,556,977,2600,109,185
2026-10-06T03:53:14.980671647,"Get Lab Orders by full filler status",35370,35370,-,0,3.13,1,107,557,2518,2990,6414,515,816
2026-10-06T03:53:14.980671647,"Get Order Entry Config",3556,3556,-,0,0.31,11,285,503,1213,2375,5031,372,465
2026-10-06T03:53:14.980671647,"Get ValueSet by UUID",10668,10668,-,0,0.94,3,132,587,2170,3457,7912,448,757
2026-10-06T03:53:14.980671647,"Get Medication Request by UUID",10668,10668,-,0,0.94,7,124,488,1868,2678,6997,362,587
2026-10-06T03:53:14.980671647,"Get Medication by UUID",3556,3556,-,0,0.31,1,15,32,312,1526,2322,48,138
2026-10-06T03:53:14.980671647,"Search Medication by Code",3556,3556,-,0,0.31,3,40,72,402,2536,4237,90,207
2026-10-06T03:53:14.980671647,"Get Locations Search Set",2349,2349,-,0,0.21,2,26,68,603,1744,2604,112,260
2026-10-06T03:53:14.980671647,"Change the session location",2349,2349,-,0,0.21,1,20,51,361,2273,4125,78,211
2026-10-06T03:53:14.980671647,"Get patient list details",3098,3098,-,0,0.27,1,24,48,457,818,2791,76,196
2026-10-06T03:53:14.980671647,"Fetch members of patient list",3098,3098,-,0,0.27,1,17,34,201,758,2028,45,127
2026-10-06T03:53:14.980671647,"Get service concept set",1764,1764,-,0,0.16,1,11,36,372,2439,4511,53,182
2026-10-06T03:53:14.980671647,"Get Concept",63166,63166,-,0,5.59,2,75,129,616,886,4643,132,223
2026-10-06T03:53:14.980671647,"Submit new Service queue",1764,1764,-,0,0.16,4,38,135,834,1486,5595,153,337
2026-10-06T03:53:14.980671647,"Edit patient details",2790,2790,-,0,0.25,5,104,207,729,1479,3467,178,272
2026-10-06T03:53:14.980671647,"Check Appointment Conflicts",1423,1423,-,0,0.13,3,44,107,674,2147,3101,130,264
2026-10-06T03:53:14.980671647,"Create Appointment",1423,1423,-,0,0.13,5,85,133,446,785,2284,118,189
2026-10-06T03:53:14.980671647,"Save a clinical form",1564,1564,-,0,0.14,11,302,940,2594,3541,5418,655,830
2026-10-06T03:53:14.980671647,"Update full filler status",7860,7860,-,0,0.7,3,70,117,437,1561,2525,114,190
2026-10-06T03:53:14.980671647,"Get patient admission note",13666,13666,-,0,1.21,1,34,75,602,898,3708,101,218
2026-10-06T03:53:14.980671647,"Submit transition request",1764,301,1463,82.94,0.16,6,49,118,733,2442,3089,133,251
2026-10-06T03:53:14.980671647,"End Visit",14527,14293,234,1.61,1.29,5,129,311,1037,2974,4916,264,409
2026-10-06T03:53:14.980671647,"Generate OMRS Identifier",2412,2412,-,0,0.21,4,73,138,654,2024,2907,138,241
2026-10-06T03:53:14.980671647,"Send Patient Registration Request",2412,2412,-,0,0.21,11,388,751,1650,2780,4264,527,577
2026-10-06T03:53:14.980671647,"Dispense medication form submission",3556,3556,-,0,0.31,14,265,1166,3558,4001,7357,746,1055
2026-10-06T03:53:14.980671647,"Get Patient Encounters",1564,1564,-,0,0.14,5,762,1351,2487,3518,8559,906,845
2026-10-06T03:53:14.980671647,"Get Lab Results of Patient",3128,3128,-,0,0.28,1,218,439,1066,1675,4891,311,348
2026-10-06T03:53:14.980671647,"Submit Appointment StatusChange",2846,2846,-,0,0.25,3,57,112,651,1017,2303,114,210
2026-10-06T03:53:14.980671647,"Get specific encounter details",3930,3930,-,0,0.35,2,40,78,404,1646,3283,91,185
2026-10-06T03:53:14.980671647,"Get Alkaline concept details",3930,3930,-,0,0.35,1,24,50,455,1972,2654,69,168
2026-10-06T03:53:14.980671647,"Update the specific encounter",3930,3930,-,0,0.35,10,198,533,1676,3568,4769,402,562
2026-10-06T03:53:14.980671647,"Update the Lab Order Completion",3930,3930,-,0,0.35,8,184,446,1380,3179,6503,381,577
2026-10-06T03:53:14.980671647,"Get Visits With Diagnoses and Notes (new endpoint)",1564,1564,-,0,0.14,5,103,208,711,1417,2464,184,260
2026-10-06T03:53:14.980671647,"Close medication",3556,3556,-,0,0.31,7,98,351,1129,2591,4900,288,486
2026-10-06T03:53:14.980671647,"Discontinue the drug order",3556,3556,-,0,0.31,10,174,394,1286,3412,5866,334,493
2026-10-06T03:53:14.980671647,"Get Drug Orders except the cancelled and expired",1564,1564,-,0,0.14,3,360,656,1433,2024,3685,453,481
2026-10-06T03:53:14.980671647,"Get Drug Orders except the discontinued orders",1564,1564,-,0,0.14,2,342,630,1430,2284,3972,438,480
2026-10-06T03:53:14.980671647,"Get Observation Tree Details",4692,4692,-,0,0.42,2,214,1549,6509,8348,13783,1236,2044
2026-10-06T03:53:14.980671647,"Search for Condition",3128,3128,-,0,0.28,6,137,242,771,1097,2887,196,259
2026-10-06T03:53:14.980671647,"Save Conditions",1564,1564,-,0,0.14,4,63,217,880,3081,5525,204,375
2026-10-06T03:53:14.980671647,"Get Immunizations of Patient",4692,4692,-,0,0.42,1,82,920,4521,6410,12358,799,1483
2026-10-06T03:53:14.980671647,"Get all immunizations",1564,1564,-,0,0.14,4,77,134,608,2254,3730,145,261
2026-10-06T03:53:14.980671647,"Submit Patient immunization",1564,1557,7,0.45,0.14,23,680,2107,4664,6955,10469,1337,1590
2026-10-06T03:53:14.980671647,"Get Attachments of Patient",3128,3128,-,0,0.28,3,103,206,724,2078,2906,184,288
2026-10-06T03:53:14.980671647,"Get Allowed File Extensions",1564,1564,-,0,0.14,1,16,32,159,897,1982,46,129
2026-10-06T03:53:14.980671647,"Get Programs",3128,3128,-,0,0.28,4,92,169,636,1121,2871,148,229
2026-10-06T03:53:14.980671647,"Add new program to patient",1564,1564,-,0,0.14,4,81,217,764,2095,4695,204,370
2026-10-06T03:53:14.980671647,"Complete the program",1564,1564,-,0,0.14,3,82,196,1063,1831,3908,205,370
2026-10-06T03:53:14.980671647,"Upload Attachment Request",1564,1561,3,0.19,0.14,20,3289,6143,10301,14865,19290,3922,3475
2026-10-06T03:53:14.980671647,"Save Visit Note",1564,1564,-,0,0.14,7,198,666,1894,3067,5401,464,647
2026-10-06T03:53:14.980671647,"Save Patient Diagnosis",3128,3128,-,0,0.28,3,62,159,900,1571,3049,176,322
2026-10-04T04:28:03.029834339,"Login",31128,31128,-,0,2.76,3,50,116,465,1546,3533,107,175
2026-10-04T04:28:03.029834339,"Get locations",35362,35362,-,0,3.13,12,206,385,790,1493,4245,276,297
2026-10-04T04:28:03.029834339,"Select Location",31128,31128,-,0,2.76,1,16,59,382,3392,4196,64,140
2026-10-04T04:28:03.029834339,"Get Address Template",37548,37548,-,0,3.32,0,3,9,46,262,1149,12,41
2026-10-04T04:28:03.029834339,"Get Relationship Types",37548,37548,-,0,3.32,1,15,33,253,1970,2851,39,89
2026-10-04T04:28:03.029834339,"Get Appointments for Specific Date",31128,31128,-,0,2.76,1,17,43,248,2424,2967,46,96
2026-10-04T04:28:03.029834339,"Get Module Information",41792,41792,-,0,3.7,0,4,11,48,252,1086,10,28
2026-10-04T04:28:03.029834339,"Get Patient Identifier Types",37548,37548,-,0,3.32,1,15,36,225,2219,2926,38,88
2026-10-04T04:28:03.029834339,"Get Primary Identifier Term Mapping",67103,67103,-,0,5.94,1,27,60,333,416,3823,68,136
2026-10-04T04:28:03.029834339,"Get Identifier Source",68676,68676,-,0,6.08,1,22,54,354,2231,2784,60,127
2026-10-04T04:28:03.029834339,"Get Locations by Tag and Query",44802,44802,-,0,3.97,2,29,71,351,975,3351,83,161
2026-10-04T04:28:03.029834339,"Get Visits",32726,32726,-,0,2.9,4,188,351,790,1477,3623,254,298
2026-10-04T04:28:03.029834339,"Get Auto Generation Options",37548,37548,-,0,3.32,2,49,208,850,3331,4736,162,281
2026-10-04T04:28:03.029834339,"Get Queue Entry",39587,39587,-,0,3.5,1,1088,2211,4092,6494,10904,1455,1412
2026-10-04T04:28:03.029834339,"Get Visit Types",17918,17918,-,0,1.59,1,13,31,242,248,2617,40,98
2026-10-04T04:28:03.029834339,"Get Current Visit of Patient",31795,31795,-,0,2.81,2,441,879,1732,2720,7991,594,607
2026-10-04T04:28:03.029834339,"Get Visits of Patient",33430,33430,-,0,2.96,2,292,555,1060,1618,8284,371,368
2026-10-04T04:28:03.029834339,"Get Program Enrollments of Patient",21225,21225,-,0,1.88,1,81,169,468,1029,3341,134,191
2026-10-04T04:28:03.029834339,"Get Visit Queue Entry",30548,30548,-,0,2.7,1,26,72,296,769,2669,69,137
2026-10-04T04:28:03.029834339,"Get Appointments of a Patient",17955,17955,-,0,1.59,1,14,33,227,2624,3654,38,92
2026-10-04T04:28:03.029834339,"Get Patient Summary Data",33640,33640,-,0,2.98,2,37,80,376,472,2692,80,144
2026-10-04T04:28:03.029834339,"Get Active Visits of Patient",372054,372054,-,0,32.94,1,20,51,746,3133,3729,57,123
2026-10-04T04:28:03.029834339,"Get isVisitsEnabled",21953,21953,-,0,1.94,1,18,43,360,606,2697,56,126
2026-10-04T04:28:03.029834339,"Get the status of patient death",352296,352296,-,0,31.19,1,13,30,197,2011,2466,34,82
2026-10-04T04:28:03.029834339,"Get all the constraints on the vital concepts",21953,21953,-,0,1.94,2,30,71,326,1663,3734,67,134
2026-10-04T04:28:03.029834339,"Get Patient Observations",64375,64375,-,0,5.7,1,238,673,1249,3150,4162,382,410
2026-10-04T04:28:03.029834339,"Get Patient Conditions",23982,23982,-,0,2.12,1,157,444,981,1742,4896,293,365
2026-10-04T04:28:03.029834339,"Get Active Orders",20712,20712,-,0,1.83,2,173,568,1323,1444,3927,345,419
2026-10-04T04:28:03.029834339,"Get Admission Location Info",5198,5198,-,0,0.46,2,29,74,413,640,3579,81,167
2026-10-04T04:28:03.029834339,"Get Admission Info",5198,5198,-,0,0.46,12,228,511,1160,1692,3111,351,386
2026-10-04T04:28:03.029834339,"Get Inpatient Request",5198,5198,-,0,0.46,8,219,870,4240,7512,11775,829,1468
2026-10-04T04:28:03.029834339,"Get Orders of admitted patient by Activated Date",25126,25126,-,0,2.22,2,81,186,640,824,3505,147,203
2026-10-04T04:28:03.029834339,"Get Patients",6484,6484,-,0,0.57,6,551,1101,2206,3118,4048,719,729
2026-10-04T04:28:03.029834339,"Submit Visit Form",16320,16252,68,0.42,1.44,4,76,216,656,1268,3956,170,258
2026-10-04T04:28:03.029834339,"Get Locations That Support Visits",8082,8082,-,0,0.72,2,27,58,303,364,2335,59,116
2026-10-04T04:28:03.029834339,"Get Beds for Patient",5198,5198,-,0,0.46,1,20,44,302,358,2113,54,123
2026-10-04T04:28:03.029834339,"Save Ward Encounter",12995,12995,-,0,1.15,6,127,507,2014,6829,8947,388,653
2026-10-04T04:28:03.029834339,"Get Order Types",3957,3957,-,0,0.35,1,13,32,162,763,1657,37,91
2026-10-04T04:28:03.029834339,"Save Vitals",4456,4456,-,0,0.39,30,616,2161,4548,6982,10483,1347,1600
2026-10-04T04:28:03.029834339,"Get Vitals concept reference ranges",5198,5198,-,0,0.46,8,115,392,1387,3629,4609,295,438
2026-10-04T04:28:03.029834339,"Get Specific Visit Details",17545,17545,-,0,1.55,2,40,86,406,447,1956,81,142
2026-10-04T04:28:03.029834339,"Get Transfer Locations configuration data",5198,5198,-,0,0.46,30,425,1652,4490,5450,11333,1071,1446
2026-10-04T04:28:03.029834339,"Get Transferable locations",5198,5198,-,0,0.46,19,198,439,764,1314,3342,283,281
2026-10-04T04:28:03.029834339,"Search for Drug",7914,7914,-,0,0.7,1,14,35,328,2014,2653,48,120
2026-10-04T04:28:03.029834339,"Save Drug Order",3957,3957,-,0,0.35,19,326,900,2335,3042,5684,609,741
2026-10-04T04:28:03.029834339,"Get All Form Encounters",1635,1635,-,0,0.14,3,326,724,1507,2130,3045,473,500
2026-10-04T04:28:03.029834339,"Get Allergies of Patient",4456,4456,-,0,0.39,1,96,191,535,1096,1963,155,205
2026-10-04T04:28:03.029834339,"Get All Forms",1635,1635,-,0,0.14,4,94,312,786,2128,3010,224,321
2026-10-04T04:28:03.029834339,"Get Drug Allergens",4456,4456,-,0,0.39,13,258,399,679,1733,4395,272,248
2026-10-04T04:28:03.029834339,"Get Environment Allergens",4456,4456,-,0,0.39,10,207,335,711,846,2732,234,222
2026-10-04T04:28:03.029834339,"Get Food Allergens",4456,4456,-,0,0.39,5,103,177,478,877,2845,142,176
2026-10-04T04:28:03.029834339,"Get Allergic Reactions Allergens",4456,4456,-,0,0.39,7,141,226,473,1752,3252,168,180
2026-10-04T04:28:03.029834339,"Get the details of a orderType",4244,4244,-,0,0.38,1,19,45,317,1387,1814,54,113
2026-10-04T04:28:03.029834339,"Get all Lab order details",4244,4244,-,0,0.38,8,126,208,416,838,2182,153,161
2026-10-04T04:28:03.029834339,"Add a lab order",4244,4244,-,0,0.38,12,216,687,1943,2325,5544,465,609
2026-10-04T04:28:03.029834339,"Get medication request encounters",11871,11871,-,0,1.05,25,1236,4576,12440,19534,29895,3199,4312
2026-10-04T04:28:03.029834339,"Get patient age",77791,77791,-,0,6.89,1,18,37,226,1381,2121,39,81
2026-10-04T04:28:03.029834339,"Get Person Attribute Type",6420,6420,-,0,0.57,1,15,32,225,2077,2686,38,93
2026-10-04T04:28:03.029834339,"Get Ordered Address Hierarchy Levels",6420,6420,-,0,0.57,0,11,28,183,536,1749,36,92
2026-10-04T04:28:03.029834339,"Get all patient lists",15728,15728,-,0,1.39,2,222,654,1193,2408,3257,369,394
2026-10-04T04:28:03.029834339,"Get All Appointment Services(full)",4794,4794,-,0,0.42,1,25,60,299,695,2465,64,127
2026-10-04T04:28:03.029834339,"Get all appointments for a specific day",3196,3196,-,0,0.28,1,15,38,219,745,967,40,80
2026-10-04T04:28:03.029834339,"Get all appointment summaries",3196,3196,-,0,0.28,5,69,177,447,1122,5745,138,222
2026-10-04T04:28:03.029834339,"Get Appointment By Status",12784,12784,-,0,1.13,1,19,59,297,1756,2580,53,103
2026-10-04T04:28:03.029834339,"Get all default appointment services",3196,3196,-,0,0.28,1,22,56,245,619,1691,59,115
2026-10-04T04:28:03.029834339,"Get all visits of the given location with date",3196,3196,-,0,0.28,7,732,1575,2755,3672,4734,980,940
2026-10-04T04:28:03.029834339,"Get patient identification photo",335541,335541,-,0,29.7,1,25,64,348,425,4699,70,146
2026-10-04T04:28:03.029834339,"Get Person Attributes",3451,3451,-,0,0.31,1,19,37,180,1060,1653,41,87
2026-10-04T04:28:03.029834339,"Get Patient Identifiers",3451,3451,-,0,0.31,2,24,54,345,1588,2462,63,130
2026-10-04T04:28:03.029834339,"Get Relationships of Person",3451,3451,-,0,0.31,2,27,53,253,702,2393,63,131
2026-10-04T04:28:03.029834339,"Get Patient Allergy Intolerance",3957,3957,-,0,0.35,1,76,158,477,1158,3015,129,195
2026-10-04T04:28:03.029834339,"Get Specific Medication Requests",15828,15828,-,0,1.4,11,224,703,2198,4083,8143,552,810
2026-10-04T04:28:03.029834339,"Get Encounter With Visit and Diagnoses",3957,3957,-,0,0.35,2,34,78,414,532,1946,72,126
2026-10-04T04:28:03.029834339,"Get All Providers",9512,9512,-,0,0.84,1,16,45,289,1269,1835,48,104
2026-10-04T04:28:03.029834339,"Get queue entry number",2277,2277,-,0,0.2,0,3,7,35,503,643,7,23
2026-10-04T04:28:03.029834339,"Submit visit queue entry",2287,2277,10,0.44,0.2,4,111,308,905,1187,2140,222,301
2026-10-04T04:28:03.029834339,"Create a patient list",3932,3932,-,0,0.35,3,71,191,553,1825,5667,153,235
2026-10-04T04:28:03.029834339,"Get Clinical Form by UUID",1635,1635,-,0,0.14,5,83,164,595,1032,4406,145,223
2026-10-04T04:28:03.029834339,"Save an Allergy",4456,4456,-,0,0.39,7,154,456,1134,2782,4283,303,379
2026-10-04T04:28:03.029834339,"Get Encounter Roles",1635,1635,-,0,0.14,1,15,31,163,472,1083,37,80
2026-10-04T04:28:03.029834339,"Get Latest FHIR Encounter",1635,1635,-,0,0.14,2,73,184,584,1071,1634,150,213
2026-10-04T04:28:03.029834339,"Get Encounter By UUID",1507,1507,-,0,0.13,4,75,145,411,932,2013,121,160
2026-10-04T04:28:03.029834339,"Get all active Lab orders",12732,12732,-,0,1.13,5,259,632,1363,2139,4432,418,476
2026-10-04T04:28:03.029834339,"Get Lab Orders by full filler status",38196,38196,-,0,3.38,2,169,709,3043,5011,5911,643,989
2026-10-04T04:28:03.029834339,"Get Locations Search Set",2599,2599,-,0,0.23,2,25,71,554,1561,2109,96,201
2026-10-04T04:28:03.029834339,"Change the session location",2599,2599,-,0,0.23,1,20,59,428,902,2561,81,177
2026-10-04T04:28:03.029834339,"Get Order Entry Config",3957,3957,-,0,0.35,14,255,452,940,2381,3875,318,339
2026-10-04T04:28:03.029834339,"Get ValueSet by UUID",11871,11871,-,0,1.05,4,149,559,2097,2668,7742,422,686
2026-10-04T04:28:03.029834339,"Get Medication Request by UUID",11871,11871,-,0,1.05,8,141,412,1258,2530,7027,331,500
2026-10-04T04:28:03.029834339,"Get service concept set",2287,2287,-,0,0.2,1,15,44,252,975,1637,51,117
2026-10-04T04:28:03.029834339,"Get Medication by UUID",3957,3957,-,0,0.35,1,15,38,253,962,1593,49,113
2026-10-04T04:28:03.029834339,"Get Concept",68661,68661,-,0,6.08,3,88,155,477,726,4570,131,168
2026-10-04T04:28:03.029834339,"Submit new Service queue",2287,2287,-,0,0.2,5,72,202,708,1438,3105,173,276
2026-10-04T04:28:03.029834339,"Search Medication by Code",3957,3957,-,0,0.35,3,38,80,357,837,2476,81,152
2026-10-04T04:28:03.029834339,"Get patient list details",3932,3932,-,0,0.35,2,27,66,354,625,1974,72,142
2026-10-04T04:28:03.029834339,"Fetch members of patient list",3932,3932,-,0,0.35,1,20,40,271,1195,1596,47,100
2026-10-04T04:28:03.029834339,"Edit patient details",3451,3451,-,0,0.31,6,132,252,676,1319,2617,199,232
2026-10-04T04:28:03.029834339,"Check Appointment Conflicts",1598,1598,-,0,0.14,3,53,133,587,1479,2133,127,217
2026-10-04T04:28:03.029834339,"Create Appointment",1598,1598,-,0,0.14,6,101,172,502,649,1469,133,149
2026-10-04T04:28:03.029834339,"Save a clinical form",1635,1635,-,0,0.14,13,295,863,2310,2937,5447,594,728
2026-10-04T04:28:03.029834339,"Update full filler status",8488,8488,-,0,0.75,4,78,157,476,1676,2450,123,166
2026-10-04T04:28:03.029834339,"Get patient admission note",20351,20351,-,0,1.8,2,46,131,529,871,4323,117,201
2026-10-04T04:28:03.029834339,"Submit transition request",2287,1866,421,18.41,0.2,5,92,235,662,1343,3680,185,269
2026-10-04T04:28:03.029834339,"End Visit",16252,15591,661,4.07,1.44,5,139,371,1034,3024,5360,269,364
2026-10-04T04:28:03.029834339,"Generate OMRS Identifier",2969,2969,-,0,0.26,4,89,176,563,1153,2308,151,211
2026-10-04T04:28:03.029834339,"Send Patient Registration Request",2969,2969,-,0,0.26,13,466,843,1618,2778,7307,591,580
2026-10-04T04:28:03.029834339,"Dispense medication form submission",3957,3957,-,0,0.35,17,283,1011,2721,4579,10569,733,1010
2026-10-04T04:28:03.029834339,"Get Patient Encounters",1635,1635,-,0,0.14,8,830,1599,2629,3333,7746,995,890
2026-10-04T04:28:03.029834339,"Get Lab Results of Patient",3270,3270,-,0,0.29,1,223,482,912,1594,3417,314,331
2026-10-04T04:28:03.029834339,"Submit Appointment StatusChange",3196,3196,-,0,0.28,4,67,146,488,739,3668,120,181
2026-10-04T04:28:03.029834339,"Get specific encounter details",4244,4244,-,0,0.38,2,46,102,436,1070,1411,90,144
2026-10-04T04:28:03.029834339,"Get Alkaline concept details",4244,4244,-,0,0.38,2,25,63,385,1188,1677,67,130
2026-10-04T04:28:03.029834339,"Update the specific encounter",4244,4244,-,0,0.38,12,242,588,1476,2792,5473,421,538
2026-10-04T04:28:03.029834339,"Update the Lab Order Completion",4244,4244,-,0,0.38,11,211,518,1514,2567,4754,382,504
2026-10-04T04:28:03.029834339,"Get Visits With Diagnoses and Notes (new endpoint)",1635,1635,-,0,0.14,5,120,251,676,1204,1925,185,220
2026-10-04T04:28:03.029834339,"Close medication",3957,3957,-,0,0.35,7,114,322,949,2029,5056,262,387
2026-10-04T04:28:03.029834339,"Discontinue the drug order",3957,3957,-,0,0.35,12,191,456,1189,2525,7032,357,485
2026-10-04T04:28:03.029834339,"Get Drug Orders except the cancelled and expired",1635,1635,-,0,0.14,4,408,771,1390,1833,2640,491,470
2026-10-04T04:28:03.029834339,"Get Drug Orders except the discontinued orders",1635,1635,-,0,0.14,3,392,739,1252,2030,3272,463,442
2026-10-04T04:28:03.029834339,"Get Observation Tree Details",4905,4905,-,0,0.43,2,219,1259,4975,8400,15574,1052,1800
2026-10-04T04:28:03.029834339,"Search for Condition",3270,3270,-,0,0.29,8,149,244,611,1030,2348,187,209
2026-10-04T04:28:03.029834339,"Save Conditions",1635,1635,-,0,0.14,4,75,218,738,1912,2898,183,288
2026-10-04T04:28:03.029834339,"Get Immunizations of Patient",4905,4905,-,0,0.43,1,88,869,4229,5879,11762,776,1439
2026-10-04T04:28:03.029834339,"Get all immunizations",1635,1635,-,0,0.14,4,77,154,472,1328,2047,128,179
2026-10-04T04:28:03.029834339,"Submit Patient immunization",1635,1627,8,0.49,0.14,30,558,1936,4300,6200,10250,1241,1503
2026-10-04T04:28:03.029834339,"Get Attachments of Patient",3270,3270,-,0,0.29,3,95,211,690,994,4003,168,239
2026-10-04T04:28:03.029834339,"Get Allowed File Extensions",1635,1635,-,0,0.14,1,17,39,183,747,1149,40,79
2026-10-04T04:28:03.029834339,"Get Programs",3270,3270,-,0,0.29,5,113,217,522,1541,2208,157,183
2026-10-04T04:28:03.029834339,"Add new program to patient",1635,1635,-,0,0.14,5,95,240,885,1125,5785,200,305
2026-10-04T04:28:03.029834339,"Complete the program",1635,1635,-,0,0.14,5,97,242,857,1305,3353,191,276
2026-10-04T04:28:03.029834339,"Upload Attachment Request",1635,1633,2,0.12,0.14,16,2199,6354,13522,18791,23542,4172,4398
2026-10-04T04:28:03.029834339,"Save Visit Note",1635,1635,-,0,0.14,10,199,609,1667,2477,5742,423,554
2026-10-04T04:28:03.029834339,"Save Patient Diagnosis",3270,3270,-,0,0.29,4,73,194,637,1244,2455,159,244
2026-10-03T03:49:36.705373045,"Login",30826,30826,-,0,2.73,2,48,126,583,2154,3002,110,181
2026-10-03T03:49:36.705373045,"Get locations",35017,35017,-,0,3.1,10,222,401,806,1535,4950,289,309
2026-10-03T03:49:36.705373045,"Select Location",30826,30826,-,0,2.73,0,19,87,486,2631,3203,82,173
2026-10-03T03:49:36.705373045,"Get Address Template",37132,37132,-,0,3.29,0,4,14,187,931,1556,27,85
2026-10-03T03:49:36.705373045,"Get Relationship Types",37132,37132,-,0,3.29,0,17,44,313,2558,3388,50,110
2026-10-03T03:49:36.705373045,"Get Appointments for Specific Date",30826,30826,-,0,2.73,1,18,53,300,1423,1863,53,108
2026-10-03T03:49:36.705373045,"Get Module Information",41386,41386,-,0,3.66,0,5,15,91,643,1659,18,55
2026-10-03T03:49:36.705373045,"Get Patient Identifier Types",37132,37132,-,0,3.29,1,17,41,265,1749,2411,46,102
2026-10-03T03:49:36.705373045,"Get Primary Identifier Term Mapping",66512,66512,-,0,5.89,1,29,83,411,4058,5142,75,147
2026-10-03T03:49:36.705373045,"Get Identifier Source",67958,67958,-,0,6.02,1,24,58,410,2846,3567,68,145
2026-10-03T03:49:36.705373045,"Get Locations by Tag and Query",44385,44385,-,0,3.93,1,32,88,483,691,3662,92,179
2026-10-03T03:49:36.705373045,"Get Visits",32393,32393,-,0,2.87,3,166,345,808,1577,3982,244,291
2026-10-03T03:49:36.705373045,"Get Auto Generation Options",37132,37132,-,0,3.29,2,52,219,698,2359,5132,167,285
2026-10-03T03:49:36.705373045,"Get Queue Entry",39122,39122,-,0,3.46,1,964,2277,5785,7919,14000,1575,1804
2026-10-03T03:49:36.705373045,"Get Visit Types",17813,17813,-,0,1.58,0,16,46,384,1970,2497,59,136
2026-10-03T03:49:36.705373045,"Get Current Visit of Patient",31901,31901,-,0,2.82,1,419,881,1815,2925,6627,598,642
2026-10-03T03:49:36.705373045,"Get Visits of Patient",33542,33542,-,0,2.97,1,291,574,1107,1880,5684,388,401
2026-10-03T03:49:36.705373045,"Get Program Enrollments of Patient",21169,21169,-,0,1.87,1,77,180,544,802,2897,136,200
2026-10-03T03:49:36.705373045,"Get Visit Queue Entry",30482,30482,-,0,2.7,1,27,80,383,572,5641,81,155
2026-10-03T03:49:36.705373045,"Get Appointments of a Patient",17887,17887,-,0,1.58,1,15,39,271,2336,3478,47,115
2026-10-03T03:49:36.705373045,"Get Patient Summary Data",33420,33420,-,0,2.96,1,41,108,482,2086,2625,94,162
2026-10-03T03:49:36.705373045,"Get Active Visits of Patient",365665,365665,-,0,32.38,1,20,64,373,3147,4049,63,134
2026-10-03T03:49:36.705373045,"Get isVisitsEnabled",21705,21705,-,0,1.92,1,19,53,274,723,2409,65,137
2026-10-03T03:49:36.705373045,"Get the status of patient death",345856,345856,-,0,30.62,0,14,39,236,2361,3497,40,95
2026-10-03T03:49:36.705373045,"Get all the constraints on the vital concepts",21705,21705,-,0,1.92,1,32,74,315,756,2116,71,134
2026-10-03T03:49:36.705373045,"Get Patient Observations",63723,63723,-,0,5.64,0,247,701,1278,1911,6145,416,459
2026-10-03T03:49:36.705373045,"Get Patient Conditions",23878,23878,-,0,2.11,1,147,421,1108,2712,4647,304,402
2026-10-03T03:49:36.705373045,"Get Active Orders",20596,20596,-,0,1.82,2,162,581,1320,2872,4348,344,438
2026-10-03T03:49:36.705373045,"Get Admission Location Info",5100,5100,-,0,0.45,2,33,82,302,1504,2151,87,167
2026-10-03T03:49:36.705373045,"Get Admission Info",5100,5100,-,0,0.45,10,200,506,1117,1996,3030,344,402
2026-10-03T03:49:36.705373045,"Get Inpatient Request",5100,5100,-,0,0.45,6,193,952,3571,6313,8729,783,1309
2026-10-03T03:49:36.705373045,"Get Orders of admitted patient by Activated Date",24698,24698,-,0,2.19,2,85,206,592,1112,3813,161,227
2026-10-03T03:49:36.705373045,"Get Patients",6360,6360,-,0,0.56,6,475,1029,2093,2903,5241,665,717
2026-10-03T03:49:36.705373045,"Submit Visit Form",16246,16184,62,0.38,1.44,3,74,217,665,1418,3996,172,273
2026-10-03T03:49:36.705373045,"Get Order Types",3991,3991,-,0,0.35,1,16,44,331,1103,1559,55,124
2026-10-03T03:49:36.705373045,"Get Locations That Support Visits",7927,7927,-,0,0.7,1,28,62,372,438,3129,68,133
2026-10-03T03:49:36.705373045,"Get Beds for Patient",5100,5100,-,0,0.45,1,20,55,265,979,1629,61,125
2026-10-03T03:49:36.705373045,"Save Ward Encounter",12750,12750,-,0,1.13,5,106,438,1779,2473,7876,375,650
2026-10-03T03:49:36.705373045,"Save Vitals",4404,4404,-,0,0.39,23,613,1867,4252,6514,10480,1215,1473
2026-10-03T03:49:36.705373045,"Search for Drug",7982,7982,-,0,0.71,0,16,47,256,1006,2163,57,127
2026-10-03T03:49:36.705373045,"Save Drug Order",3991,3991,-,0,0.35,15,327,835,2184,6326,9888,594,778
2026-10-03T03:49:36.705373045,"Get Vitals concept reference ranges",5100,5100,-,0,0.45,6,117,394,1217,3390,5722,309,495
2026-10-03T03:49:36.705373045,"Get Specific Visit Details",17482,17482,-,0,1.55,2,41,100,370,1431,2812,91,163
2026-10-03T03:49:36.705373045,"Get Transfer Locations configuration data",5100,5100,-,0,0.45,23,367,1641,4609,5430,10433,1020,1402
2026-10-03T03:49:36.705373045,"Get Transferable locations",5100,5100,-,0,0.45,16,181,452,829,1361,2629,285,301
2026-10-03T03:49:36.705373045,"Get the details of a orderType",4254,4254,-,0,0.38,1,23,56,316,1279,2024,68,144
2026-10-03T03:49:36.705373045,"Get all Lab order details",4254,4254,-,0,0.38,6,131,221,459,1060,2038,162,186
2026-10-03T03:49:36.705373045,"Add a lab order",4254,4254,-,0,0.38,9,207,700,1703,2869,5737,473,610
2026-10-03T03:49:36.705373045,"Get Allergies of Patient",4404,4404,-,0,0.39,1,109,216,664,953,3571,170,235
2026-10-03T03:49:36.705373045,"Get Drug Allergens",4404,4404,-,0,0.39,10,231,391,752,944,3120,258,246
2026-10-03T03:49:36.705373045,"Get Environment Allergens",4404,4404,-,0,0.39,8,189,322,594,1121,2464,223,225
2026-10-03T03:49:36.705373045,"Get Food Allergens",4404,4404,-,0,0.39,4,101,174,605,721,3336,142,188
2026-10-03T03:49:36.705373045,"Get All Form Encounters",1641,1641,-,0,0.15,2,287,668,1412,2019,3840,443,485
2026-10-03T03:49:36.705373045,"Get Allergic Reactions Allergens",4404,4404,-,0,0.39,5,129,223,494,967,2481,168,194
2026-10-03T03:49:36.705373045,"Get All Forms",1641,1641,-,0,0.15,3,97,328,1038,1632,3404,240,363
2026-10-03T03:49:36.705373045,"Get medication request encounters",11973,11973,-,0,1.06,21,1093,3958,10666,15466,27941,2735,3613
2026-10-03T03:49:36.705373045,"Get patient age",77600,77600,-,0,6.87,1,20,44,166,564,3181,46,96
2026-10-03T03:49:36.705373045,"Get all patient lists",15480,15480,-,0,1.37,1,212,608,1171,2909,4807,361,405
2026-10-03T03:49:36.705373045,"Get All Appointment Services(full)",4701,4701,-,0,0.42,1,25,60,309,746,2935,66,136
2026-10-03T03:49:36.705373045,"Get Person Attribute Type",6306,6306,-,0,0.56,0,17,42,263,800,1300,45,98
2026-10-03T03:49:36.705373045,"Get all appointments for a specific day",3134,3134,-,0,0.28,1,16,44,211,925,1341,45,100
2026-10-03T03:49:36.705373045,"Get all appointment summaries",3134,3134,-,0,0.28,4,74,182,571,1240,3374,150,238
2026-10-03T03:49:36.705373045,"Get Ordered Address Hierarchy Levels",6306,6306,-,0,0.56,0,12,31,210,581,1453,41,102
2026-10-03T03:49:36.705373045,"Get Appointment By Status",12536,12536,-,0,1.11,1,20,64,317,1306,1836,57,107
2026-10-03T03:49:36.705373045,"Get all default appointment services",3134,3134,-,0,0.28,1,23,57,250,715,2079,62,129
2026-10-03T03:49:36.705373045,"Get all visits of the given location with date",3134,3134,-,0,0.28,5,643,1446,2701,3595,5707,895,897
2026-10-03T03:49:36.705373045,"Get Patient Allergy Intolerance",3991,3991,-,0,0.35,1,93,193,556,1402,2169,150,204
2026-10-03T03:49:36.705373045,"Get Specific Medication Requests",15964,15964,-,0,1.41,9,218,797,2621,2835,8120,537,769
2026-10-03T03:49:36.705373045,"Get Encounter With Visit and Diagnoses",3991,3991,-,0,0.35,2,41,97,332,995,2111,85,147
2026-10-03T03:49:36.705373045,"Get All Providers",9549,9549,-,0,0.85,1,19,60,322,1370,2085,56,114
2026-10-03T03:49:36.705373045,"Get patient identification photo",329251,329251,-,0,29.15,1,24,71,312,785,4938,73,152
2026-10-03T03:49:36.705373045,"Get Person Attributes",3382,3382,-,0,0.3,1,20,42,265,324,1312,45,94
2026-10-03T03:49:36.705373045,"Get Patient Identifiers",3382,3382,-,0,0.3,1,26,62,320,1219,2354,69,144
2026-10-03T03:49:36.705373045,"Get Relationships of Person",3382,3382,-,0,0.3,1,28,65,332,591,2511,67,133
2026-10-03T03:49:36.705373045,"Get queue entry number",2235,2235,-,0,0.2,0,3,9,69,492,671,11,35
2026-10-03T03:49:36.705373045,"Submit visit queue entry",2243,2235,8,0.36,0.2,6,83,270,791,1787,3240,208,321
2026-10-03T03:49:36.705373045,"Create a patient list",3870,3870,-,0,0.34,2,77,228,584,1659,2878,165,247
2026-10-03T03:49:36.705373045,"Get all active Lab orders",12762,12762,-,0,1.13,3,250,551,1230,1409,3441,355,385
2026-10-03T03:49:36.705373045,"Get Lab Orders by full filler status",38286,38286,-,0,3.39,1,158,627,2982,3425,6669,575,910
2026-10-03T03:49:36.705373045,"Save an Allergy",4404,4404,-,0,0.39,6,149,427,1058,2233,3228,292,370
2026-10-03T03:49:36.705373045,"Get Clinical Form by UUID",1641,1641,-,0,0.15,3,85,163,494,1891,3191,136,191
2026-10-03T03:49:36.705373045,"Get Encounter Roles",1641,1641,-,0,0.15,0,18,46,271,850,1301,51,111
2026-10-03T03:49:36.705373045,"Get Latest FHIR Encounter",1641,1641,-,0,0.15,1,80,186,561,1423,2971,156,226
2026-10-03T03:49:36.705373045,"Get Encounter By UUID",1514,1514,-,0,0.13,3,75,161,456,936,1401,128,171
2026-10-03T03:49:36.705373045,"Get Order Entry Config",3991,3991,-,0,0.35,11,245,484,1093,3311,5072,337,379
2026-10-03T03:49:36.705373045,"Get ValueSet by UUID",11973,11973,-,0,1.06,4,141,511,1654,3430,7593,420,671
2026-10-03T03:49:36.705373045,"Get Medication Request by UUID",11973,11973,-,0,1.06,7,136,454,1367,3178,4887,324,477
2026-10-03T03:49:36.705373045,"Get Medication by UUID",3991,3991,-,0,0.35,1,19,56,371,1391,2075,66,136
2026-10-03T03:49:36.705373045,"Search Medication by Code",3991,3991,-,0,0.35,2,44,102,458,1625,2259,91,151
2026-10-03T03:49:36.705373045,"Get Locations Search Set",2550,2550,-,0,0.23,2,26,103,578,1883,3310,105,218
2026-10-03T03:49:36.705373045,"Change the session location",2550,2550,-,0,0.23,1,25,72,471,1853,2678,85,188
2026-10-03T03:49:36.705373045,"Get service concept set",2243,2243,-,0,0.2,1,16,48,434,1654,2079,67,157
2026-10-03T03:49:36.705373045,"Get patient list details",3870,3870,-,0,0.34,1,31,83,522,725,1735,93,177
2026-10-03T03:49:36.705373045,"Get Concept",68069,68069,-,0,6.03,2,85,161,558,2473,3895,133,179
2026-10-03T03:49:36.705373045,"Fetch members of patient list",3870,3870,-,0,0.34,1,22,54,277,509,1322,57,107
2026-10-03T03:49:36.705373045,"Submit new Service queue",2243,2243,-,0,0.2,4,61,179,759,1733,2252,165,277
2026-10-03T03:49:36.705373045,"Edit patient details",3382,3382,-,0,0.3,5,126,248,802,1000,3543,197,259
2026-10-03T03:49:36.705373045,"Update full filler status",8508,8508,-,0,0.75,3,80,160,465,1364,2809,130,188
2026-10-03T03:49:36.705373045,"Check Appointment Conflicts",1567,1567,-,0,0.14,3,53,138,545,1581,2759,130,234
2026-10-03T03:49:36.705373045,"Create Appointment",1567,1567,-,0,0.14,4,92,177,562,628,1646,133,169
2026-10-03T03:49:36.705373045,"Save a clinical form",1641,1641,-,0,0.15,11,319,889,2087,2819,6014,571,697
2026-10-03T03:49:36.705373045,"Get patient admission note",19672,19672,-,0,1.74,1,51,145,504,1118,3104,123,195
2026-10-03T03:49:36.705373045,"Submit transition request",2243,1858,385,17.16,0.2,5,77,253,786,1937,3113,187,286
2026-10-03T03:49:36.705373045,"End Visit",16184,15394,790,4.88,1.43,4,144,371,946,2194,4938,274,375
2026-10-03T03:49:36.705373045,"Generate OMRS Identifier",2924,2924,-,0,0.26,4,93,217,734,983,2805,170,242
2026-10-03T03:49:36.705373045,"Send Patient Registration Request",2924,2924,-,0,0.26,12,383,789,1749,2617,4570,537,572
2026-10-03T03:49:36.705373045,"Dispense medication form submission",3991,3991,-,0,0.35,14,290,1132,2890,5503,6749,710,968
2026-10-03T03:49:36.705373045,"Get Patient Encounters",1641,1641,-,0,0.15,5,826,1587,2820,3752,5709,1015,944
2026-10-03T03:49:36.705373045,"Get Lab Results of Patient",3282,3282,-,0,0.29,1,231,482,982,1482,3450,323,343
2026-10-03T03:49:36.705373045,"Get specific encounter details",4254,4254,-,0,0.38,2,47,116,387,930,2373,101,171
2026-10-03T03:49:36.705373045,"Get Alkaline concept details",4254,4254,-,0,0.38,1,28,67,287,843,1971,71,133
2026-10-03T03:49:36.705373045,"Update the specific encounter",4254,4254,-,0,0.38,10,233,588,1520,3544,4791,396,490
2026-10-03T03:49:36.705373045,"Update the Lab Order Completion",4254,4254,-,0,0.38,8,191,508,1471,1917,5788,355,492
2026-10-03T03:49:36.705373045,"Submit Appointment StatusChange",3134,3134,-,0,0.28,3,64,146,472,3071,4500,116,186
2026-10-03T03:49:36.705373045,"Get Visits With Diagnoses and Notes (new endpoint)",1641,1641,-,0,0.15,5,117,265,649,1369,2272,193,230
2026-10-03T03:49:36.705373045,"Close medication",3991,3991,-,0,0.35,7,113,357,996,2518,3844,261,372
2026-10-03T03:49:36.705373045,"Discontinue the drug order",3991,3991,-,0,0.35,10,170,469,1401,3254,4764,337,466
2026-10-03T03:49:36.705373045,"Get Drug Orders except the cancelled and expired",1641,1641,-,0,0.15,2,402,781,1375,2188,2968,491,487
2026-10-03T03:49:36.705373045,"Get Drug Orders except the discontinued orders",1641,1641,-,0,0.15,2,368,740,1376,2020,2922,473,482
2026-10-03T03:49:36.705373045,"Get Observation Tree Details",4923,4923,-,0,0.44,2,218,1155,4621,7418,12190,968,1641
2026-10-03T03:49:36.705373045,"Search for Condition",3282,3282,-,0,0.29,6,146,273,661,1008,3332,194,229
2026-10-03T03:49:36.705373045,"Save Conditions",1641,1641,-,0,0.15,4,73,228,787,1160,3050,177,274
2026-10-03T03:49:36.705373045,"Get Immunizations of Patient",4923,4923,-,0,0.44,1,97,811,3365,6223,9006,698,1305
2026-10-03T03:49:36.705373045,"Get all immunizations",1641,1641,-,0,0.15,4,81,169,525,1123,2112,142,203
2026-10-03T03:49:36.705373045,"Submit Patient immunization",1641,1632,9,0.55,0.15,24,522,1802,3941,5017,8341,1115,1340
2026-10-03T03:49:36.705373045,"Get Attachments of Patient",3282,3282,-,0,0.29,3,103,239,627,1176,2979,182,240
2026-10-03T03:49:36.705373045,"Get Allowed File Extensions",1641,1641,-,0,0.15,1,20,49,317,651,1392,62,126
2026-10-03T03:49:36.705373045,"Get Programs",3282,3282,-,0,0.29,4,109,214,594,824,1949,159,196
2026-10-03T03:49:36.705373045,"Add new program to patient",1641,1641,-,0,0.15,4,87,247,853,1490,3095,197,300
2026-10-03T03:49:36.705373045,"Complete the program",1641,1641,-,0,0.15,4,97,255,707,1565,2949,196,284
2026-10-03T03:49:36.705373045,"Upload Attachment Request",1641,1637,4,0.24,0.15,9,1642,4557,10769,16850,24754,3226,3674
2026-10-03T03:49:36.705373045,"Save Visit Note",1641,1641,-,0,0.15,8,206,631,1595,2191,5181,412,530
2026-10-03T03:49:36.705373045,"Save Patient Diagnosis",3282,3282,-,0,0.29,3,73,208,621,1321,2704,167,255
2026-10-02T03:52:07.041539653,"Login",22576,22576,-,0,2,4,98,257,1052,2521,7647,253,449
2026-10-02T03:52:07.041539653,"Get locations",25521,25521,-,0,2.26,23,594,955,2372,3391,9805,741,727
2026-10-02T03:52:07.041539653,"Select Location",22576,22576,-,0,2,1,33,109,858,3906,7776,166,402
2026-10-02T03:52:07.041539653,"Get Address Template",27557,27557,-,0,2.44,0,6,14,40,125,532,12,22
2026-10-02T03:52:07.041539653,"Get Relationship Types",27557,27557,-,0,2.44,1,34,68,598,801,5140,93,228
2026-10-02T03:52:07.041539653,"Get Appointments for Specific Date",22576,22576,-,0,2,1,31,71,346,1366,5774,94,235
2026-10-02T03:52:07.041539653,"Get Module Information",30733,30733,-,0,2.72,0,10,24,79,372,775,18,25
2026-10-02T03:52:07.041539653,"Get Patient Identifier Types",27557,27557,-,0,2.44,1,36,72,399,1245,5179,97,238
2026-10-02T03:52:07.041539653,"Get Primary Identifier Term Mapping",48354,48354,-,0,4.27,2,69,163,790,2103,8566,183,361
2026-10-02T03:52:07.041539653,"Get Identifier Source",50133,50133,-,0,4.43,2,49,119,823,1968,8026,158,345
2026-10-02T03:52:07.041539653,"Get Locations by Tag and Query",31613,31613,-,0,2.79,3,67,235,1305,5650,7456,224,446
2026-10-02T03:52:07.041539653,"Get Visits",23669,23669,-,0,2.09,5,437,782,1964,2786,8917,592,646
2026-10-02T03:52:07.041539653,"Get Auto Generation Options",27557,27557,-,0,2.44,5,127,624,1915,4083,10600,480,788
2026-10-02T03:52:07.041539653,"Get Queue Entry",28004,28004,-,0,2.48,2,1654,2915,5541,8090,17719,2037,1813
2026-10-02T03:52:07.041539653,"Get Visit Types",12213,12213,-,0,1.08,1,30,58,593,3735,4863,87,228
2026-10-02T03:52:07.041539653,"Get Current Visit of Patient",22148,22148,-,0,1.96,2,1148,2046,4066,6391,21207,1454,1382
2026-10-02T03:52:07.041539653,"Get Visits of Patient",23412,23412,-,0,2.07,2,729,1191,2317,3725,10635,866,785
2026-10-02T03:52:07.041539653,"Get Program Enrollments of Patient",14912,14912,-,0,1.32,2,159,347,1279,2122,7468,306,466
2026-10-02T03:52:07.041539653,"Get Visit Queue Entry",22111,22111,-,0,1.95,2,50,137,1000,1319,6745,171,367
2026-10-02T03:52:07.041539653,"Get Appointments of a Patient",12384,12384,-,0,1.09,1,27,52,515,815,6589,82,228
2026-10-02T03:52:07.041539653,"Get Patient Summary Data",24025,24025,-,0,2.12,3,80,162,815,2099,6796,194,365
2026-10-02T03:52:07.041539653,"Get Active Visits of Patient",243873,243873,-,0,21.56,2,46,114,735,1530,7403,145,328
2026-10-02T03:52:07.041539653,"Get isVisitsEnabled",16111,16111,-,0,1.42,1,41,101,828,1778,5491,155,355
2026-10-02T03:52:07.041539653,"Get the status of patient death",229842,229842,-,0,20.32,1,32,63,279,1232,6324,79,206
2026-10-02T03:52:07.041539653,"Get all the constraints on the vital concepts",16111,16111,-,0,1.42,3,70,131,819,3883,7793,178,358
2026-10-02T03:52:07.041539653,"Get Patient Observations",48265,48265,-,0,4.27,1,654,1470,2704,4320,9988,924,969
2026-10-02T03:52:07.041539653,"Get Patient Conditions",17738,17738,-,0,1.57,2,372,1103,2552,4112,10370,739,920
2026-10-02T03:52:07.041539653,"Get Active Orders",15210,15210,-,0,1.34,3,455,1043,2429,3392,9365,675,805
2026-10-02T03:52:07.041539653,"Get Admission Location Info",3362,3362,-,0,0.3,3,66,158,1116,1516,4588,195,392
2026-10-02T03:52:07.041539653,"Get Admission Info",3362,3362,-,0,0.3,20,443,821,1923,2892,5323,611,620
2026-10-02T03:52:07.041539653,"Get Inpatient Request",3362,3362,-,0,0.3,13,392,1763,10339,16086,22600,1956,3480
2026-10-02T03:52:07.041539653,"Get Orders of admitted patient by Activated Date",13254,13254,-,0,1.17,3,148,341,1490,1767,8885,293,463
2026-10-02T03:52:07.041539653,"Get Patients",4219,4219,-,0,0.37,8,1362,2618,4146,5617,8696,1617,1442
2026-10-02T03:52:07.041539653,"Submit Visit Form",11120,11073,47,0.42,0.98,6,153,554,1809,3174,9282,432,684
2026-10-02T03:52:07.041539653,"Get Locations That Support Visits",5312,5312,-,0,0.47,3,60,113,863,4511,6465,152,339
2026-10-02T03:52:07.041539653,"Get Beds for Patient",3362,3362,-,0,0.3,2,44,90,530,1763,3860,125,281
2026-10-02T03:52:07.041539653,"Save Ward Encounter",8405,8405,-,0,0.74,9,313,1338,5241,9923,24749,1118,1931
2026-10-02T03:52:07.041539653,"Get Order Types",2461,2461,-,0,0.22,1,27,52,393,1689,3704,82,226
2026-10-02T03:52:07.041539653,"Save Vitals",3328,3328,-,0,0.29,51,2768,6616,13238,17422,28188,4128,4378
2026-10-02T03:52:07.041539653,"Get Vitals concept reference ranges",3362,3362,-,0,0.3,13,291,1053,3801,4849,10952,815,1208
2026-10-02T03:52:07.041539653,"Get Specific Visit Details",12791,12791,-,0,1.13,3,84,162,871,3584,6195,189,352
2026-10-02T03:52:07.041539653,"Search for Drug",4922,4922,-,0,0.44,1,28,58,641,2203,5191,116,294
2026-10-02T03:52:07.041539653,"Get Transfer Locations configuration data",3362,3362,-,0,0.3,46,1141,5069,12374,16225,22925,3169,3992
2026-10-02T03:52:07.041539653,"Save Drug Order",2461,2461,-,0,0.22,27,704,1988,5167,8722,15848,1434,1857
2026-10-02T03:52:07.041539653,"Get Transferable locations",3362,3362,-,0,0.3,29,629,1100,2239,3675,7033,769,743
2026-10-02T03:52:07.041539653,"Get Allergies of Patient",3328,3328,-,0,0.29,1,236,444,1358,2535,5469,381,523
2026-10-02T03:52:07.041539653,"Get Drug Allergens",3328,3328,-,0,0.29,20,587,816,1420,2298,5802,618,493
2026-10-02T03:52:07.041539653,"Get Environment Allergens",3328,3328,-,0,0.29,16,475,681,1427,2629,5709,527,464
2026-10-02T03:52:07.041539653,"Get Food Allergens",3328,3328,-,0,0.29,9,234,380,1241,1843,5867,332,431
2026-10-02T03:52:07.041539653,"Get Allergic Reactions Allergens",3328,3328,-,0,0.29,12,322,498,1215,2429,5546,408,436
2026-10-02T03:52:07.041539653,"Get the details of a orderType",3176,3176,-,0,0.28,1,41,118,732,1858,4329,158,341
2026-10-02T03:52:07.041539653,"Get all Lab order details",3176,3176,-,0,0.28,10,326,477,1145,2020,4416,395,425
2026-10-02T03:52:07.041539653,"Add a lab order",3176,3176,-,0,0.28,16,697,1918,4679,6667,13072,1316,1601
2026-10-02T03:52:07.041539653,"Get medication request encounters",7383,7383,-,0,0.65,45,3614,16292,37767,49187,76126,10308,12684
2026-10-02T03:52:07.041539653,"Get patient age",48806,48806,-,0,4.31,1,41,71,522,744,5945,89,208
2026-10-02T03:52:07.041539653,"Get All Form Encounters",1264,1264,-,0,0.11,3,581,1336,3036,5359,8210,933,1064
2026-10-02T03:52:07.041539653,"Get All Forms",1264,1264,-,0,0.11,7,263,932,2470,3958,7834,665,938
2026-10-02T03:52:07.041539653,"Get all patient lists",12588,12588,-,0,1.11,3,611,1215,2174,3628,10953,772,774
2026-10-02T03:52:07.041539653,"Get All Appointment Services(full)",3279,3279,-,0,0.29,2,48,108,938,1448,6175,154,344
2026-10-02T03:52:07.041539653,"Get Person Attribute Type",4981,4981,-,0,0.44,1,36,70,443,1360,4412,97,230
2026-10-02T03:52:07.041539653,"Get all appointments for a specific day",2186,2186,-,0,0.19,5,85,170,755,2000,3397,182,311
2026-10-02T03:52:07.041539653,"Get Ordered Address Hierarchy Levels",4981,4981,-,0,0.44,1,21,44,364,1403,3768,79,215
2026-10-02T03:52:07.041539653,"Get all appointment summaries",2186,2186,-,0,0.19,7,146,394,1409,2000,5726,336,519
2026-10-02T03:52:07.041539653,"Get Appointment By Status",8744,8744,-,0,0.77,1,36,90,670,1030,5265,112,265
2026-10-02T03:52:07.041539653,"Get all default appointment services",2186,2186,-,0,0.19,2,44,96,661,1657,3494,139,299
2026-10-02T03:52:07.041539653,"Get all visits of the given location with date",2186,2186,-,0,0.19,10,1719,3102,5012,6443,11171,1980,1652
2026-10-02T03:52:07.041539653,"Get Patient Allergy Intolerance",2461,2461,-,0,0.22,1,162,344,1322,2334,6422,304,489
2026-10-02T03:52:07.041539653,"Get Specific Medication Requests",9844,9844,-,0,0.87,21,554,2225,6235,9934,25686,1556,2217
2026-10-02T03:52:07.041539653,"Get Encounter With Visit and Diagnoses",2461,2461,-,0,0.22,3,83,161,855,1361,5883,174,341
2026-10-02T03:52:07.041539653,"Get patient identification photo",217093,217093,-,0,19.19,2,55,148,1137,6487,10717,184,397
2026-10-02T03:52:07.041539653,"Get All Providers",6015,6015,-,0,0.53,1,37,99,510,1572,4367,118,270
2026-10-02T03:52:07.041539653,"Get Person Attributes",2552,2552,-,0,0.23,2,44,75,460,1335,4487,98,221
2026-10-02T03:52:07.041539653,"Get Patient Identifiers",2552,2552,-,0,0.23,2,56,121,795,1621,6555,166,357
2026-10-02T03:52:07.041539653,"Get Relationships of Person",2552,2552,-,0,0.23,2,60,135,1066,1521,5197,178,383
2026-10-02T03:52:07.041539653,"Create a patient list",3147,3147,-,0,0.28,4,139,479,1574,3506,7333,403,654
2026-10-02T03:52:07.041539653,"Get queue entry number",1439,1439,-,0,0.13,0,5,13,37,83,279,10,16
2026-10-02T03:52:07.041539653,"Submit visit queue entry",1445,1439,6,0.42,0.13,12,235,707,1917,3811,6222,524,729
2026-10-02T03:52:07.041539653,"Save an Allergy",3328,3328,-,0,0.29,11,339,1026,2439,4844,9771,717,948
2026-10-02T03:52:07.041539653,"Get all active Lab orders",9528,9528,-,0,0.84,3,513,1034,2382,3111,9995,730,772
2026-10-02T03:52:07.041539653,"Get Lab Orders by full filler status",28584,28584,-,0,2.53,2,354,1863,5686,6500,12175,1292,1825
2026-10-02T03:52:07.041539653,"Get Clinical Form by UUID",1264,1264,-,0,0.11,7,164,373,1231,2397,5108,333,487
2026-10-02T03:52:07.041539653,"Get Encounter Roles",1264,1264,-,0,0.11,1,32,60,500,2703,4870,96,272
2026-10-02T03:52:07.041539653,"Get Latest FHIR Encounter",1264,1264,-,0,0.11,2,141,438,1391,2625,4179,354,518
2026-10-02T03:52:07.041539653,"Get Encounter By UUID",1136,1136,-,0,0.1,7,156,305,1086,2142,4759,294,421
2026-10-02T03:52:07.041539653,"Get Order Entry Config",2461,2461,-,0,0.22,22,648,1129,2445,5775,11190,826,905
2026-10-02T03:52:07.041539653,"Get ValueSet by UUID",7383,7383,-,0,0.65,8,353,1335,4743,8475,16908,1078,1712
2026-10-02T03:52:07.041539653,"Get Medication Request by UUID",7383,7383,-,0,0.65,15,297,1212,3835,5999,14578,920,1363
2026-10-02T03:52:07.041539653,"Get patient list details",3147,3147,-,0,0.28,2,57,147,1050,1619,5115,193,394
2026-10-02T03:52:07.041539653,"Fetch members of patient list",3147,3147,-,0,0.28,2,42,77,558,1413,4154,111,255
2026-10-02T03:52:07.041539653,"Get Medication by UUID",2461,2461,-,0,0.22,2,31,75,741,1042,4777,114,279
2026-10-02T03:52:07.041539653,"Search Medication by Code",2461,2461,-,0,0.22,5,90,165,1063,1749,6047,206,397
2026-10-02T03:52:07.041539653,"Get service concept set",1445,1445,-,0,0.13,2,35,72,889,2657,3536,133,318
2026-10-02T03:52:07.041539653,"Get Concept",45053,45053,-,0,3.98,4,178,328,1140,1759,8561,298,408
2026-10-02T03:52:07.041539653,"Submit new Service queue",1445,1445,-,0,0.13,7,140,466,2040,4273,7758,412,703
2026-10-02T03:52:07.041539653,"Get Locations Search Set",1681,1681,-,0,0.15,4,60,271,1246,2745,4890,264,517
2026-10-02T03:52:07.041539653,"Change the session location",1681,1681,-,0,0.15,3,46,170,1102,2451,4836,214,458
2026-10-02T03:52:07.041539653,"Edit patient details",2552,2552,-,0,0.23,9,266,552,1677,3658,7085,466,655
2026-10-02T03:52:07.041539653,"Check Appointment Conflicts",1093,1093,-,0,0.1,6,111,305,1403,2229,4194,292,494
2026-10-02T03:52:07.041539653,"Create Appointment",1093,1093,-,0,0.1,9,175,270,774,1861,3430,237,309
2026-10-02T03:52:07.041539653,"Update full filler status",6352,6352,-,0,0.56,6,153,273,1099,1801,5814,270,407
2026-10-02T03:52:07.041539653,"Submit transition request",1445,1296,149,10.31,0.13,9,198,580,1820,3353,6074,445,659
2026-10-02T03:52:07.041539653,"End Visit",11073,10783,290,2.62,0.98,7,311,869,2588,4016,10442,645,868
2026-10-02T03:52:07.041539653,"Get patient admission note",15024,15024,-,0,1.33,3,91,359,1235,2707,8099,313,522
2026-10-02T03:52:07.041539653,"Save a clinical form",1264,1264,-,0,0.11,22,1111,2707,6001,8827,11824,1806,2017
2026-10-02T03:52:07.041539653,"Generate OMRS Identifier",2429,2429,-,0,0.21,6,153,357,1343,2356,6202,335,514
2026-10-02T03:52:07.041539653,"Send Patient Registration Request",2429,2429,-,0,0.21,18,1039,1928,3854,6032,10724,1360,1290
2026-10-02T03:52:07.041539653,"Dispense medication form submission",2461,2461,-,0,0.22,28,572,2764,7250,11811,21467,1867,2519
2026-10-02T03:52:07.041539653,"Get Patient Encounters",1264,1264,-,0,0.11,10,2006,3212,5031,7076,10921,2200,1645
2026-10-02T03:52:07.041539653,"Get Lab Results of Patient",2528,2528,-,0,0.22,2,480,941,1988,3233,6442,666,679
2026-10-02T03:52:07.041539653,"Submit Appointment StatusChange",2186,2186,-,0,0.19,6,136,287,1246,2829,4965,296,500
2026-10-02T03:52:07.041539653,"Get specific encounter details",3176,3176,-,0,0.28,4,91,180,944,2464,8599,214,407
2026-10-02T03:52:07.041539653,"Get Alkaline concept details",3176,3176,-,0,0.28,2,57,119,788,2198,5072,172,367
2026-10-02T03:52:07.041539653,"Update the specific encounter",3176,3176,-,0,0.28,19,607,1608,3864,6167,10458,1110,1304
2026-10-02T03:52:07.041539653,"Update the Lab Order Completion",3176,3176,-,0,0.28,14,485,1328,3618,6030,11074,976,1235
2026-10-02T03:52:07.041539653,"Get Visits With Diagnoses and Notes (new endpoint)",1264,1264,-,0,0.11,7,241,526,1433,2943,4925,425,532
2026-10-02T03:52:07.041539653,"Close medication",2461,2461,-,0,0.22,12,211,819,2788,6599,10434,675,1066
2026-10-02T03:52:07.041539653,"Discontinue the drug order",2461,2461,-,0,0.22,18,368,1009,2720,5709,9353,754,1037
2026-10-02T03:52:07.041539653,"Get Drug Orders except the cancelled and expired",1264,1264,-,0,0.11,5,695,1191,2414,4276,7207,868,855
2026-10-02T03:52:07.041539653,"Get Drug Orders except the discontinued orders",1264,1264,-,0,0.11,4,694,1274,2506,4493,9144,905,926
2026-10-02T03:52:07.041539653,"Get Observation Tree Details",3792,3792,-,0,0.34,4,782,4711,16084,23759,31191,3430,5348
2026-10-02T03:52:07.041539653,"Search for Condition",2528,2528,-,0,0.22,11,319,505,1506,3061,8491,452,551
2026-10-02T03:52:07.041539653,"Save Conditions",1264,1264,-,0,0.11,6,146,555,1778,3419,6914,451,705
2026-10-02T03:52:07.041539653,"Get Immunizations of Patient",3792,3792,-,0,0.34,2,211,2027,9006,15314,25059,1766,3203
2026-10-02T03:52:07.041539653,"Get all immunizations",1264,1264,-,0,0.11,7,196,361,1222,2091,4584,334,458
2026-10-02T03:52:07.041539653,"Submit Patient immunization",1264,1257,7,0.55,0.11,36,2320,5725,11217,13879,20914,3563,3719
2026-10-02T03:52:07.041539653,"Get Attachments of Patient",2528,2528,-,0,0.22,5,203,466,1486,2740,6763,394,570
2026-10-02T03:52:07.041539653,"Get Allowed File Extensions",1264,1264,-,0,0.11,1,36,71,444,1266,3379,96,220
2026-10-02T03:52:07.041539653,"Get Programs",2528,2528,-,0,0.22,8,224,385,1100,2268,5380,333,416
2026-10-02T03:52:07.041539653,"Add new program to patient",1264,1264,-,0,0.11,7,195,678,2218,4019,7104,517,779
2026-10-02T03:52:07.041539653,"Complete the program",1264,1264,-,0,0.11,8,188,545,1824,3336,5732,446,654
2026-10-02T03:52:07.041539653,"Upload Attachment Request",1264,1263,1,0.08,0.11,241,8942,15986,26497,34821,51126,10408,8816
2026-10-02T03:52:07.041539653,"Save Visit Note",1264,1264,-,0,0.11,14,581,1668,3830,6013,8445,1121,1342
2026-10-02T03:52:07.041539653,"Save Patient Diagnosis",2528,2528,-,0,0.22,5,142,504,1633,3082,8969,412,683
2026-10-01T04:00:41.179456654,"Login",23583,23583,-,0,2.08,4,81,207,608,975,3708,162,229
2026-10-01T04:00:41.179456654,"Get locations",26822,26822,-,0,2.37,13,301,534,959,1314,3581,366,308
2026-10-01T04:00:41.179456654,"Select Location",23583,23583,-,0,2.08,2,35,144,477,1580,3316,112,195
2026-10-01T04:00:41.179456654,"Get Address Template",28704,28704,-,0,2.54,1,16,46,339,2085,2871,53,119
2026-10-01T04:00:41.179456654,"Get Relationship Types",28704,28704,-,0,2.54,2,32,81,401,489,3190,80,148
2026-10-01T04:00:41.179456654,"Get Appointments for Specific Date",23583,23583,-,0,2.08,1,26,77,305,412,2468,68,121
2026-10-01T04:00:41.179456654,"Get Module Information",31567,31567,-,0,2.79,1,23,52,316,2175,2751,57,121
2026-10-01T04:00:41.179456654,"Get Patient Identifier Types",28704,28704,-,0,2.54,1,33,79,281,894,3613,81,155
2026-10-01T04:00:41.179456654,"Get Primary Identifier Term Mapping",50714,50714,-,0,4.48,2,52,130,447,1130,3700,115,185
2026-10-01T04:00:41.179456654,"Get Identifier Source",52287,52287,-,0,4.62,2,43,113,381,995,4382,104,178
2026-10-01T04:00:41.179456654,"Get Locations by Tag and Query",33645,33645,-,0,2.97,3,57,170,616,2443,4027,131,204
2026-10-01T04:00:41.179456654,"Get Visits",24760,24760,-,0,2.19,7,895,2174,4087,6645,9560,1353,1394
2026-10-01T04:00:41.179456654,"Get Auto Generation Options",28704,28704,-,0,2.54,4,95,314,807,1378,4490,218,301
2026-10-01T04:00:41.179456654,"Get Queue Entry",29365,29365,-,0,2.6,2,1679,2919,6513,9446,17413,2159,2051
2026-10-01T04:00:41.179456654,"Get Visit Types",12925,12925,-,0,1.14,2,28,75,305,1247,3372,76,154
2026-10-01T04:00:41.179456654,"Get Current Visit of Patient",22982,22982,-,0,2.03,3,1789,4446,10023,14506,30701,3015,3388
2026-10-01T04:00:41.179456654,"Get Visits of Patient",24334,24334,-,0,2.15,3,906,1915,3496,4822,10323,1238,1159
2026-10-01T04:00:41.179456654,"Get Program Enrollments of Patient",15804,15804,-,0,1.4,2,118,280,718,2390,3725,196,240
2026-10-01T04:00:41.179456654,"Get Visit Queue Entry",22803,22803,-,0,2.02,2,42,133,545,2447,3339,108,182
2026-10-01T04:00:41.179456654,"Get Appointments of a Patient",13100,13100,-,0,1.16,1,23,59,329,2095,2948,60,120
2026-10-01T04:00:41.179456654,"Get Patient Summary Data",25170,25170,-,0,2.23,3,56,125,390,1349,3444,107,162
2026-10-01T04:00:41.179456654,"Get Active Visits of Patient",265078,265078,-,0,23.44,2,42,123,397,1052,4650,103,181
2026-10-01T04:00:41.179456654,"Get isVisitsEnabled",16494,16494,-,0,1.46,2,34,106,397,1328,2904,95,172
2026-10-01T04:00:41.179456654,"Get the status of patient death",249913,249913,-,0,22.09,1,30,75,358,412,4335,72,137
2026-10-01T04:00:41.179456654,"Get all the constraints on the vital concepts",16494,16494,-,0,1.46,3,54,135,528,706,3400,114,179
2026-10-01T04:00:41.179456654,"Get Patient Observations",48702,48702,-,0,4.31,1,543,2102,5278,6883,14233,1342,1766
2026-10-01T04:00:41.179456654,"Get Patient Conditions",18358,18358,-,0,1.62,1,358,1415,5151,7975,16739,1124,1770
2026-10-01T04:00:41.179456654,"Get Active Orders",15654,15654,-,0,1.38,4,291,1065,3478,4251,9500,783,1097
2026-10-01T04:00:41.179456654,"Get Admission Location Info",3774,3774,-,0,0.33,4,57,138,552,770,2291,122,188
2026-10-01T04:00:41.179456654,"Get Admission Info",3774,3774,-,0,0.33,17,370,945,1958,3637,6984,621,711
2026-10-01T04:00:41.179456654,"Get Inpatient Request",3774,3774,-,0,0.33,11,482,2018,18554,25147,34440,3111,6056
2026-10-01T04:00:41.179456654,"Get Orders of admitted patient by Activated Date",14881,14881,-,0,1.32,3,113,282,713,1178,3624,206,259
2026-10-01T04:00:41.179456654,"Get Patients",4599,4599,-,0,0.41,16,2648,6415,11174,13491,17020,3823,3751
2026-10-01T04:00:41.179456654,"Submit Visit Form",11748,11704,44,0.37,1.04,5,126,325,805,1879,3856,231,297
2026-10-01T04:00:41.179456654,"Get Locations That Support Visits",5776,5776,-,0,0.51,3,50,116,459,2475,4149,103,170
2026-10-01T04:00:41.179456654,"Get Beds for Patient",3774,3774,-,0,0.33,2,39,98,360,700,1931,89,150
2026-10-01T04:00:41.179456654,"Save Ward Encounter",9435,9435,-,0,0.83,9,268,746,1989,3977,9107,537,728
2026-10-01T04:00:41.179456654,"Get Order Types",2934,2934,-,0,0.26,2,29,78,433,1430,2216,83,166
2026-10-01T04:00:41.179456654,"Save Vitals",3384,3384,-,0,0.3,37,1250,2619,4575,5752,9152,1652,1519
2026-10-01T04:00:41.179456654,"Get Vitals concept reference ranges",3774,3774,-,0,0.33,11,222,528,1323,2692,4238,391,471
2026-10-01T04:00:41.179456654,"Search for Drug",5868,5868,-,0,0.52,1,29,92,371,1179,2282,84,159
2026-10-01T04:00:41.179456654,"Save Drug Order",2934,2934,-,0,0.26,26,574,1162,2263,3386,7045,780,749
2026-10-01T04:00:41.179456654,"Get Specific Visit Details",13349,13349,-,0,1.18,4,86,208,595,1502,5131,165,232
2026-10-01T04:00:41.179456654,"Get Transfer Locations configuration data",3774,3774,-,0,0.33,41,974,2563,5026,6087,10643,1588,1622
2026-10-01T04:00:41.179456654,"Get Transferable locations",3774,3774,-,0,0.33,26,269,507,889,1455,3936,337,299
2026-10-01T04:00:41.179456654,"Get Allergies of Patient",3384,3384,-,0,0.3,1,225,676,1587,2296,4312,443,536
2026-10-01T04:00:41.179456654,"Get Drug Allergens",3384,3384,-,0,0.3,17,350,520,979,1374,4282,379,302
2026-10-01T04:00:41.179456654,"Get Environment Allergens",3384,3384,-,0,0.3,15,286,439,809,1094,2600,322,265
2026-10-01T04:00:41.179456654,"Get Food Allergens",3384,3384,-,0,0.3,8,153,279,669,1070,3264,211,222
2026-10-01T04:00:41.179456654,"Get Allergic Reactions Allergens",3384,3384,-,0,0.3,10,195,328,708,1072,2282,252,236
2026-10-01T04:00:41.179456654,"Get All Form Encounters",1352,1352,-,0,0.12,4,434,922,1702,2287,3025,597,550
2026-10-01T04:00:41.179456654,"Get All Forms",1352,1352,-,0,0.12,5,171,448,1063,2170,4381,318,409
2026-10-01T04:00:41.179456654,"Get medication request encounters",8802,8802,-,0,0.78,33,3742,8657,14760,18943,26505,5195,4996
2026-10-01T04:00:41.179456654,"Get patient age",58297,58297,-,0,5.15,2,40,92,317,851,3242,87,153
2026-10-01T04:00:41.179456654,"Get the details of a orderType",2863,2863,-,0,0.25,2,34,102,444,763,2865,91,169
2026-10-01T04:00:41.179456654,"Get all Lab order details",2863,2863,-,0,0.25,11,192,284,690,948,2781,225,221
2026-10-01T04:00:41.179456654,"Add a lab order",2863,2863,-,0,0.25,16,327,777,1686,2734,4499,535,586
2026-10-01T04:00:41.179456654,"Get All Appointment Services(full)",3531,3531,-,0,0.31,2,39,95,313,760,1937,85,138
2026-10-01T04:00:41.179456654,"Get all patient lists",13320,13320,-,0,1.18,3,375,841,1442,2004,3465,516,490
2026-10-01T04:00:41.179456654,"Get all appointments for a specific day",2354,2354,-,0,0.21,2,25,73,260,481,1181,61,99
2026-10-01T04:00:41.179456654,"Get all appointment summaries",2354,2354,-,0,0.21,7,124,290,605,1145,1990,198,224
2026-10-01T04:00:41.179456654,"Get Person Attribute Type",5121,5121,-,0,0.45,2,32,81,358,1127,2011,84,158
2026-10-01T04:00:41.179456654,"Get Ordered Address Hierarchy Levels",5121,5121,-,0,0.45,1,13,27,197,1768,2302,34,84
2026-10-01T04:00:41.179456654,"Get Appointment By Status",9416,9416,-,0,0.83,2,37,114,426,724,2407,97,165
2026-10-01T04:00:41.179456654,"Get all default appointment services",2354,2354,-,0,0.21,2,39,98,359,1195,1825,88,153
2026-10-01T04:00:41.179456654,"Get all visits of the given location with date",2354,2354,-,0,0.21,14,1872,3590,6232,8043,10815,2325,2040
2026-10-01T04:00:41.179456654,"Get patient identification photo",237193,237193,-,0,20.97,2,50,132,445,818,4442,115,192
2026-10-01T04:00:41.179456654,"Get Patient Allergy Intolerance",2934,2934,-,0,0.26,1,169,590,1520,2325,5109,390,510
2026-10-01T04:00:41.179456654,"Get Specific Medication Requests",11736,11736,-,0,1.04,16,486,1206,2997,3547,7233,826,919
2026-10-01T04:00:41.179456654,"Get Person Attributes",2518,2518,-,0,0.22,2,38,79,383,689,2514,83,153
2026-10-01T04:00:41.179456654,"Get Patient Identifiers",2518,2518,-,0,0.22,2,46,115,527,761,2702,109,192
2026-10-01T04:00:41.179456654,"Get Relationships of Person",2518,2518,-,0,0.22,2,51,121,387,724,2280,110,176
2026-10-01T04:00:41.179456654,"Get Encounter With Visit and Diagnoses",2934,2934,-,0,0.26,4,71,175,573,851,2677,135,193
2026-10-01T04:00:41.179456654,"Get All Providers",7045,7045,-,0,0.62,3,79,266,840,1154,3652,194,294
2026-10-01T04:00:41.179456654,"Create a patient list",3330,3330,-,0,0.29,6,114,305,842,1205,4800,221,300
2026-10-01T04:00:41.179456654,"Get queue entry number",1529,1529,-,0,0.14,1,8,20,154,401,983,26,75
2026-10-01T04:00:41.179456654,"Submit visit queue entry",1535,1529,6,0.39,0.14,12,205,573,1246,2438,4101,383,448
2026-10-01T04:00:41.179456654,"Save an Allergy",3384,3384,-,0,0.3,11,255,565,1237,2009,3894,390,423
2026-10-01T04:00:41.179456654,"Get Clinical Form by UUID",1352,1352,-,0,0.12,6,127,233,565,1167,2005,186,211
2026-10-01T04:00:41.179456654,"Get Encounter Roles",1352,1352,-,0,0.12,2,35,87,444,817,2347,88,171
2026-10-01T04:00:41.179456654,"Get Latest FHIR Encounter",1352,1352,-,0,0.12,2,131,304,735,1466,2405,224,276
2026-10-01T04:00:41.179456654,"Get Encounter By UUID",1224,1224,-,0,0.11,7,163,331,715,1103,1855,243,245
2026-10-01T04:00:41.179456654,"Get all active Lab orders",8589,8589,-,0,0.76,7,643,1783,3667,5083,11905,1144,1294
2026-10-01T04:00:41.179456654,"Get Lab Orders by full filler status",25767,25767,-,0,2.28,3,320,1946,11607,12836,21019,1959,3429
2026-10-01T04:00:41.179456654,"Get Order Entry Config",2934,2934,-,0,0.26,19,404,652,1222,1767,3959,479,427
2026-10-01T04:00:41.179456654,"Get ValueSet by UUID",8802,8802,-,0,0.78,6,257,757,1965,2917,6840,534,679
2026-10-01T04:00:41.179456654,"Get Medication Request by UUID",8802,8802,-,0,0.78,11,296,722,1507,2615,5832,490,558
2026-10-01T04:00:41.179456654,"Get Medication by UUID",2934,2934,-,0,0.26,1,22,46,267,442,1073,53,104
2026-10-01T04:00:41.179456654,"Get patient list details",3330,3330,-,0,0.29,3,53,147,520,921,2447,125,195
2026-10-01T04:00:41.179456654,"Fetch members of patient list",3330,3330,-,0,0.29,2,48,146,488,1440,2652,124,205
2026-10-01T04:00:41.179456654,"Search Medication by Code",2934,2934,-,0,0.26,4,60,115,449,685,2496,103,156
2026-10-01T04:00:41.179456654,"Get service concept set",1535,1535,-,0,0.14,2,33,84,377,1444,2470,88,163
2026-10-01T04:00:41.179456654,"Get Concept",47755,47755,-,0,4.22,4,130,259,622,2576,4369,199,225
2026-10-01T04:00:41.179456654,"Submit new Service queue",1535,1535,-,0,0.14,8,121,347,1004,1683,2781,262,353
2026-10-01T04:00:41.179456654,"Get Locations Search Set",1887,1887,-,0,0.17,3,40,119,441,1316,2058,107,182
2026-10-01T04:00:41.179456654,"Change the session location",1887,1887,-,0,0.17,3,41,144,481,1993,2902,128,220
2026-10-01T04:00:41.179456654,"Edit patient details",2518,2518,-,0,0.22,10,196,403,925,1864,4111,303,347
2026-10-01T04:00:41.179456654,"Check Appointment Conflicts",1177,1177,-,0,0.1,5,83,210,611,908,2153,163,222
2026-10-01T04:00:41.179456654,"Create Appointment",1177,1177,-,0,0.1,9,155,294,627,1226,2586,220,238
2026-10-01T04:00:41.179456654,"Submit transition request",1535,1404,131,8.53,0.14,9,156,389,877,1921,2755,268,312
2026-10-01T04:00:41.179456654,"End Visit",11704,11412,292,2.49,1.03,7,241,598,1179,2525,4424,392,416
2026-10-01T04:00:41.179456654,"Save a clinical form",1352,1352,-,0,0.12,17,627,1205,2288,3098,5470,799,756
2026-10-01T04:00:41.179456654,"Update full filler status",5726,5726,-,0,0.51,6,107,209,579,2429,4646,165,201
2026-10-01T04:00:41.179456654,"Generate OMRS Identifier",2603,2603,-,0,0.23,7,126,262,638,1252,2751,204,236
2026-10-01T04:00:41.179456654,"Send Patient Registration Request",2603,2603,-,0,0.23,19,530,873,1646,2628,3975,633,525
2026-10-01T04:00:41.179456654,"Get patient admission note",17082,17082,-,0,1.51,3,101,245,624,1307,3760,185,240
2026-10-01T04:00:41.179456654,"Dispense medication form submission",2934,2934,-,0,0.26,23,537,1433,2798,4329,6638,903,981
2026-10-01T04:00:41.179456654,"Get Patient Encounters",1352,1352,-,0,0.12,11,3544,6108,9249,10789,13504,3813,3021
2026-10-01T04:00:41.179456654,"Get Lab Results of Patient",2704,2704,-,0,0.24,1,464,1094,2940,4695,7642,796,964
2026-10-01T04:00:41.179456654,"Submit Appointment StatusChange",2354,2354,-,0,0.21,7,133,296,923,1110,3607,226,296
2026-10-01T04:00:41.179456654,"Get specific encounter details",2863,2863,-,0,0.25,5,76,197,680,1154,3781,157,236
2026-10-01T04:00:41.179456654,"Get Alkaline concept details",2863,2863,-,0,0.25,3,44,109,390,803,2023,98,153
2026-10-01T04:00:41.179456654,"Update the specific encounter",2863,2863,-,0,0.25,18,319,733,1417,2157,4123,496,506
2026-10-01T04:00:41.179456654,"Update the Lab Order Completion",2863,2863,-,0,0.25,15,292,664,1334,2339,4295,444,477
2026-10-01T04:00:41.179456654,"Get Visits With Diagnoses and Notes (new endpoint)",1352,1352,-,0,0.12,10,332,670,1322,2217,4088,459,475
2026-10-01T04:00:41.179456654,"Close medication",2934,2934,-,0,0.26,11,185,508,1144,1921,3341,342,402
2026-10-01T04:00:41.179456654,"Discontinue the drug order",2934,2934,-,0,0.26,18,327,733,1429,2370,4591,491,496
2026-10-01T04:00:41.179456654,"Get Drug Orders except the cancelled and expired",1352,1352,-,0,0.12,5,811,1872,3891,5497,8263,1221,1294
2026-10-01T04:00:41.179456654,"Get Drug Orders except the discontinued orders",1352,1352,-,0,0.12,4,832,1823,3723,5381,7094,1199,1255
2026-10-01T04:00:41.179456654,"Get Observation Tree Details",4056,4056,-,0,0.36,4,464,2071,5410,7791,11097,1366,1848
2026-10-01T04:00:41.179456654,"Search for Condition",2704,2704,-,0,0.24,11,214,331,706,1245,2411,260,234
2026-10-01T04:00:41.179456654,"Save Conditions",1352,1352,-,0,0.12,6,103,260,714,1186,2469,202,260
2026-10-01T04:00:41.179456654,"Get Immunizations of Patient",4056,4056,-,0,0.36,2,144,1141,4034,6252,9476,856,1396
2026-10-01T04:00:41.179456654,"Get all immunizations",1352,1352,-,0,0.12,7,130,255,620,1248,1988,199,232
2026-10-01T04:00:41.179456654,"Submit Patient immunization",1352,1346,6,0.44,0.12,37,1225,2386,3913,4847,7546,1478,1316
2026-10-01T04:00:41.179456654,"Get Attachments of Patient",2704,2704,-,0,0.24,5,150,323,741,1407,2949,236,273
2026-10-01T04:00:41.179456654,"Get Allowed File Extensions",1352,1352,-,0,0.12,2,36,93,405,962,1917,91,166
2026-10-01T04:00:41.179456654,"Get Programs",2704,2704,-,0,0.24,7,167,346,704,1243,2580,239,242
2026-10-01T04:00:41.179456654,"Add new program to patient",1352,1352,-,0,0.12,7,160,394,955,1570,3115,276,321
2026-10-01T04:00:41.179456654,"Complete the program",1352,1352,-,0,0.12,8,152,373,979,1728,3618,273,338
2026-10-01T04:00:41.179456654,"Upload Attachment Request",1352,1349,3,0.22,0.12,11,2465,6174,11540,15242,18942,4084,3609
2026-10-01T04:00:41.179456654,"Save Visit Note",1352,1352,-,0,0.12,14,386,844,1654,2593,5480,563,590
2026-10-01T04:00:41.179456654,"Save Patient Diagnosis",2704,2704,-,0,0.24,5,122,299,725,1205,3622,226,283
2026-09-30T03:54:24.382546453,"Login",21406,21406,-,0,1.89,5,102,257,710,1621,5077,208,299
2026-09-30T03:54:24.382546453,"Get locations",24293,24293,-,0,2.15,24,430,624,1125,2195,5087,475,373
2026-09-30T03:54:24.382546453,"Select Location",21406,21406,-,0,1.89,2,46,174,785,3281,4244,148,263
2026-09-30T03:54:24.382546453,"Get Address Template",26159,26159,-,0,2.31,1,21,55,367,650,3175,66,151
2026-09-30T03:54:24.382546453,"Get Relationship Types",26159,26159,-,0,2.31,2,42,103,425,1285,3567,103,191
2026-09-30T03:54:24.382546453,"Get Appointments for Specific Date",21406,21406,-,0,1.89,2,31,93,300,901,4503,83,156
2026-09-30T03:54:24.382546453,"Get Module Information",28701,28701,-,0,2.54,1,28,64,281,947,3846,73,158
2026-09-30T03:54:24.382546453,"Get Patient Identifier Types",26159,26159,-,0,2.31,2,43,107,429,1909,3486,104,198
2026-09-30T03:54:24.382546453,"Get Primary Identifier Term Mapping",45921,45921,-,0,4.06,3,69,165,586,2027,5853,148,241
2026-09-30T03:54:24.382546453,"Get Identifier Source",47565,47565,-,0,4.2,2,54,145,511,1393,4623,133,232
2026-09-30T03:54:24.382546453,"Get Locations by Tag and Query",30318,30318,-,0,2.68,3,71,218,751,3073,4935,167,262
2026-09-30T03:54:24.382546453,"Get Visits",22451,22451,-,0,1.98,8,1260,2775,4995,9739,14782,1757,1735
2026-09-30T03:54:24.382546453,"Get Auto Generation Options",26159,26159,-,0,2.31,5,126,392,1167,1497,4457,288,391
2026-09-30T03:54:24.382546453,"Get Queue Entry",26531,26531,-,0,2.34,2,1531,2593,5216,7742,13953,1873,1689
2026-09-30T03:54:24.382546453,"Get Visit Types",11454,11454,-,0,1.01,2,36,97,538,1956,2717,96,178
2026-09-30T03:54:24.382546453,"Get Current Visit of Patient",20443,20443,-,0,1.81,4,2404,5713,12492,18019,40233,3863,4215
2026-09-30T03:54:24.382546453,"Get Visits of Patient",21687,21687,-,0,1.92,3,1153,2297,4271,6132,10578,1531,1417
2026-09-30T03:54:24.382546453,"Get Program Enrollments of Patient",14141,14141,-,0,1.25,3,148,332,835,1564,6209,240,311
2026-09-30T03:54:24.382546453,"Get Visit Queue Entry",20545,20545,-,0,1.82,3,53,157,619,3218,4553,137,239
2026-09-30T03:54:24.382546453,"Get Appointments of a Patient",11653,11653,-,0,1.03,2,29,67,318,771,3009,74,156
2026-09-30T03:54:24.382546453,"Get Patient Summary Data",22692,22692,-,0,2.01,3,75,148,464,1278,3951,140,221
2026-09-30T03:54:24.382546453,"Get Active Visits of Patient",233588,233588,-,0,20.64,2,53,151,499,1319,4821,133,235
2026-09-30T03:54:24.382546453,"Get isVisitsEnabled",14895,14895,-,0,1.32,2,44,137,689,2476,3262,125,229
2026-09-30T03:54:24.382546453,"Get the status of patient death",220005,220005,-,0,19.44,2,39,85,336,1008,4714,93,182
2026-09-30T03:54:24.382546453,"Get all the constraints on the vital concepts",14895,14895,-,0,1.32,3,70,161,738,856,4583,144,229
2026-09-30T03:54:24.382546453,"Get Patient Observations",44253,44253,-,0,3.91,1,784,2671,6680,8830,15382,1742,2249
2026-09-30T03:54:24.382546453,"Get Patient Conditions",16672,16672,-,0,1.47,2,500,1874,6677,10597,23293,1500,2352
2026-09-30T03:54:24.382546453,"Get Active Orders",14184,14184,-,0,1.25,4,383,1223,3841,4955,11011,883,1211
2026-09-30T03:54:24.382546453,"Get Admission Location Info",3286,3286,-,0,0.29,4,66,172,855,1026,4766,159,279
2026-09-30T03:54:24.382546453,"Get Admission Info",3286,3286,-,0,0.29,21,421,959,2359,4927,12280,717,922
2026-09-30T03:54:24.382546453,"Get Inpatient Request",3286,3286,-,0,0.29,14,475,2378,22610,29799,37757,3706,7061
2026-09-30T03:54:24.382546453,"Get Orders of admitted patient by Activated Date",13135,13135,-,0,1.16,3,143,351,1011,1374,4992,266,346
2026-09-30T03:54:24.382546453,"Get Patients",4048,4048,-,0,0.36,16,3724,8115,13729,16966,23690,4897,4569
2026-09-30T03:54:24.382546453,"Submit Visit Form",10409,10366,43,0.41,0.92,7,151,374,983,2482,5143,286,365
2026-09-30T03:54:24.382546453,"Get Locations That Support Visits",5093,5093,-,0,0.45,3,63,136,542,1948,3028,132,219
2026-09-30T03:54:24.382546453,"Get Beds for Patient",3286,3286,-,0,0.29,2,50,125,474,1616,3357,116,214
2026-09-30T03:54:24.382546453,"Save Ward Encounter",8215,8215,-,0,0.73,10,342,934,3010,3994,8907,708,932
2026-09-30T03:54:24.382546453,"Get Order Types",2575,2575,-,0,0.23,2,37,87,383,1090,2171,95,182
2026-09-30T03:54:24.382546453,"Save Vitals",3070,3070,-,0,0.27,48,1663,3242,5746,7499,11654,2115,1877
2026-09-30T03:54:24.382546453,"Get Vitals concept reference ranges",3286,3286,-,0,0.29,12,312,756,1764,2967,5113,520,617
2026-09-30T03:54:24.382546453,"Get Specific Visit Details",11999,11999,-,0,1.06,4,101,259,779,2720,5297,210,310
2026-09-30T03:54:24.382546453,"Get Transfer Locations configuration data",3286,3286,-,0,0.29,50,1384,3279,6278,7867,13155,2109,2093
2026-09-30T03:54:24.382546453,"Get Transferable locations",3286,3286,-,0,0.29,30,382,665,1159,2012,4162,463,395
2026-09-30T03:54:24.382546453,"Search for Drug",5150,5150,-,0,0.46,1,36,115,532,2231,3209,113,222
2026-09-30T03:54:24.382546453,"Save Drug Order",2575,2575,-,0,0.23,29,746,1465,2831,4268,6992,996,950
2026-09-30T03:54:24.382546453,"Get Allergies of Patient",3070,3070,-,0,0.27,2,291,788,1843,3224,5007,547,664
2026-09-30T03:54:24.382546453,"Get Drug Allergens",3070,3070,-,0,0.27,22,434,610,1095,1632,3256,460,342
2026-09-30T03:54:24.382546453,"Get Environment Allergens",3070,3070,-,0,0.27,19,351,505,957,1509,3018,386,307
2026-09-30T03:54:24.382546453,"Get Food Allergens",3070,3070,-,0,0.27,10,186,322,771,1554,3196,253,276
2026-09-30T03:54:24.382546453,"Get Allergic Reactions Allergens",3070,3070,-,0,0.27,13,243,395,877,1472,2795,304,282
2026-09-30T03:54:24.382546453,"Get All Form Encounters",1244,1244,-,0,0.11,5,496,996,1904,2571,5321,670,621
2026-09-30T03:54:24.382546453,"Get All Forms",1244,1244,-,0,0.11,7,233,578,1329,2453,3368,404,471
2026-09-30T03:54:24.382546453,"Get all patient lists",12696,12696,-,0,1.12,3,478,971,1672,2232,4446,610,563
2026-09-30T03:54:24.382546453,"Get medication request encounters",7725,7725,-,0,0.68,36,5086,11308,18816,23653,32684,6866,6303
2026-09-30T03:54:24.382546453,"Get Person Attribute Type",4753,4753,-,0,0.42,2,41,102,511,926,2420,105,190
2026-09-30T03:54:24.382546453,"Get All Appointment Services(full)",3135,3135,-,0,0.28,3,49,116,443,924,2122,111,189
2026-09-30T03:54:24.382546453,"Get Ordered Address Hierarchy Levels",4753,4753,-,0,0.42,1,16,34,245,2107,2939,43,116
2026-09-30T03:54:24.382546453,"Get all appointments for a specific day",2090,2090,-,0,0.18,2,29,73,388,541,2301,77,154
2026-09-30T03:54:24.382546453,"Get all appointment summaries",2090,2090,-,0,0.18,8,142,357,764,1862,3083,248,300
2026-09-30T03:54:24.382546453,"Get Appointment By Status",8360,8360,-,0,0.74,2,40,125,476,1218,3095,119,218
2026-09-30T03:54:24.382546453,"Get all default appointment services",2090,2090,-,0,0.18,3,46,114,482,926,2179,105,178
2026-09-30T03:54:24.382546453,"Get all visits of the given location with date",2090,2090,-,0,0.18,20,2443,4362,7201,9269,14260,2849,2346
2026-09-30T03:54:24.382546453,"Get patient age",51310,51310,-,0,4.53,2,51,111,397,1105,3385,109,192
2026-09-30T03:54:24.382546453,"Get the details of a orderType",2542,2542,-,0,0.22,2,43,113,579,810,2178,110,186
2026-09-30T03:54:24.382546453,"Get all Lab order details",2542,2542,-,0,0.22,12,237,345,756,1497,5108,281,286
2026-09-30T03:54:24.382546453,"Add a lab order",2542,2542,-,0,0.22,18,424,983,2181,3504,5024,669,721
2026-09-30T03:54:24.382546453,"Get patient identification photo",208396,208396,-,0,18.42,3,61,163,748,4726,6019,148,249
2026-09-30T03:54:24.382546453,"Get Person Attributes",2284,2284,-,0,0.2,2,51,113,466,877,2123,110,189
2026-09-30T03:54:24.382546453,"Get Patient Identifiers",2284,2284,-,0,0.2,3,61,150,638,1358,3006,144,251
2026-09-30T03:54:24.382546453,"Get Relationships of Person",2284,2284,-,0,0.2,3,62,147,530,1846,3064,137,223
2026-09-30T03:54:24.382546453,"Create a patient list",3174,3174,-,0,0.28,5,139,370,942,1694,4375,277,367
2026-09-30T03:54:24.382546453,"Get queue entry number",1354,1354,-,0,0.12,1,11,23,151,581,928,27,70
2026-09-30T03:54:24.382546453,"Submit visit queue entry",1360,1354,6,0.44,0.12,15,269,692,1663,2529,4448,476,549
2026-09-30T03:54:24.382546453,"Get Patient Allergy Intolerance",2575,2575,-,0,0.23,1,251,759,1800,3336,4893,517,665
2026-09-30T03:54:24.382546453,"Get Specific Medication Requests",10300,10300,-,0,0.91,21,659,1556,3553,5471,9673,1073,1175
2026-09-30T03:54:24.382546453,"Get All Providers",6195,6195,-,0,0.55,3,105,317,997,1735,5088,246,370
2026-09-30T03:54:24.382546453,"Get Encounter With Visit and Diagnoses",2575,2575,-,0,0.23,4,88,206,643,1437,3178,174,259
2026-09-30T03:54:24.382546453,"Save an Allergy",3070,3070,-,0,0.27,12,307,676,1444,2880,5997,475,520
2026-09-30T03:54:24.382546453,"Get Clinical Form by UUID",1244,1244,-,0,0.11,8,154,294,748,1503,3397,236,285
2026-09-30T03:54:24.382546453,"Get Encounter Roles",1244,1244,-,0,0.11,2,41,103,459,804,2693,105,195
2026-09-30T03:54:24.382546453,"Get Latest FHIR Encounter",1244,1244,-,0,0.11,2,159,385,935,1488,2831,277,317
2026-09-30T03:54:24.382546453,"Get Encounter By UUID",1118,1118,-,0,0.1,9,206,424,1017,1880,2587,322,356
2026-09-30T03:54:24.382546453,"Get all active Lab orders",7626,7626,-,0,0.67,5,751,2196,4816,6241,13356,1430,1625
2026-09-30T03:54:24.382546453,"Get Lab Orders by full filler status",22878,22878,-,0,2.02,3,409,2599,13144,16519,26288,2425,4150
2026-09-30T03:54:24.382546453,"Get patient list details",3174,3174,-,0,0.28,3,71,201,861,1585,5816,179,329
2026-09-30T03:54:24.382546453,"Fetch members of patient list",3174,3174,-,0,0.28,3,64,177,587,1542,4643,154,264
2026-09-30T03:54:24.382546453,"Get service concept set",1360,1360,-,0,0.12,2,42,114,568,786,2683,109,211
2026-09-30T03:54:24.382546453,"Get Concept",44510,44510,-,0,3.93,5,152,292,799,1360,4986,238,283
2026-09-30T03:54:24.382546453,"Submit new Service queue",1360,1360,-,0,0.12,9,172,467,1178,2129,3004,331,406
2026-09-30T03:54:24.382546453,"Get Order Entry Config",2575,2575,-,0,0.23,24,564,847,1667,2374,4752,633,548
2026-09-30T03:54:24.382546453,"Get ValueSet by UUID",7725,7725,-,0,0.68,8,342,914,2405,3939,10152,665,825
2026-09-30T03:54:24.382546453,"Get Medication Request by UUID",7725,7725,-,0,0.68,16,357,927,2017,3880,6127,627,714
2026-09-30T03:54:24.382546453,"Get Medication by UUID",2575,2575,-,0,0.23,2,28,55,317,1126,1909,64,127
2026-09-30T03:54:24.382546453,"Search Medication by Code",2575,2575,-,0,0.23,5,81,138,566,1216,2670,136,216
2026-09-30T03:54:24.382546453,"Get Locations Search Set",1643,1643,-,0,0.15,4,52,148,609,1468,4095,144,266
2026-09-30T03:54:24.382546453,"Change the session location",1643,1643,-,0,0.15,4,56,191,703,2066,4087,174,307
2026-09-30T03:54:24.382546453,"Edit patient details",2284,2284,-,0,0.2,11,253,521,1148,2217,4337,382,417
2026-09-30T03:54:24.382546453,"Check Appointment Conflicts",1045,1045,-,0,0.09,6,105,236,731,1150,3059,190,269
2026-09-30T03:54:24.382546453,"Create Appointment",1045,1045,-,0,0.09,12,183,342,740,1231,2748,260,269
2026-09-30T03:54:24.382546453,"Submit transition request",1360,1287,73,5.37,0.12,10,193,462,1148,1805,4700,327,391
2026-09-30T03:54:24.382546453,"End Visit",10366,10091,275,2.65,0.92,8,302,649,1544,2258,5168,473,512
2026-09-30T03:54:24.382546453,"Generate OMRS Identifier",2469,2469,-,0,0.22,7,155,312,841,1687,3195,255,310
2026-09-30T03:54:24.382546453,"Send Patient Registration Request",2469,2469,-,0,0.22,21,705,1133,2222,3456,5632,852,703
2026-09-30T03:54:24.382546453,"Save a clinical form",1244,1244,-,0,0.11,23,753,1490,2850,4189,8545,1008,969
2026-09-30T03:54:24.382546453,"Get patient admission note",14275,14275,-,0,1.26,3,138,307,794,1287,3891,232,278
2026-09-30T03:54:24.382546453,"Update full filler status",5084,5084,-,0,0.45,7,129,251,661,1382,3767,203,251
2026-09-30T03:54:24.382546453,"Dispense medication form submission",2575,2575,-,0,0.23,29,719,1774,3495,4597,8522,1148,1195
2026-09-30T03:54:24.382546453,"Get Patient Encounters",1244,1244,-,0,0.11,12,4403,7464,11186,14152,18258,4748,3717
2026-09-30T03:54:24.382546453,"Submit Appointment StatusChange",2090,2090,-,0,0.18,7,156,355,1082,1553,4012,278,360
2026-09-30T03:54:24.382546453,"Get Lab Results of Patient",2488,2488,-,0,0.22,2,597,1295,3360,6257,9158,975,1200
2026-09-30T03:54:24.382546453,"Get specific encounter details",2542,2542,-,0,0.22,5,96,237,824,1334,3095,190,266
2026-09-30T03:54:24.382546453,"Get Alkaline concept details",2542,2542,-,0,0.22,3,55,144,485,1267,2816,130,223
2026-09-30T03:54:24.382546453,"Update the specific encounter",2542,2542,-,0,0.22,20,425,928,1771,3031,4373,618,617
2026-09-30T03:54:24.382546453,"Update the Lab Order Completion",2542,2542,-,0,0.22,16,376,808,1605,3104,5407,560,595
2026-09-30T03:54:24.382546453,"Get Visits With Diagnoses and Notes (new endpoint)",1244,1244,-,0,0.11,9,373,809,1570,2681,6268,553,563
2026-09-30T03:54:24.382546453,"Close medication",2575,2575,-,0,0.23,12,250,618,1391,2239,4316,431,494
2026-09-30T03:54:24.382546453,"Discontinue the drug order",2575,2575,-,0,0.23,20,418,879,1799,2957,5066,601,612
2026-09-30T03:54:24.382546453,"Get Drug Orders except the cancelled and expired",1244,1244,-,0,0.11,6,949,2095,3996,5378,7536,1359,1331
2026-09-30T03:54:24.382546453,"Get Drug Orders except the discontinued orders",1244,1244,-,0,0.11,5,929,2055,4159,5639,9478,1364,1383
2026-09-30T03:54:24.382546453,"Get Observation Tree Details",3732,3732,-,0,0.33,5,645,2647,7219,9886,14200,1779,2365
2026-09-30T03:54:24.382546453,"Search for Condition",2488,2488,-,0,0.22,12,271,419,1015,1994,3631,348,350
2026-09-30T03:54:24.382546453,"Save Conditions",1244,1244,-,0,0.11,7,141,352,1034,1749,4136,271,357
2026-09-30T03:54:24.382546453,"Get Immunizations of Patient",3732,3732,-,0,0.33,2,176,1338,4499,7624,13791,993,1630
2026-09-30T03:54:24.382546453,"Get all immunizations",1244,1244,-,0,0.11,7,168,338,752,1499,2987,257,294
2026-09-30T03:54:24.382546453,"Submit Patient immunization",1244,1239,5,0.4,0.11,43,1551,2896,5023,6862,10074,1893,1663
2026-09-30T03:54:24.382546453,"Get Attachments of Patient",2488,2488,-,0,0.22,6,188,372,986,1731,3809,292,343
2026-09-30T03:54:24.382546453,"Get Allowed File Extensions",1244,1244,-,0,0.11,2,42,113,480,1064,2643,111,211
2026-09-30T03:54:24.382546453,"Get Programs",2488,2488,-,0,0.22,10,200,375,786,1397,3837,279,280
2026-09-30T03:54:24.382546453,"Add new program to patient",1244,1244,-,0,0.11,8,196,464,1120,1803,4453,337,399
2026-09-30T03:54:24.382546453,"Complete the program",1244,1244,-,0,0.11,9,191,438,1139,2388,4143,335,413
2026-09-30T03:54:24.382546453,"Upload Attachment Request",1244,1242,2,0.16,0.11,224,4312,8627,14746,19830,22432,5662,4746
2026-09-30T03:54:24.382546453,"Save Visit Note",1244,1244,-,0,0.11,15,478,976,1964,3380,5405,678,708
2026-09-30T03:54:24.382546453,"Save Patient Diagnosis",2488,2488,-,0,0.22,6,154,356,900,1836,4440,274,349
2026-09-29T03:52:38.355912225,"Login",21591,21591,-,0,1.91,5,103,258,647,1186,4027,196,253
2026-09-29T03:52:38.355912225,"Get locations",24548,24548,-,0,2.17,25,431,623,1014,1553,4304,468,324
2026-09-29T03:52:38.355912225,"Select Location",21591,21591,-,0,1.91,2,50,169,651,894,3930,139,219
2026-09-29T03:52:38.355912225,"Get Address Template",26359,26359,-,0,2.33,1,23,67,329,2165,2771,62,124
2026-09-29T03:52:38.355912225,"Get Relationship Types",26359,26359,-,0,2.33,2,41,104,332,959,5275,95,164
2026-09-29T03:52:38.355912225,"Get Appointments for Specific Date",21591,21591,-,0,1.91,2,34,116,350,1245,2697,83,131
2026-09-29T03:52:38.355912225,"Get Module Information",28958,28958,-,0,2.56,1,27,66,248,738,2340,65,124
2026-09-29T03:52:38.355912225,"Get Patient Identifier Types",26359,26359,-,0,2.33,2,41,114,358,1189,2976,95,157
2026-09-29T03:52:38.355912225,"Get Primary Identifier Term Mapping",46342,46342,-,0,4.09,3,66,177,600,2525,4077,138,204
2026-09-29T03:52:38.355912225,"Get Identifier Source",47950,47950,-,0,4.24,2,54,159,544,2431,5064,122,193
2026-09-29T03:52:38.355912225,"Get Locations by Tag and Query",30635,30635,-,0,2.71,3,75,208,664,2707,3871,162,227
2026-09-29T03:52:38.355912225,"Get Visits",22659,22659,-,0,2,8,1204,2607,4659,5716,10723,1636,1552
2026-09-29T03:52:38.355912225,"Get Auto Generation Options",26359,26359,-,0,2.33,5,143,413,874,2842,4726,272,336
2026-09-29T03:52:38.355912225,"Get Queue Entry",26676,26676,-,0,2.36,3,1877,3335,6980,9852,14452,2425,2204
2026-09-29T03:52:38.355912225,"Get Visit Types",11643,11643,-,0,1.03,2,35,100,346,968,2290,87,148
2026-09-29T03:52:38.355912225,"Get Current Visit of Patient",20776,20776,-,0,1.84,3,2320,5432,11545,16484,39930,3669,3863
2026-09-29T03:52:38.355912225,"Get Visits of Patient",22044,22044,-,0,1.95,3,1140,2228,3965,5359,10079,1473,1281
2026-09-29T03:52:38.355912225,"Get Program Enrollments of Patient",14379,14379,-,0,1.27,3,146,320,672,1303,3298,226,255
2026-09-29T03:52:38.355912225,"Get Visit Queue Entry",20822,20822,-,0,1.84,2,60,161,490,899,2768,131,190
2026-09-29T03:52:38.355912225,"Get Appointments of a Patient",11843,11843,-,0,1.05,2,31,79,338,425,2560,72,132
2026-09-29T03:52:38.355912225,"Get Patient Summary Data",22918,22918,-,0,2.02,3,75,160,475,1945,2908,130,180
2026-09-29T03:52:38.355912225,"Get Active Visits of Patient",236532,236532,-,0,20.9,2,57,178,561,2229,4094,126,195
2026-09-29T03:52:38.355912225,"Get isVisitsEnabled",15109,15109,-,0,1.33,2,44,134,587,833,3515,113,183
2026-09-29T03:52:38.355912225,"Get the status of patient death",222623,222623,-,0,19.67,2,39,107,335,966,3441,88,147
2026-09-29T03:52:38.355912225,"Get all the constraints on the vital concepts",15109,15109,-,0,1.33,3,70,163,478,1550,3984,136,196
2026-09-29T03:52:38.355912225,"Get Patient Observations",44763,44763,-,0,3.96,1,794,2566,6263,8416,14570,1673,2095
2026-09-29T03:52:38.355912225,"Get Patient Conditions",16879,16879,-,0,1.49,2,540,1871,6423,11120,17367,1469,2214
2026-09-29T03:52:38.355912225,"Get Active Orders",14343,14343,-,0,1.27,4,367,1242,3351,4302,7900,846,1099
2026-09-29T03:52:38.355912225,"Get Admission Location Info",3378,3378,-,0,0.3,4,71,185,501,1426,3411,146,212
2026-09-29T03:52:38.355912225,"Get Admission Info",3378,3378,-,0,0.3,20,522,1107,2202,4019,9276,767,826
2026-09-29T03:52:38.355912225,"Get Inpatient Request",3378,3378,-,0,0.3,13,750,2318,22505,29367,36061,3493,6664
2026-09-29T03:52:38.355912225,"Get Orders of admitted patient by Activated Date",15654,15654,-,0,1.38,3,155,349,732,1177,3517,250,279
2026-09-29T03:52:38.355912225,"Get Patients",4096,4096,-,0,0.36,11,3575,7458,12011,14728,19405,4559,4045
2026-09-29T03:52:38.355912225,"Submit Visit Form",10575,10534,41,0.39,0.93,7,156,379,895,1710,3755,274,321
2026-09-29T03:52:38.355912225,"Get Locations That Support Visits",5164,5164,-,0,0.46,3,64,157,445,1075,2664,128,190
2026-09-29T03:52:38.355912225,"Get Beds for Patient",3378,3378,-,0,0.3,2,46,135,487,889,3526,112,187
2026-09-29T03:52:38.355912225,"Save Ward Encounter",8445,8445,-,0,0.75,10,357,921,2509,4060,7669,679,851
2026-09-29T03:52:38.355912225,"Get Order Types",2612,2612,-,0,0.23,2,36,100,334,908,1550,87,144
2026-09-29T03:52:38.355912225,"Save Vitals",3096,3096,-,0,0.27,49,1685,3226,5208,6935,8989,2044,1700
2026-09-29T03:52:38.355912225,"Get Vitals concept reference ranges",3378,3378,-,0,0.3,13,303,691,1461,2827,4301,484,521
2026-09-29T03:52:38.355912225,"Get Specific Visit Details",12266,12266,-,0,1.08,4,109,274,695,2098,3784,200,264
2026-09-29T03:52:38.355912225,"Get Transfer Locations configuration data",3378,3378,-,0,0.3,48,1418,3234,5610,7557,13032,2029,1921
2026-09-29T03:52:38.355912225,"Search for Drug",5224,5224,-,0,0.46,1,35,121,559,758,2449,100,171
2026-09-29T03:52:38.355912225,"Save Drug Order",2612,2612,-,0,0.23,29,698,1377,2554,3872,6616,936,849
2026-09-29T03:52:38.355912225,"Get Transferable locations",3378,3378,-,0,0.3,28,343,590,993,1632,3194,414,324
2026-09-29T03:52:38.355912225,"Get Allergies of Patient",3096,3096,-,0,0.27,2,306,792,1787,2752,4707,536,603
2026-09-29T03:52:38.355912225,"Get Drug Allergens",3096,3096,-,0,0.27,22,415,592,1005,1419,3110,450,307
2026-09-29T03:52:38.355912225,"Get Environment Allergens",3096,3096,-,0,0.27,17,345,505,862,1188,3263,377,269
2026-09-29T03:52:38.355912225,"Get Food Allergens",3096,3096,-,0,0.27,9,187,321,687,1226,3918,249,246
2026-09-29T03:52:38.355912225,"Get Allergic Reactions Allergens",3096,3096,-,0,0.27,12,236,384,778,1274,2492,292,245
2026-09-29T03:52:38.355912225,"Get All Form Encounters",1268,1268,-,0,0.11,5,521,1046,1714,2245,3439,665,570
2026-09-29T03:52:38.355912225,"Get medication request encounters",7836,7836,-,0,0.69,29,5251,11040,17924,23147,31297,6731,6061
2026-09-29T03:52:38.355912225,"Get All Forms",1268,1268,-,0,0.11,7,236,550,1104,1718,2863,368,387
2026-09-29T03:52:38.355912225,"Get patient age",51316,51316,-,0,4.53,2,48,118,338,713,2971,101,159
2026-09-29T03:52:38.355912225,"Get the details of a orderType",2599,2599,-,0,0.23,2,43,122,436,1201,4433,113,218
2026-09-29T03:52:38.355912225,"Get all Lab order details",2599,2599,-,0,0.23,11,225,324,630,1198,2148,255,213
2026-09-29T03:52:38.355912225,"Add a lab order",2599,2599,-,0,0.23,17,415,907,1794,2639,5787,612,604
2026-09-29T03:52:38.355912225,"Get All Appointment Services(full)",3204,3204,-,0,0.28,3,53,127,342,650,1640,102,138
2026-09-29T03:52:38.355912225,"Get all appointments for a specific day",2136,2136,-,0,0.19,2,29,101,254,573,2021,74,115
2026-09-29T03:52:38.355912225,"Get all appointment summaries",2136,2136,-,0,0.19,9,157,348,719,1235,2584,250,267
2026-09-29T03:52:38.355912225,"Get all patient lists",12608,12608,-,0,1.11,3,472,994,1636,2224,4188,614,546
2026-09-29T03:52:38.355912225,"Get Appointment By Status",8544,8544,-,0,0.75,2,48,142,465,1026,2222,118,183
2026-09-29T03:52:38.355912225,"Get Person Attribute Type",4768,4768,-,0,0.42,2,42,112,428,709,2503,102,177
2026-09-29T03:52:38.355912225,"Get all default appointment services",2136,2136,-,0,0.19,3,49,123,414,780,3284,109,179
2026-09-29T03:52:38.355912225,"Get Ordered Address Hierarchy Levels",4768,4768,-,0,0.42,1,16,33,213,1465,1863,39,91
2026-09-29T03:52:38.355912225,"Get all visits of the given location with date",2136,2136,-,0,0.19,13,2145,3946,6451,8216,11819,2584,2067
2026-09-29T03:52:38.355912225,"Get patient identification photo",210892,210892,-,0,18.63,3,67,177,474,1038,3638,140,202
2026-09-29T03:52:38.355912225,"Get Person Attributes",2288,2288,-,0,0.2,2,48,113,393,1129,2036,103,160
2026-09-29T03:52:38.355912225,"Get Patient Identifiers",2288,2288,-,0,0.2,3,62,161,418,932,2625,128,187
2026-09-29T03:52:38.355912225,"Get Relationships of Person",2288,2288,-,0,0.2,3,62,162,444,982,3208,126,185
2026-09-29T03:52:38.355912225,"Get Patient Allergy Intolerance",2612,2612,-,0,0.23,1,239,726,1725,2851,4568,485,602
2026-09-29T03:52:38.355912225,"Get Specific Medication Requests",10448,10448,-,0,0.92,21,672,1537,3262,4382,9511,1046,1083
2026-09-29T03:52:38.355912225,"Get Encounter With Visit and Diagnoses",2612,2612,-,0,0.23,4,84,200,542,1093,2815,157,225
2026-09-29T03:52:38.355912225,"Get All Providers",6292,6292,-,0,0.56,3,115,349,961,1217,3163,239,315
2026-09-29T03:52:38.355912225,"Create a patient list",3152,3152,-,0,0.28,5,172,390,874,1621,3475,276,317
2026-09-29T03:52:38.355912225,"Get queue entry number",1335,1335,-,0,0.12,1,11,25,157,481,1353,34,92
2026-09-29T03:52:38.355912225,"Submit visit queue entry",1339,1335,4,0.3,0.12,18,362,880,1770,2705,4402,577,591
2026-09-29T03:52:38.355912225,"Save an Allergy",3096,3096,-,0,0.27,12,310,669,1378,2174,4336,456,455
2026-09-29T03:52:38.355912225,"Get Clinical Form by UUID",1268,1268,-,0,0.11,8,146,272,600,1092,1972,209,211
2026-09-29T03:52:38.355912225,"Get Encounter Roles",1268,1268,-,0,0.11,2,40,102,377,823,3712,98,190
2026-09-29T03:52:38.355912225,"Get Latest FHIR Encounter",1268,1268,-,0,0.11,2,168,371,726,1456,4130,257,284
2026-09-29T03:52:38.355912225,"Get Encounter By UUID",1140,1140,-,0,0.1,9,227,416,808,1674,2638,303,314
2026-09-29T03:52:38.355912225,"Get all active Lab orders",7797,7797,-,0,0.69,3,762,2226,4486,6076,11789,1380,1501
2026-09-29T03:52:38.355912225,"Get Lab Orders by full filler status",23391,23391,-,0,2.07,3,433,2461,11318,14818,21601,2293,3808
2026-09-29T03:52:38.355912225,"Get Order Entry Config",2612,2612,-,0,0.23,23,510,758,1403,2466,4707,580,475
2026-09-29T03:52:38.355912225,"Get ValueSet by UUID",7836,7836,-,0,0.69,7,356,907,2258,3347,7537,649,770
2026-09-29T03:52:38.355912225,"Get Medication Request by UUID",7836,7836,-,0,0.69,16,374,945,1855,2955,5615,611,634
2026-09-29T03:52:38.355912225,"Get Medication by UUID",2612,2612,-,0,0.23,2,29,63,249,708,2217,64,128
2026-09-29T03:52:38.355912225,"Get patient list details",3152,3152,-,0,0.28,3,70,183,531,1216,2918,150,217
2026-09-29T03:52:38.355912225,"Fetch members of patient list",3152,3152,-,0,0.28,2,66,186,515,1307,3066,148,226
2026-09-29T03:52:38.355912225,"Search Medication by Code",2612,2612,-,0,0.23,5,80,139,351,907,2613,120,157
2026-09-29T03:52:38.355912225,"Get service concept set",1339,1339,-,0,0.12,2,42,139,447,1123,3170,119,207
2026-09-29T03:52:38.355912225,"Get Concept",43039,43039,-,0,3.8,5,166,298,651,1240,3436,234,232
2026-09-29T03:52:38.355912225,"Submit new Service queue",1339,1339,-,0,0.12,9,166,451,1160,1708,3198,315,374
2026-09-29T03:52:38.355912225,"Get Locations Search Set",1689,1689,-,0,0.15,3,61,160,527,1182,2722,136,212
2026-09-29T03:52:38.355912225,"Change the session location",1689,1689,-,0,0.15,3,72,220,726,1395,3473,173,266
2026-09-29T03:52:38.355912225,"Edit patient details",2288,2288,-,0,0.2,12,249,485,1061,1740,4161,364,373
2026-09-29T03:52:38.355912225,"Check Appointment Conflicts",1068,1068,-,0,0.09,6,103,244,646,1019,2074,184,216
2026-09-29T03:52:38.355912225,"Create Appointment",1068,1068,-,0,0.09,11,190,355,712,1370,2796,258,260
2026-09-29T03:52:38.355912225,"Submit transition request",1339,1248,91,6.8,0.12,10,215,468,930,1434,2710,321,336
2026-09-29T03:52:38.355912225,"End Visit",10534,10391,143,1.36,0.93,8,313,650,1361,2048,4451,457,457
2026-09-29T03:52:38.355912225,"Save a clinical form",1268,1268,-,0,0.11,23,754,1414,2621,4480,7351,965,883
2026-09-29T03:52:38.355912225,"Update full filler status",5198,5198,-,0,0.46,6,128,249,585,1180,2702,195,218
2026-09-29T03:52:38.355912225,"Get patient admission note",13948,13948,-,0,1.23,3,132,287,695,1358,3636,219,262
2026-09-29T03:52:38.355912225,"Generate OMRS Identifier",2480,2480,-,0,0.22,7,159,310,733,1440,3702,242,271
2026-09-29T03:52:38.355912225,"Send Patient Registration Request",2480,2480,-,0,0.22,20,666,1054,1770,2759,4730,771,574
2026-09-29T03:52:38.355912225,"Dispense medication form submission",2612,2612,-,0,0.23,28,765,1708,3168,4267,7894,1100,1072
2026-09-29T03:52:38.355912225,"Get Patient Encounters",1268,1268,-,0,0.11,13,4316,7221,10718,13108,18091,4623,3501
2026-09-29T03:52:38.355912225,"Get Lab Results of Patient",2536,2536,-,0,0.22,2,605,1282,3023,5416,9353,939,1071
2026-09-29T03:52:38.355912225,"Submit Appointment StatusChange",2136,2136,-,0,0.19,8,165,358,825,1327,2680,259,291
2026-09-29T03:52:38.355912225,"Get specific encounter details",2599,2599,-,0,0.23,5,96,228,611,1320,3087,178,243
2026-09-29T03:52:38.355912225,"Get Alkaline concept details",2599,2599,-,0,0.23,3,54,147,479,898,3509,118,195
2026-09-29T03:52:38.355912225,"Update the specific encounter",2599,2599,-,0,0.23,18,438,899,1705,2693,5029,608,581
2026-09-29T03:52:38.355912225,"Update the Lab Order Completion",2599,2599,-,0,0.23,15,363,741,1409,2541,4544,515,502
2026-09-29T03:52:38.355912225,"Get Visits With Diagnoses and Notes (new endpoint)",1268,1268,-,0,0.11,10,403,775,1385,2352,3925,526,487
2026-09-29T03:52:38.355912225,"Close medication",2612,2612,-,0,0.23,12,241,608,1300,2375,3925,414,467
2026-09-29T03:52:38.355912225,"Discontinue the drug order",2612,2612,-,0,0.23,20,410,802,1658,2488,4170,564,538
2026-09-29T03:52:38.355912225,"Get Drug Orders except the cancelled and expired",1268,1268,-,0,0.11,6,996,2050,3864,5259,8362,1327,1283
2026-09-29T03:52:38.355912225,"Get Drug Orders except the discontinued orders",1268,1268,-,0,0.11,5,957,2035,3811,4895,11267,1318,1271
2026-09-29T03:52:38.355912225,"Get Observation Tree Details",3804,3804,-,0,0.34,4,645,2614,6610,9124,13132,1707,2190
2026-09-29T03:52:38.355912225,"Search for Condition",2536,2536,-,0,0.22,10,254,388,833,1437,3540,312,276
2026-09-29T03:52:38.355912225,"Save Conditions",1268,1268,-,0,0.11,6,151,371,825,1538,3529,261,309
2026-09-29T03:52:38.355912225,"Get Immunizations of Patient",3804,3804,-,0,0.34,2,182,1390,4409,6801,13196,976,1524
2026-09-29T03:52:38.355912225,"Get all immunizations",1268,1268,-,0,0.11,7,165,300,626,1240,2406,232,240
2026-09-29T03:52:38.355912225,"Submit Patient immunization",1268,1264,4,0.32,0.11,41,1548,2808,4530,5468,7103,1783,1443
2026-09-29T03:52:38.355912225,"Get Attachments of Patient",2536,2536,-,0,0.22,6,192,370,799,1488,3834,279,307
2026-09-29T03:52:38.355912225,"Get Allowed File Extensions",1268,1268,-,0,0.11,2,44,134,397,746,3201,105,188
2026-09-29T03:52:38.355912225,"Get Programs",2536,2536,-,0,0.22,8,203,392,699,991,2563,275,246
2026-09-29T03:52:38.355912225,"Add new program to patient",1268,1268,-,0,0.11,7,205,462,1034,1725,5185,330,373
2026-09-29T03:52:38.355912225,"Complete the program",1268,1268,-,0,0.11,9,194,437,970,1609,3164,311,329
2026-09-29T03:52:38.355912225,"Upload Attachment Request",1268,1267,1,0.08,0.11,41,3040,7127,13858,21282,30499,4905,4480
2026-09-29T03:52:38.355912225,"Save Visit Note",1268,1268,-,0,0.11,15,480,971,1805,2536,4154,646,602
2026-09-29T03:52:38.355912225,"Save Patient Diagnosis",2536,2536,-,0,0.22,5,165,355,833,1725,4163,269,323
2026-09-28T03:56:04.286592756,"Login",21060,21060,-,0,1.86,5,98,267,732,1537,4235,204,289
2026-09-28T03:56:04.286592756,"Get locations",23968,23968,-,0,2.12,25,423,623,1076,1699,4822,470,349
2026-09-28T03:56:04.286592756,"Select Location",21060,21060,-,0,1.86,2,50,188,743,2673,3491,144,243
2026-09-28T03:56:04.286592756,"Get Address Template",25678,25678,-,0,2.27,1,21,59,329,525,4008,64,138
2026-09-28T03:56:04.286592756,"Get Relationship Types",25678,25678,-,0,2.27,2,40,104,391,1038,3502,100,184
2026-09-28T03:56:04.286592756,"Get Appointments for Specific Date",21060,21060,-,0,1.86,2,31,108,395,1391,2254,83,143
2026-09-28T03:56:04.286592756,"Get Module Information",28226,28226,-,0,2.49,1,27,67,307,537,3414,68,139
2026-09-28T03:56:04.286592756,"Get Patient Identifier Types",25678,25678,-,0,2.27,2,39,108,404,1600,4168,100,180
2026-09-28T03:56:04.286592756,"Get Primary Identifier Term Mapping",45188,45188,-,0,3.99,2,68,160,637,3044,4221,142,224
2026-09-28T03:56:04.286592756,"Get Identifier Source",46738,46738,-,0,4.13,2,54,159,535,2246,4895,129,214
2026-09-28T03:56:04.286592756,"Get Locations by Tag and Query",29910,29910,-,0,2.64,3,70,206,776,920,5426,166,255
2026-09-28T03:56:04.286592756,"Get Visits",22106,22106,-,0,1.95,8,1266,2672,4819,6678,11888,1684,1663
2026-09-28T03:56:04.286592756,"Get Auto Generation Options",25678,25678,-,0,2.27,5,136,421,941,3764,5510,280,366
2026-09-28T03:56:04.286592756,"Get Queue Entry",26006,26006,-,0,2.3,2,2316,4499,7869,10892,14276,2942,2551
2026-09-28T03:56:04.286592756,"Get Visit Types",11398,11398,-,0,1.01,2,34,98,470,2668,4674,93,188
2026-09-28T03:56:04.286592756,"Get Current Visit of Patient",20344,20344,-,0,1.8,3,2309,5706,12276,17601,38309,3793,4096
2026-09-28T03:56:04.286592756,"Get Visits of Patient",21594,21594,-,0,1.91,3,1125,2290,4162,5728,11209,1510,1379
2026-09-28T03:56:04.286592756,"Get Program Enrollments of Patient",14102,14102,-,0,1.25,2,142,336,730,1590,4235,236,289
2026-09-28T03:56:04.286592756,"Get Visit Queue Entry",20350,20350,-,0,1.8,2,57,167,502,1229,3538,138,228
2026-09-28T03:56:04.286592756,"Get Appointments of a Patient",11602,11602,-,0,1.03,1,28,73,267,743,2063,72,137
2026-09-28T03:56:04.286592756,"Get Patient Summary Data",22365,22365,-,0,1.98,3,73,153,575,708,3997,135,203
2026-09-28T03:56:04.286592756,"Get Active Visits of Patient",231175,231175,-,0,20.43,2,54,172,616,2794,4838,129,219
2026-09-28T03:56:04.286592756,"Get isVisitsEnabled",14768,14768,-,0,1.3,2,44,134,726,950,3760,119,210
2026-09-28T03:56:04.286592756,"Get the status of patient death",217478,217478,-,0,19.22,1,37,105,417,2144,4317,90,169
2026-09-28T03:56:04.286592756,"Get all the constraints on the vital concepts",14768,14768,-,0,1.3,3,69,171,529,1204,3205,141,217
2026-09-28T03:56:04.286592756,"Get Patient Observations",43744,43744,-,0,3.86,1,772,2628,6659,8582,17190,1708,2194
2026-09-28T03:56:04.286592756,"Get Patient Conditions",16502,16502,-,0,1.46,2,495,1852,6751,11388,18923,1483,2321
2026-09-28T03:56:04.286592756,"Get Active Orders",14002,14002,-,0,1.24,4,356,1226,3651,4554,9920,860,1168
2026-09-28T03:56:04.286592756,"Get Admission Location Info",3316,3316,-,0,0.29,3,70,182,574,2063,3166,148,223
2026-09-28T03:56:04.286592756,"Get Admission Info",3316,3316,-,0,0.29,21,474,1017,1979,4183,10426,716,801
2026-09-28T03:56:04.286592756,"Get Inpatient Request",3316,3316,-,0,0.29,13,671,2372,23604,30132,43347,3840,7280
2026-09-28T03:56:04.286592756,"Get Orders of admitted patient by Activated Date",12441,12441,-,0,1.1,3,125,313,744,1203,4482,231,295
2026-09-28T03:56:04.286592756,"Get Patients",4004,4004,-,0,0.35,11,3421,7920,13369,16406,20657,4746,4477
2026-09-28T03:56:04.286592756,"Submit Visit Form",10352,10311,41,0.4,0.91,6,151,409,1127,1439,5878,283,366
2026-09-28T03:56:04.286592756,"Get Locations That Support Visits",5050,5050,-,0,0.45,3,59,145,511,1724,3189,126,200
2026-09-28T03:56:04.286592756,"Get Order Types",2550,2550,-,0,0.23,2,34,87,394,727,2310,89,160
2026-09-28T03:56:04.286592756,"Get Beds for Patient",3316,3316,-,0,0.29,2,48,122,532,824,4164,112,204
2026-09-28T03:56:04.286592756,"Save Ward Encounter",8290,8290,-,0,0.73,9,346,902,2699,4444,10846,690,919
2026-09-28T03:56:04.286592756,"Save Vitals",3036,3036,-,0,0.27,44,1703,3251,5425,6782,11303,2078,1787
2026-09-28T03:56:04.286592756,"Search for Drug",5100,5100,-,0,0.45,1,36,122,523,2281,3527,101,185
2026-09-28T03:56:04.286592756,"Save Drug Order",2550,2550,-,0,0.23,26,691,1382,2578,4191,7474,939,887
2026-09-28T03:56:04.286592756,"Get Vitals concept reference ranges",3316,3316,-,0,0.29,12,296,671,1548,3132,5467,483,556
2026-09-28T03:56:04.286592756,"Get Specific Visit Details",12076,12076,-,0,1.07,4,105,259,767,2095,3899,206,288
2026-09-28T03:56:04.286592756,"Get Transfer Locations configuration data",3316,3316,-,0,0.29,47,1303,3197,6065,8369,14653,2029,2004
2026-09-28T03:56:04.286592756,"Get Transferable locations",3316,3316,-,0,0.29,28,347,595,979,1529,3618,417,334
2026-09-28T03:56:04.286592756,"Get Allergies of Patient",3036,3036,-,0,0.27,1,286,827,1847,2641,4770,543,635
2026-09-28T03:56:04.286592756,"Get Drug Allergens",3036,3036,-,0,0.27,21,411,604,1059,1822,4006,455,345
2026-09-28T03:56:04.286592756,"Get Environment Allergens",3036,3036,-,0,0.27,17,337,512,970,1577,3681,387,317
2026-09-28T03:56:04.286592756,"Get Food Allergens",3036,3036,-,0,0.27,9,185,334,795,1272,4210,260,284
2026-09-28T03:56:04.286592756,"Get Allergic Reactions Allergens",3036,3036,-,0,0.27,11,240,384,841,1518,4813,301,289
2026-09-28T03:56:04.286592756,"Get medication request encounters",7650,7650,-,0,0.68,36,4900,11813,20105,25425,34137,7169,6839
2026-09-28T03:56:04.286592756,"Get patient age",50157,50157,-,0,4.43,2,47,116,370,2356,3856,105,182
2026-09-28T03:56:04.286592756,"Get the details of a orderType",2548,2548,-,0,0.23,2,41,114,586,837,3246,115,217
2026-09-28T03:56:04.286592756,"Get all Lab order details",2548,2548,-,0,0.23,10,221,328,794,1236,3097,264,253
2026-09-28T03:56:04.286592756,"Add a lab order",2548,2548,-,0,0.23,17,405,948,1925,2997,4717,645,670
2026-09-28T03:56:04.286592756,"Get Person Attribute Type",4618,4618,-,0,0.41,2,42,122,634,843,2546,109,196
2026-09-28T03:56:04.286592756,"Get All Form Encounters",1250,1250,-,0,0.11,4,513,1031,1767,2975,3889,672,609
2026-09-28T03:56:04.286592756,"Get all patient lists",12216,12216,-,0,1.08,3,452,971,1681,2188,4780,605,558
2026-09-28T03:56:04.286592756,"Get All Appointment Services(full)",3138,3138,-,0,0.28,3,49,125,326,1523,2549,104,167
2026-09-28T03:56:04.286592756,"Get Ordered Address Hierarchy Levels",4618,4618,-,0,0.41,1,16,34,206,1258,1832,40,94
2026-09-28T03:56:04.286592756,"Get all appointments for a specific day",2092,2092,-,0,0.18,2,30,92,318,553,2259,74,125
2026-09-28T03:56:04.286592756,"Get all appointment summaries",2092,2092,-,0,0.18,8,142,345,815,1433,3285,244,286
2026-09-28T03:56:04.286592756,"Get All Forms",1250,1250,-,0,0.11,7,228,521,1125,2260,3856,368,439
2026-09-28T03:56:04.286592756,"Get Appointment By Status",8368,8368,-,0,0.74,2,44,129,454,963,3838,114,195
2026-09-28T03:56:04.286592756,"Get all default appointment services",2092,2092,-,0,0.18,3,47,119,437,798,1950,105,174
2026-09-28T03:56:04.286592756,"Get all visits of the given location with date",2092,2092,-,0,0.18,18,2239,4197,6971,9243,13030,2705,2270
2026-09-28T03:56:04.286592756,"Get Patient Allergy Intolerance",2550,2550,-,0,0.23,1,231,720,1719,2921,4909,489,622
2026-09-28T03:56:04.286592756,"Get Specific Medication Requests",10200,10200,-,0,0.9,19,672,1529,3704,4788,8642,1059,1153
2026-09-28T03:56:04.286592756,"Get Encounter With Visit and Diagnoses",2550,2550,-,0,0.23,3,86,208,599,1355,2748,170,242
2026-09-28T03:56:04.286592756,"Get All Providers",6146,6146,-,0,0.54,3,98,353,862,1715,4780,239,337
2026-09-28T03:56:04.286592756,"Get patient identification photo",206026,206026,-,0,18.2,3,60,168,671,870,5100,144,233
2026-09-28T03:56:04.286592756,"Get Person Attributes",2217,2217,-,0,0.2,2,47,105,363,1302,3783,109,219
2026-09-28T03:56:04.286592756,"Get Patient Identifiers",2217,2217,-,0,0.2,2,60,167,537,1278,3643,141,247
2026-09-28T03:56:04.286592756,"Get Relationships of Person",2217,2217,-,0,0.2,3,61,162,564,922,2851,132,201
2026-09-28T03:56:04.286592756,"Get queue entry number",1294,1294,-,0,0.11,1,11,24,184,263,1349,30,76
2026-09-28T03:56:04.286592756,"Submit visit queue entry",1300,1294,6,0.46,0.11,17,363,933,1743,2735,6879,590,661
2026-09-28T03:56:04.286592756,"Create a patient list",3054,3054,-,0,0.27,5,151,396,939,1551,4205,279,352
2026-09-28T03:56:04.286592756,"Save an Allergy",3036,3036,-,0,0.27,12,299,685,1436,1975,4600,461,465
2026-09-28T03:56:04.286592756,"Get all active Lab orders",7644,7644,-,0,0.68,3,757,2230,4579,6818,12021,1395,1565
2026-09-28T03:56:04.286592756,"Get Lab Orders by full filler status",22932,22932,-,0,2.03,3,403,2650,13078,16120,23685,2363,4020
2026-09-28T03:56:04.286592756,"Get Clinical Form by UUID",1250,1250,-,0,0.11,8,148,289,720,1325,2866,227,265
2026-09-28T03:56:04.286592756,"Get Encounter Roles",1250,1250,-,0,0.11,2,40,99,414,926,2227,95,169
2026-09-28T03:56:04.286592756,"Get Latest FHIR Encounter",1250,1250,-,0,0.11,2,154,366,815,1327,2302,256,283
2026-09-28T03:56:04.286592756,"Get Encounter By UUID",1123,1123,-,0,0.1,8,193,408,906,1548,2620,302,321
2026-09-28T03:56:04.286592756,"Get Order Entry Config",2550,2550,-,0,0.23,22,511,775,1593,2496,5858,590,515
2026-09-28T03:56:04.286592756,"Get ValueSet by UUID",7650,7650,-,0,0.68,7,339,888,2338,3839,6779,649,798
2026-09-28T03:56:04.286592756,"Get Medication Request by UUID",7650,7650,-,0,0.68,15,346,923,1889,3066,5349,613,661
2026-09-28T03:56:04.286592756,"Get Medication by UUID",2550,2550,-,0,0.23,2,27,57,297,631,2022,62,129
2026-09-28T03:56:04.286592756,"Search Medication by Code",2550,2550,-,0,0.23,5,76,143,455,833,2284,128,184
2026-09-28T03:56:04.286592756,"Get patient list details",3054,3054,-,0,0.27,3,65,182,645,1102,3317,161,253
2026-09-28T03:56:04.286592756,"Fetch members of patient list",3054,3054,-,0,0.27,2,63,172,506,995,2562,147,230
2026-09-28T03:56:04.286592756,"Get service concept set",1300,1300,-,0,0.11,2,40,121,432,1092,2087,113,198
2026-09-28T03:56:04.286592756,"Get Concept",43570,43570,-,0,3.85,5,154,289,824,1178,5946,236,271
2026-09-28T03:56:04.286592756,"Submit new Service queue",1300,1300,-,0,0.11,8,158,509,1299,1818,4305,334,435
2026-09-28T03:56:04.286592756,"Get Locations Search Set",1658,1658,-,0,0.15,3,55,154,566,1128,3007,134,223
2026-09-28T03:56:04.286592756,"Change the session location",1658,1658,-,0,0.15,3,66,210,720,1528,5201,174,299
2026-09-28T03:56:04.286592756,"Edit patient details",2217,2217,-,0,0.2,9,241,492,1086,1747,3329,363,385
2026-09-28T03:56:04.286592756,"Check Appointment Conflicts",1046,1046,-,0,0.09,6,102,256,698,1268,2866,198,271
2026-09-28T03:56:04.286592756,"Create Appointment",1046,1046,-,0,0.09,12,177,352,748,1073,3161,252,251
2026-09-28T03:56:04.286592756,"Submit transition request",1300,1227,73,5.62,0.11,9,192,482,1020,1853,2778,332,375
2026-09-28T03:56:04.286592756,"End Visit",10311,10105,206,2,0.91,8,295,669,1494,2080,6917,468,500
2026-09-28T03:56:04.286592756,"Update full filler status",5096,5096,-,0,0.45,6,126,247,653,2018,3420,194,229
2026-09-28T03:56:04.286592756,"Generate OMRS Identifier",2401,2401,-,0,0.21,7,149,311,836,1707,3801,248,306
2026-09-28T03:56:04.286592756,"Send Patient Registration Request",2401,2401,-,0,0.21,21,677,1078,2085,3060,5591,810,642
2026-09-28T03:56:04.286592756,"Save a clinical form",1250,1250,-,0,0.11,21,758,1464,2846,4043,8493,1001,948
2026-09-28T03:56:04.286592756,"Get patient admission note",15005,15005,-,0,1.33,3,139,305,767,1502,3826,232,277
2026-09-28T03:56:04.286592756,"Dispense medication form submission",2550,2550,-,0,0.23,25,716,1759,3387,4477,12435,1128,1158
2026-09-28T03:56:04.286592756,"Get Patient Encounters",1250,1250,-,0,0.11,12,4460,7319,11124,14279,16949,4662,3641
2026-09-28T03:56:04.286592756,"Submit Appointment StatusChange",2092,2092,-,0,0.18,7,149,360,935,1609,2370,268,319
2026-09-28T03:56:04.286592756,"Get Lab Results of Patient",2500,2500,-,0,0.22,2,574,1287,3147,5648,11157,956,1173
2026-09-28T03:56:04.286592756,"Get specific encounter details",2548,2548,-,0,0.23,5,90,236,637,1631,3873,184,261
2026-09-28T03:56:04.286592756,"Get Alkaline concept details",2548,2548,-,0,0.23,3,55,148,501,1151,2520,129,213
2026-09-28T03:56:04.286592756,"Update the specific encounter",2548,2548,-,0,0.23,18,441,912,1906,2710,5634,625,624
2026-09-28T03:56:04.286592756,"Update the Lab Order Completion",2548,2548,-,0,0.23,14,367,769,1597,2794,4845,534,540
2026-09-28T03:56:04.286592756,"Get Visits With Diagnoses and Notes (new endpoint)",1250,1250,-,0,0.11,10,407,801,1476,2473,5455,550,524
2026-09-28T03:56:04.286592756,"Close medication",2550,2550,-,0,0.23,12,236,594,1601,2417,5289,433,528
2026-09-28T03:56:04.286592756,"Discontinue the drug order",2550,2550,-,0,0.23,19,381,861,1848,2793,5320,594,619
2026-09-28T03:56:04.286592756,"Get Drug Orders except the cancelled and expired",1250,1250,-,0,0.11,5,901,2000,3959,5154,12135,1315,1341
2026-09-28T03:56:04.286592756,"Get Drug Orders except the discontinued orders",1250,1250,-,0,0.11,4,944,1920,3794,5541,7439,1277,1261
2026-09-28T03:56:04.286592756,"Get Observation Tree Details",3750,3750,-,0,0.33,4,645,2708,6976,10064,16175,1761,2322
2026-09-28T03:56:04.286592756,"Search for Condition",2500,-,2500,100,0.22,4,111,232,729,1670,3050,202,289
2026-09-28T03:56:04.286592756,"Save Conditions",1250,1250,-,0,0.11,6,141,351,958,1730,3252,271,354
2026-09-28T03:56:04.286592756,"Get Immunizations of Patient",3750,3750,-,0,0.33,2,176,1394,4322,6485,15043,975,1567
2026-09-28T03:56:04.286592756,"Get all immunizations",1250,1250,-,0,0.11,7,170,322,795,1723,3694,256,310
2026-09-28T03:56:04.286592756,"Submit Patient immunization",1250,1246,4,0.32,0.11,42,1628,2897,4859,6618,10232,1889,1647
2026-09-28T03:56:04.286592756,"Get Attachments of Patient",2500,2500,-,0,0.22,6,193,372,870,1265,2837,274,290
2026-09-28T03:56:04.286592756,"Get Allowed File Extensions",1250,1250,-,0,0.11,2,44,121,525,971,2563,116,204
2026-09-28T03:56:04.286592756,"Get Programs",2500,2500,-,0,0.22,9,208,395,820,1421,2532,283,274
2026-09-28T03:56:04.286592756,"Add new program to patient",1250,1250,-,0,0.11,7,208,465,1153,2420,4741,344,423
2026-09-28T03:56:04.286592756,"Complete the program",1250,1250,-,0,0.11,9,205,454,1069,2089,4753,334,404
2026-09-28T03:56:04.286592756,"Upload Attachment Request",1250,1249,1,0.08,0.11,31,3747,8072,14300,20094,25048,5296,4593
2026-09-28T03:56:04.286592756,"Save Visit Note",1250,1250,-,0,0.11,14,497,1004,1861,2797,6241,673,648
2026-09-28T03:56:04.286592756,"Save Patient Diagnosis",2500,2500,-,0,0.22,5,148,353,855,1642,4081,263,315
2026-09-27T03:55:57.488555648,"Login",30671,1,30670,100,2.72,4,66,147,555,2867,3677,122,181
2026-09-27T03:55:57.488555648,"Get locations",34786,34786,-,0,3.08,24,355,677,1164,2402,3886,429,401
2026-09-27T03:55:57.488555648,"Select Location",30671,-,30671,100,2.72,1,21,65,327,448,2786,63,125
2026-09-27T03:55:57.488555648,"Get Address Template",36752,36752,-,0,3.25,1,20,64,360,1893,2655,61,118
2026-09-27T03:55:57.488555648,"Get Relationship Types",36752,36752,-,0,3.25,2,34,102,456,2344,2815,86,150
2026-09-27T03:55:57.488555648,"Get Appointments for Specific Date",30671,30671,-,0,2.72,2,31,103,332,491,2714,85,136
2026-09-27T03:55:57.488555648,"Get Module Information",41138,41138,-,0,3.64,1,23,63,321,2433,2996,60,117
2026-09-27T03:55:57.488555648,"Get Patient Identifier Types",36752,36752,-,0,3.25,2,34,99,331,673,2564,86,150
2026-09-27T03:55:57.488555648,"Get Primary Identifier Term Mapping",67189,67189,-,0,5.95,3,54,149,505,950,4184,127,203
2026-09-27T03:55:57.488555648,"Get Identifier Source",67423,67423,-,0,5.97,2,42,115,490,624,2912,103,173
2026-09-27T03:55:57.488555648,"Get Locations by Tag and Query",44200,44200,-,0,3.91,3,56,192,498,1084,3484,142,218
2026-09-27T03:55:57.488555648,"Get Visits",31964,31964,-,0,2.83,10,663,2414,5054,6298,10288,1412,1716
2026-09-27T03:55:57.488555648,"Get Auto Generation Options",36752,36752,-,0,3.25,5,88,329,855,1529,3885,220,318
2026-09-27T03:55:57.488555648,"Get Queue Entry",38252,13333,24919,65.14,3.39,2,48,149,429,1041,3753,123,201
2026-09-27T03:55:57.488555648,"Get Visit Types",17915,17915,-,0,1.59,2,31,94,328,916,3061,85,158
2026-09-27T03:55:57.488555648,"Get Current Visit of Patient",34514,4308,30206,87.52,3.06,4,223,630,1453,2464,5327,413,526
2026-09-27T03:55:57.488555648,"Get Visits of Patient",36202,4589,31613,87.32,3.21,3,258,684,1600,3600,5230,435,533
2026-09-27T03:55:57.488555648,"Get Program Enrollments of Patient",21686,2598,19088,88.02,1.92,3,116,307,835,2682,4888,213,294
2026-09-27T03:55:57.488555648,"Get Visit Queue Entry",31988,31988,-,0,2.83,3,51,168,537,1413,2836,124,193
2026-09-27T03:55:57.488555648,"Get Appointments of a Patient",18310,18310,-,0,1.62,2,26,83,363,1634,2067,70,126
2026-09-27T03:55:57.488555648,"Get Patient Summary Data",34250,34250,-,0,3.03,3,72,156,497,634,3441,122,173
2026-09-27T03:55:57.488555648,"Get Active Visits of Patient",340290,340290,-,0,30.13,2,29,112,370,777,4126,95,175
2026-09-27T03:55:57.488555648,"Get isVisitsEnabled",21304,21304,-,0,1.89,2,36,110,396,874,2470,100,173
2026-09-27T03:55:57.488555648,"Get the status of patient death",319449,319449,-,0,28.28,2,21,76,233,640,3237,65,127
2026-09-27T03:55:57.488555648,"Get all the constraints on the vital concepts",21304,-,21304,100,1.89,3,69,183,594,810,2939,145,219
2026-09-27T03:55:57.488555648,"Get Patient Observations",62794,10005,52789,84.07,5.56,1,217,813,1761,3197,4472,485,595
2026-09-27T03:55:57.488555648,"Get Patient Conditions",24558,13977,10581,43.09,2.17,2,64,356,1588,2076,4971,301,520
2026-09-27T03:55:57.488555648,"Get Active Orders",21182,16624,4558,21.52,1.88,4,93,251,843,3033,3875,193,274
2026-09-27T03:55:57.488555648,"Get Admission Location Info",4854,4854,-,0,0.43,4,48,139,462,1000,2184,120,196
2026-09-27T03:55:57.488555648,"Get Admission Info",4854,4854,-,0,0.43,18,183,579,1273,1976,3269,380,464
2026-09-27T03:55:57.488555648,"Submit Visit Form",16622,16562,60,0.36,1.47,6,112,360,1073,3311,4289,250,338
2026-09-27T03:55:57.488555648,"Get Inpatient Request",4854,4854,-,0,0.43,11,119,347,852,1672,2072,227,283
2026-09-27T03:55:57.488555648,"Get Orders of admitted patient by Activated Date",4854,30,4824,99.38,0.43,5,70,207,734,1725,2602,171,267
2026-09-27T03:55:57.488555648,"Get Patients",5816,5816,-,0,0.51,10,1018,5677,12166,14988,21279,3315,4144
2026-09-27T03:55:57.488555648,"Get Order Types",4732,4732,-,0,0.42,2,39,109,438,1526,2277,93,157
2026-09-27T03:55:57.488555648,"Get Locations That Support Visits",7109,7109,-,0,0.63,3,32,116,377,847,1932,95,159
2026-09-27T03:55:57.488555648,"Get Beds for Patient",4854,4854,-,0,0.43,3,35,117,419,656,1764,95,162
2026-09-27T03:55:57.488555648,"Save Ward Encounter",12135,-,12135,100,1.07,9,151,554,2021,4602,6588,467,768
2026-09-27T03:55:57.488555648,"Save Vitals",4295,-,4295,100,0.38,48,895,3152,5651,7172,10858,1746,1950
2026-09-27T03:55:57.488555648,"Search for Drug",9464,9464,-,0,0.84,2,39,120,503,910,2514,108,186
2026-09-27T03:55:57.488555648,"Save Drug Order",4732,-,4732,100,0.42,15,348,984,1926,2999,6149,593,700
2026-09-27T03:55:57.488555648,"Get Vitals concept reference ranges",4854,-,4854,100,0.43,13,132,538,1532,2405,5171,384,549
2026-09-27T03:55:57.488555648,"Get Specific Visit Details",17599,17599,-,0,1.56,4,84,228,613,1099,2745,165,235
2026-09-27T03:55:57.488555648,"Get Transfer Locations configuration data",4854,4854,-,0,0.43,7,90,255,746,1339,2440,189,274
2026-09-27T03:55:57.488555648,"Get Transferable locations",4854,4854,-,0,0.43,27,187,466,985,1577,2705,315,342
2026-09-27T03:55:57.488555648,"Get the details of a orderType",4386,4386,-,0,0.39,2,42,127,490,814,2347,108,175
2026-09-27T03:55:57.488555648,"Get All Form Encounters",1688,1688,-,0,0.15,4,381,1146,2064,2724,3462,657,710
2026-09-27T03:55:57.488555648,"Get all Lab order details",4386,-,4386,100,0.39,3,65,196,551,1052,3177,146,222
2026-09-27T03:55:57.488555648,"Add a lab order",4386,-,4386,100,0.39,20,449,1151,2465,4933,6510,730,808
2026-09-27T03:55:57.488555648,"Get All Forms",1688,1688,-,0,0.15,7,164,565,1358,2043,3314,360,469
2026-09-27T03:55:57.488555648,"Get Allergies of Patient",4295,250,4045,94.18,0.38,1,156,275,618,863,2064,193,216
2026-09-27T03:55:57.488555648,"Get Drug Allergens",4295,-,4295,100,0.38,3,61,175,613,969,2232,146,221
2026-09-27T03:55:57.488555648,"Get Environment Allergens",4295,-,4295,100,0.38,3,67,164,561,1226,3341,146,229
2026-09-27T03:55:57.488555648,"Get Food Allergens",4295,-,4295,100,0.38,3,60,168,561,1219,2441,146,228
2026-09-27T03:55:57.488555648,"Get Allergic Reactions Allergens",4295,-,4295,100,0.38,3,60,168,559,1089,2598,143,222
2026-09-27T03:55:57.488555648,"Get medication request encounters",14196,-,14196,100,1.26,2,73,476,1228,1654,2426,293,421
2026-09-27T03:55:57.488555648,"Get All Appointment Services(full)",3879,3879,-,0,0.34,3,28,88,413,1390,1737,80,142
2026-09-27T03:55:57.488555648,"Get all appointments for a specific day",2586,2586,-,0,0.23,2,18,77,251,586,1258,65,118
2026-09-27T03:55:57.488555648,"Get all appointment summaries",2586,2586,-,0,0.23,7,60,229,676,1209,2692,173,251
2026-09-27T03:55:57.488555648,"Get Appointment By Status",10344,10344,-,0,0.92,2,21,88,285,978,2018,68,121
2026-09-27T03:55:57.488555648,"Get all patient lists",14692,14692,-,0,1.3,3,276,1052,1984,2673,4426,599,700
2026-09-27T03:55:57.488555648,"Get Person Attribute Type",6081,6081,-,0,0.54,2,34,88,401,570,2647,84,151
2026-09-27T03:55:57.488555648,"Get all default appointment services",2586,2586,-,0,0.23,2,27,99,300,684,1579,77,133
2026-09-27T03:55:57.488555648,"Get all visits of the given location with date",2586,2586,-,0,0.23,28,1034,4243,7799,9846,11571,2423,2681
2026-09-27T03:55:57.488555648,"Get Ordered Address Hierarchy Levels",6081,6081,-,0,0.54,1,14,36,189,246,1538,36,80
2026-09-27T03:55:57.488555648,"Get Patient Allergy Intolerance",4732,223,4509,95.29,0.42,1,152,267,562,846,3293,188,206
2026-09-27T03:55:57.488555648,"Get All Providers",10757,10757,-,0,0.95,4,89,339,893,1552,3083,231,334
2026-09-27T03:55:57.488555648,"Get patient identification photo",302999,302999,-,0,26.83,3,33,140,442,1646,4229,100,180
2026-09-27T03:55:57.488555648,"Get Person Attributes",3259,3259,-,0,0.29,2,38,100,412,2057,2947,86,151
2026-09-27T03:55:57.488555648,"Get Patient Identifiers",3259,3259,-,0,0.29,3,49,131,459,1204,1938,112,181
2026-09-27T03:55:57.488555648,"Get Relationships of Person",3259,3259,-,0,0.29,3,51,137,441,1005,1961,112,178
2026-09-27T03:55:57.488555648,"Create a patient list",3673,3672,1,0.03,0.33,5,100,344,891,2121,2979,220,298
2026-09-27T03:55:57.488555648,"Get queue entry number",2091,2091,-,0,0.19,0,5,21,141,853,1133,22,59
2026-09-27T03:55:57.488555648,"Submit visit queue entry",2096,-,2096,100,0.19,10,73,357,958,1963,2762,247,365
2026-09-27T03:55:57.488555648,"Get Clinical Form by UUID",1688,-,1688,100,0.15,4,79,169,407,870,1912,128,167
2026-09-27T03:55:57.488555648,"Get all active Lab orders",13158,-,13158,100,1.16,9,821,1565,2741,3672,6743,966,932
2026-09-27T03:55:57.488555648,"Get Lab Orders by full filler status",39474,39474,-,0,3.49,3,61,237,642,773,2976,158,226
2026-09-27T03:55:57.488555648,"Get Encounter Roles",1688,1688,-,0,0.15,2,43,102,415,1105,1870,95,163
2026-09-27T03:55:57.488555648,"Get Latest FHIR Encounter",1688,1688,-,0,0.15,2,138,378,964,1388,3324,262,327
2026-09-27T03:55:57.488555648,"Save an Allergy",4295,-,4295,100,0.38,11,230,707,1452,2184,3504,446,526
2026-09-27T03:55:57.488555648,"Get Encounter By UUID",1560,-,1560,100,0.14,9,180,453,973,2054,3032,309,349
2026-09-27T03:55:57.488555648,"Get Order Entry Config",4732,4732,-,0,0.42,14,344,821,1795,2075,4944,506,555
2026-09-27T03:55:57.488555648,"Get ValueSet by UUID",14196,-,14196,100,1.26,6,79,161,368,717,2426,117,147
2026-09-27T03:55:57.488555648,"Get Medication by UUID",4732,-,4732,100,0.42,6,90,183,374,851,1798,126,150
2026-09-27T03:55:57.488555648,"Search Medication by Code",4732,-,4732,100,0.42,6,105,198,480,1558,2682,148,185
2026-09-27T03:55:57.488555648,"Get Locations Search Set",2427,2427,-,0,0.21,3,37,109,452,1021,1775,108,193
2026-09-27T03:55:57.488555648,"Change the session location",2427,-,2427,100,0.21,2,23,71,278,743,1495,71,139
2026-09-27T03:55:57.488555648,"Get patient list details",3672,3672,-,0,0.33,3,51,139,487,1848,3490,121,202
2026-09-27T03:55:57.488555648,"Fetch members of patient list",3672,3672,-,0,0.33,3,51,135,442,996,2069,116,187
2026-09-27T03:55:57.488555648,"Get service concept set",2096,2096,-,0,0.19,2,20,73,467,1905,2661,79,170
2026-09-27T03:55:57.488555648,"Get Concept",2096,-,2096,100,0.19,3,26,111,580,2272,3073,98,203
2026-09-27T03:55:57.488555648,"Submit new Service queue",2096,-,2096,100,0.19,7,52,207,757,1119,2013,163,265
2026-09-27T03:55:57.488555648,"Edit patient details",3259,3259,-,0,0.29,10,189,496,1199,1403,2559,311,372
2026-09-27T03:55:57.488555648,"Check Appointment Conflicts",1293,1293,-,0,0.11,5,52,175,649,830,2605,146,227
2026-09-27T03:55:57.488555648,"Create Appointment",1293,1293,-,0,0.11,11,94,294,744,1550,2552,206,274
2026-09-27T03:55:57.488555648,"Save a clinical form",1688,-,1688,100,0.15,23,501,1463,3090,4046,6865,904,1016
2026-09-27T03:55:57.488555648,"Submit transition request",2096,-,2096,100,0.19,4,30,94,292,677,1270,77,125
2026-09-27T03:55:57.488555648,"End Visit",16562,16562,-,0,1.47,10,169,599,1318,2999,4269,344,428
2026-09-27T03:55:57.488555648,"Generate OMRS Identifier",2822,2822,-,0,0.25,6,127,291,762,1268,2185,212,271
2026-09-27T03:55:57.488555648,"Send Patient Registration Request",2822,2822,-,0,0.25,20,500,1072,2101,2699,4779,671,687
2026-09-27T03:55:57.488555648,"Get Patient Encounters",1688,-,1688,100,0.15,11,475,1248,2230,3111,4493,732,771
2026-09-27T03:55:57.488555648,"Get Lab Results of Patient",3376,1816,1560,46.21,0.3,1,62,288,827,1911,2601,210,310
2026-09-27T03:55:57.488555648,"Get Alkaline concept details",4386,-,4386,100,0.39,3,69,187,524,1101,2799,148,225
2026-09-27T03:55:57.488555648,"Update the Lab Order Completion",4386,-,4386,100,0.39,5,107,326,948,2844,3765,220,306
2026-09-27T03:55:57.488555648,"Submit Appointment StatusChange",2586,2586,-,0,0.23,8,78,250,812,1149,2425,190,272
2026-09-27T03:55:57.488555648,"Get Visits With Diagnoses and Notes (new endpoint)",1688,1640,48,2.84,0.15,11,280,829,1618,2356,3193,511,564
2026-09-27T03:55:57.488555648,"Discontinue the drug order",4732,-,4732,100,0.42,6,116,297,870,1224,2892,221,304
2026-09-27T03:55:57.488555648,"Get Drug Orders except the cancelled and expired",1688,1688,-,0,0.15,4,109,304,786,1101,2631,206,274
2026-09-27T03:55:57.488555648,"Get Drug Orders except the discontinued orders",1688,1688,-,0,0.15,4,101,268,718,1601,2156,199,274
2026-09-27T03:55:57.488555648,"Get Observation Tree Details",5064,-,5064,100,0.45,5,111,324,790,1477,2909,219,291
2026-09-27T03:55:57.488555648,"Search for Condition",3376,-,3376,100,0.3,2,40,110,468,1521,2040,97,162
2026-09-27T03:55:57.488555648,"Get Immunizations of Patient",3376,518,2858,84.66,0.3,2,374,1011,1881,2731,4667,605,657
2026-09-27T03:55:57.488555648,"Get all immunizations",1688,-,1688,100,0.15,4,88,239,835,1079,2489,180,253
2026-09-27T03:55:57.488555648,"Submit Patient immunization",1688,-,1688,100,0.15,17,1036,3026,5375,6798,8688,1765,1847
2026-09-27T03:55:57.488555648,"Get Attachments of Patient",3376,3376,-,0,0.3,6,206,449,1029,1174,2592,291,322
2026-09-27T03:55:57.488555648,"Get Allowed File Extensions",1688,1688,-,0,0.15,2,42,133,391,1196,1719,106,170
2026-09-27T03:55:57.488555648,"Get Programs",3376,-,3376,100,0.3,5,111,258,704,1653,2619,195,258
2026-09-27T03:55:57.488555648,"Add new program to patient",1688,-,1688,100,0.15,9,185,479,1214,1593,3414,332,407
2026-09-27T03:55:57.488555648,"Upload Attachment Request",1688,1688,-,0,0.15,469,2702,6716,17958,25149,34134,4999,5624
2026-09-26T03:49:38.842616503,"Login",25969,25969,-,0,2.3,3,62,172,465,639,2697,122,165
2026-09-26T03:49:38.842616503,"Get locations",29586,29586,-,0,2.62,12,252,450,756,1180,3076,300,250
2026-09-26T03:49:38.842616503,"Select Location",25969,25969,-,0,2.3,1,28,118,353,829,2945,88,146
2026-09-26T03:49:38.842616503,"Get Address Template",31471,31471,-,0,2.78,1,14,41,221,1307,1580,41,84
2026-09-26T03:49:38.842616503,"Get Relationship Types",31471,31471,-,0,2.78,1,24,65,237,397,2406,59,100
2026-09-26T03:49:38.842616503,"Get Appointments for Specific Date",25969,25969,-,0,2.3,1,23,79,184,481,2823,57,90
2026-09-26T03:49:38.842616503,"Get Module Information",34681,34681,-,0,3.07,1,16,42,213,1201,1476,41,79
2026-09-26T03:49:38.842616503,"Get Patient Identifier Types",31471,31471,-,0,2.78,1,25,67,231,503,1704,59,101
2026-09-26T03:49:38.842616503,"Get Primary Identifier Term Mapping",55927,55927,-,0,4.95,2,39,106,320,709,3322,85,132
2026-09-26T03:49:38.842616503,"Get Identifier Source",57440,57440,-,0,5.08,2,33,99,270,656,1911,76,122
2026-09-26T03:49:38.842616503,"Get Locations by Tag and Query",37353,37353,-,0,3.3,2,47,133,450,1885,2735,99,144
2026-09-26T03:49:38.842616503,"Get Visits",27297,27297,-,0,2.41,6,640,1664,3192,5066,9776,1027,1091
2026-09-26T03:49:38.842616503,"Get Auto Generation Options",31471,31471,-,0,2.78,3,77,258,662,1883,2969,169,225
2026-09-26T03:49:38.842616503,"Get Queue Entry",32625,32625,-,0,2.89,2,1695,3010,5405,6777,10647,2047,1693
2026-09-26T03:49:38.842616503,"Get Visit Types",14594,14594,-,0,1.29,1,21,64,204,576,2041,57,105
2026-09-26T03:49:38.842616503,"Get Current Visit of Patient",25794,25794,-,0,2.28,2,1257,3291,7622,11098,25538,2237,2604
2026-09-26T03:49:38.842616503,"Get Visits of Patient",27255,27255,-,0,2.41,2,673,1513,2786,3851,7707,962,931
2026-09-26T03:49:38.842616503,"Get Program Enrollments of Patient",17649,17649,-,0,1.56,2,100,223,507,802,2612,158,187
2026-09-26T03:49:38.842616503,"Get Visit Queue Entry",25195,25195,-,0,2.23,2,36,107,375,2000,2841,84,130
2026-09-26T03:49:38.842616503,"Get Appointments of a Patient",14727,14727,-,0,1.3,1,20,52,209,332,1726,49,89
2026-09-26T03:49:38.842616503,"Get Patient Summary Data",27845,27845,-,0,2.46,2,47,102,269,649,2004,84,120
2026-09-26T03:49:38.842616503,"Get Active Visits of Patient",302382,302382,-,0,26.75,1,31,88,289,488,3394,77,129
2026-09-26T03:49:38.842616503,"Get isVisitsEnabled",18166,18166,-,0,1.61,1,26,84,267,661,2378,70,121
2026-09-26T03:49:38.842616503,"Get the status of patient death",285515,285515,-,0,25.25,1,23,61,192,545,3041,54,97
2026-09-26T03:49:38.842616503,"Get all the constraints on the vital concepts",18166,18166,-,0,1.61,2,44,101,366,1876,2607,84,126
2026-09-26T03:49:38.842616503,"Get Patient Observations",53236,53236,-,0,4.71,1,422,1701,4446,5864,10386,1103,1468
2026-09-26T03:49:38.842616503,"Get Patient Conditions",20111,20111,-,0,1.78,1,270,1086,4093,6653,14011,902,1473
2026-09-26T03:49:38.842616503,"Get Active Orders",17189,17189,-,0,1.52,3,228,928,2757,4166,7125,659,947
2026-09-26T03:49:38.842616503,"Get Admission Location Info",4312,4312,-,0,0.38,2,43,118,392,1031,1366,92,137
2026-09-26T03:49:38.842616503,"Get Admission Info",4312,4312,-,0,0.38,15,320,867,1624,2856,6048,550,617
2026-09-26T03:49:38.842616503,"Get Inpatient Request",4312,4312,-,0,0.38,9,465,1686,14951,21009,26106,2429,4781
2026-09-26T03:49:38.842616503,"Get Orders of admitted patient by Activated Date",17236,17236,-,0,1.52,3,98,255,582,1463,2802,177,205
2026-09-26T03:49:38.842616503,"Get Patients",5260,5260,-,0,0.47,9,1729,4923,8765,10734,15676,2862,2965
2026-09-26T03:49:38.842616503,"Submit Visit Form",13266,13212,54,0.41,1.17,5,101,257,684,799,2328,176,215
2026-09-26T03:49:38.842616503,"Get Locations That Support Visits",6588,6588,-,0,0.58,3,41,95,274,653,2019,80,119
2026-09-26T03:49:38.842616503,"Get Beds for Patient",4312,4312,-,0,0.38,2,31,81,249,579,1669,68,107
2026-09-26T03:49:38.842616503,"Save Ward Encounter",10780,10780,-,0,0.95,7,182,540,1789,2410,4985,408,557
2026-09-26T03:49:38.842616503,"Get Order Types",3335,3335,-,0,0.29,1,23,64,255,829,1974,60,109
2026-09-26T03:49:38.842616503,"Save Vitals",3681,3681,-,0,0.33,31,852,2016,3620,4767,8491,1256,1213
2026-09-26T03:49:38.842616503,"Get Vitals concept reference ranges",4312,4312,-,0,0.38,9,166,413,1030,3054,5283,292,356
2026-09-26T03:49:38.842616503,"Get Specific Visit Details",14780,14780,-,0,1.31,3,63,182,538,1965,2890,128,176
2026-09-26T03:49:38.842616503,"Get Transfer Locations configuration data",4312,4312,-,0,0.38,33,670,1947,3846,5658,8598,1209,1306
2026-09-26T03:49:38.842616503,"Get Transferable locations",4312,4312,-,0,0.38,22,190,352,639,845,2270,237,208
2026-09-26T03:49:38.842616503,"Search for Drug",6670,6670,-,0,0.59,1,20,66,294,391,1369,62,106
2026-09-26T03:49:38.842616503,"Save Drug Order",3335,3335,-,0,0.29,20,423,965,1818,2992,4539,609,605
2026-09-26T03:49:38.842616503,"Get Allergies of Patient",3681,3681,-,0,0.33,1,175,532,1181,1719,3159,348,413
2026-09-26T03:49:38.842616503,"Get Drug Allergens",3681,3681,-,0,0.33,15,280,430,702,1070,3186,308,246
2026-09-26T03:49:38.842616503,"Get Environment Allergens",3681,3681,-,0,0.33,12,230,376,646,1010,1564,259,209
2026-09-26T03:49:38.842616503,"Get Food Allergens",3681,3681,-,0,0.33,6,123,224,474,825,1712,162,160
2026-09-26T03:49:38.842616503,"Get Allergic Reactions Allergens",3681,3681,-,0,0.33,8,165,288,564,1035,1873,205,194
2026-09-26T03:49:38.842616503,"Get the details of a orderType",3210,3210,-,0,0.28,2,25,85,326,939,1477,69,117
2026-09-26T03:49:38.842616503,"Get all Lab order details",3210,3210,-,0,0.28,9,151,230,500,640,1559,176,162
2026-09-26T03:49:38.842616503,"Add a lab order",3210,3210,-,0,0.28,12,251,623,1500,1877,4444,414,464
2026-09-26T03:49:38.842616503,"Get All Form Encounters",1461,1461,-,0,0.13,3,408,872,1424,1961,3934,535,489
2026-09-26T03:49:38.842616503,"Get All Forms",1461,1461,-,0,0.13,4,139,356,779,1118,3305,234,271
2026-09-26T03:49:38.842616503,"Get medication request encounters",10005,10005,-,0,0.88,31,2502,6687,11678,14456,22497,3916,3964
2026-09-26T03:49:38.842616503,"Get patient age",65004,65004,-,0,5.75,1,30,68,301,2027,2784,64,103
2026-09-26T03:49:38.842616503,"Get all patient lists",14080,14080,-,0,1.25,2,317,766,1293,1678,4173,447,433
2026-09-26T03:49:38.842616503,"Get All Appointment Services(full)",3984,3984,-,0,0.35,2,35,91,277,1160,1669,73,115
2026-09-26T03:49:38.842616503,"Get all appointments for a specific day",2656,2656,-,0,0.23,4,75,213,481,887,2137,146,176
2026-09-26T03:49:38.842616503,"Get all appointment summaries",2656,2656,-,0,0.23,6,103,245,466,1025,2144,164,183
2026-09-26T03:49:38.842616503,"Get Appointment By Status",10624,10624,-,0,0.94,1,32,101,286,838,2091,78,122
2026-09-26T03:49:38.842616503,"Get Person Attribute Type",5502,5502,-,0,0.49,1,25,72,247,775,1226,62,103
2026-09-26T03:49:38.842616503,"Get all default appointment services",2656,2656,-,0,0.23,2,33,80,282,960,1746,69,115
2026-09-26T03:49:38.842616503,"Get all visits of the given location with date",2656,2656,-,0,0.23,10,1326,2900,5142,6556,9331,1822,1696
2026-09-26T03:49:38.842616503,"Get Ordered Address Hierarchy Levels",5502,5502,-,0,0.49,0,10,25,101,316,761,25,50
2026-09-26T03:49:38.842616503,"Get patient identification photo",271661,271661,-,0,24.03,2,37,104,381,445,3268,85,135
2026-09-26T03:49:38.842616503,"Get Person Attributes",2756,2756,-,0,0.24,2,29,68,283,389,1189,63,99
2026-09-26T03:49:38.842616503,"Get Patient Identifiers",2756,2756,-,0,0.24,2,35,103,335,559,1393,81,128
2026-09-26T03:49:38.842616503,"Get Relationships of Person",2756,2756,-,0,0.24,2,38,110,269,792,1192,82,123
2026-09-26T03:49:38.842616503,"Get Patient Allergy Intolerance",3335,3335,-,0,0.29,1,143,461,1226,1825,3077,316,409
2026-09-26T03:49:38.842616503,"Get Specific Medication Requests",13340,13340,-,0,1.18,13,369,930,2195,4249,5604,641,730
2026-09-26T03:49:38.842616503,"Get Encounter With Visit and Diagnoses",3335,3335,-,0,0.29,3,58,146,369,775,1730,110,146
2026-09-26T03:49:38.842616503,"Get All Providers",7998,7998,-,0,0.71,2,55,206,597,740,3126,141,203
2026-09-26T03:49:38.842616503,"Create a patient list",3520,3520,-,0,0.31,4,102,253,560,1044,1895,175,206
2026-09-26T03:49:38.842616503,"Get queue entry number",1771,1771,-,0,0.16,0,6,17,88,196,808,19,47
2026-09-26T03:49:38.842616503,"Submit visit queue entry",1776,1771,5,0.28,0.16,12,209,625,1279,1702,2465,380,417
2026-09-26T03:49:38.842616503,"Save an Allergy",3681,3681,-,0,0.33,8,205,495,932,1317,2368,310,319
2026-09-26T03:49:38.842616503,"Get all active Lab orders",9630,9630,-,0,0.85,6,464,1467,3255,3981,7519,917,1064
2026-09-26T03:49:38.842616503,"Get Lab Orders by full filler status",28890,28890,-,0,2.56,2,266,1488,9226,9957,17151,1525,2723
2026-09-26T03:49:38.842616503,"Get Clinical Form by UUID",1461,1461,-,0,0.13,7,102,193,410,746,1687,142,149
2026-09-26T03:49:38.842616503,"Get Encounter Roles",1461,1461,-,0,0.13,1,24,71,320,1058,1498,64,111
2026-09-26T03:49:38.842616503,"Get Latest FHIR Encounter",1461,1461,-,0,0.13,2,106,284,548,922,3224,184,216
2026-09-26T03:49:38.842616503,"Get Encounter By UUID",1333,1333,-,0,0.12,6,134,272,565,913,1361,194,190
2026-09-26T03:49:38.842616503,"Get Order Entry Config",3335,3335,-,0,0.29,16,309,510,1020,1471,3226,366,321
2026-09-26T03:49:38.842616503,"Get ValueSet by UUID",10005,10005,-,0,0.88,4,212,585,1564,3404,4938,422,530
2026-09-26T03:49:38.842616503,"Get Medication Request by UUID",10005,10005,-,0,0.88,9,203,585,1331,3668,5196,383,432
2026-09-26T03:49:38.842616503,"Get Medication by UUID",3335,3335,-,0,0.29,1,17,39,171,366,1634,42,83
2026-09-26T03:49:38.842616503,"Search Medication by Code",3335,3335,-,0,0.29,3,48,106,275,643,1202,80,105
2026-09-26T03:49:38.842616503,"Get patient list details",3520,3520,-,0,0.31,2,42,124,380,1149,1673,94,145
2026-09-26T03:49:38.842616503,"Fetch members of patient list",3520,3520,-,0,0.31,2,39,114,484,634,1884,92,140
2026-09-26T03:49:38.842616503,"Get Locations Search Set",2156,2156,-,0,0.19,2,31,101,372,570,1463,80,129
2026-09-26T03:49:38.842616503,"Change the session location",2156,2156,-,0,0.19,2,34,113,327,971,1850,97,165
2026-09-26T03:49:38.842616503,"Get service concept set",1776,1776,-,0,0.16,1,21,76,333,844,1162,64,114
2026-09-26T03:49:38.842616503,"Get Concept",52700,52700,-,0,4.66,3,108,204,598,780,2726,155,165
2026-09-26T03:49:38.842616503,"Submit new Service queue",1776,1776,-,0,0.16,6,93,290,902,1044,2320,197,262
2026-09-26T03:49:38.842616503,"Edit patient details",2756,2756,-,0,0.24,8,145,332,728,1120,2970,227,252
2026-09-26T03:49:38.842616503,"Check Appointment Conflicts",1328,1328,-,0,0.12,4,68,167,434,775,1719,125,158
2026-09-26T03:49:38.842616503,"Create Appointment",1328,1328,-,0,0.12,8,118,245,501,897,1371,171,172
2026-09-26T03:49:38.842616503,"Update full filler status",6420,6420,-,0,0.57,5,84,175,431,1123,2047,129,154
2026-09-26T03:49:38.842616503,"Save a clinical form",1461,1461,-,0,0.13,17,415,921,1791,2515,4242,602,599
2026-09-26T03:49:38.842616503,"Get patient admission note",18917,18917,-,0,1.67,2,89,191,470,650,2489,138,155
2026-09-26T03:49:38.842616503,"Submit transition request",1776,1619,157,8.84,0.16,7,117,302,722,849,1712,205,235
2026-09-26T03:49:38.842616503,"End Visit",13212,12826,386,2.92,1.17,6,200,472,988,1831,3332,310,336
2026-09-26T03:49:38.842616503,"Generate OMRS Identifier",2746,2746,-,0,0.24,4,102,220,489,1052,2103,161,182
2026-09-26T03:49:38.842616503,"Send Patient Registration Request",2746,2746,-,0,0.24,16,405,685,1243,1916,3581,478,402
2026-09-26T03:49:38.842616503,"Dispense medication form submission",3335,3335,-,0,0.29,16,404,1040,2374,2809,4655,694,757
2026-09-26T03:49:38.842616503,"Get Patient Encounters",1461,1461,-,0,0.13,11,2541,4942,7735,8973,11095,3005,2564
2026-09-26T03:49:38.842616503,"Get Lab Results of Patient",2922,2922,-,0,0.26,1,394,889,2049,3527,6085,631,753
2026-09-26T03:49:38.842616503,"Submit Appointment StatusChange",2656,2656,-,0,0.23,5,101,241,638,1004,1797,175,215
2026-09-26T03:49:38.842616503,"Get specific encounter details",3210,3210,-,0,0.28,3,63,152,394,839,2445,118,166
2026-09-26T03:49:38.842616503,"Get Alkaline concept details",3210,3210,-,0,0.28,2,35,91,317,499,1271,77,114
2026-09-26T03:49:38.842616503,"Update the specific encounter",3210,3210,-,0,0.28,15,252,610,1250,1552,2452,388,389
2026-09-26T03:49:38.842616503,"Update the Lab Order Completion",3210,3210,-,0,0.28,12,214,495,1144,1501,3695,343,369
2026-09-26T03:49:38.842616503,"Get Visits With Diagnoses and Notes (new endpoint)",1461,1461,-,0,0.13,8,258,548,1028,1426,2909,357,346
2026-09-26T03:49:38.842616503,"Close medication",3335,3335,-,0,0.29,8,148,400,853,1539,3179,264,306
2026-09-26T03:49:38.842616503,"Discontinue the drug order",3335,3335,-,0,0.29,14,248,573,1371,1585,3772,392,415
2026-09-26T03:49:38.842616503,"Get Drug Orders except the cancelled and expired",1461,1461,-,0,0.13,5,676,1632,3297,4552,6460,1045,1098
2026-09-26T03:49:38.842616503,"Get Drug Orders except the discontinued orders",1461,1461,-,0,0.13,4,650,1652,3095,4425,6518,1027,1078
2026-09-26T03:49:38.842616503,"Get Observation Tree Details",4383,4383,-,0,0.39,3,317,1500,4620,6264,8740,1059,1498
2026-09-26T03:49:38.842616503,"Search for Condition",2922,2922,-,0,0.26,10,169,279,550,1049,2234,206,192
2026-09-26T03:49:38.842616503,"Save Conditions",1461,1461,-,0,0.13,5,84,213,546,1068,2345,160,210
2026-09-26T03:49:38.842616503,"Get Immunizations of Patient",4383,4383,-,0,0.39,1,112,1035,3278,5431,8943,729,1215
2026-09-26T03:49:38.842616503,"Get all immunizations",1461,1461,-,0,0.13,5,105,206,490,802,1339,153,164
2026-09-26T03:49:38.842616503,"Submit Patient immunization",1461,1458,3,0.21,0.13,30,853,1803,3097,4215,6638,1129,1065
2026-09-26T03:49:38.842616503,"Get Attachments of Patient",2922,2922,-,0,0.26,4,131,275,613,908,1757,187,198
2026-09-26T03:49:38.842616503,"Get Allowed File Extensions",1461,1461,-,0,0.13,2,28,84,330,488,1115,67,108
2026-09-26T03:49:38.842616503,"Get Programs",2922,2922,-,0,0.26,6,145,296,559,774,1797,197,184
2026-09-26T03:49:38.842616503,"Add new program to patient",1461,1461,-,0,0.13,6,119,300,663,1029,2222,208,251
2026-09-26T03:49:38.842616503,"Complete the program",1461,1461,-,0,0.13,7,127,302,602,930,2374,209,240
2026-09-26T03:49:38.842616503,"Upload Attachment Request",1461,1461,-,0,0.13,393,1632,4205,8764,12795,15020,2899,2759
2026-09-26T03:49:38.842616503,"Save Visit Note",1461,1461,-,0,0.13,11,283,609,1258,1973,3576,413,428
2026-09-26T03:49:38.842616503,"Save Patient Diagnosis",2922,2922,-,0,0.26,4,99,238,579,1167,2344,171,218
2026-09-25T03:50:17.48187874,"Login",20337,20337,-,0,1.8,5,120,291,726,1557,5443,224,286
2026-09-25T03:50:17.48187874,"Get locations",23099,23099,-,0,2.04,27,490,696,1205,1964,6798,531,375
2026-09-25T03:50:17.48187874,"Select Location",20337,20337,-,0,1.8,3,65,193,760,994,4185,159,249
2026-09-25T03:50:17.48187874,"Get Address Template",24889,24889,-,0,2.2,1,26,74,291,789,3922,72,143
2026-09-25T03:50:17.48187874,"Get Relationship Types",24889,24889,-,0,2.2,2,48,122,389,1076,4300,111,188
2026-09-25T03:50:17.48187874,"Get Appointments for Specific Date",20337,20337,-,0,1.8,2,40,124,342,867,3322,95,153
2026-09-25T03:50:17.48187874,"Get Module Information",27306,27306,-,0,2.41,1,31,78,324,1605,3664,76,150
2026-09-25T03:50:17.48187874,"Get Patient Identifier Types",24889,24889,-,0,2.2,2,48,131,485,2003,3746,111,189
2026-09-25T03:50:17.48187874,"Get Primary Identifier Term Mapping",43595,43595,-,0,3.85,3,79,199,640,2257,4163,159,235
2026-09-25T03:50:17.48187874,"Get Identifier Source",45226,45226,-,0,3.99,2,64,170,503,1296,4292,143,228
2026-09-25T03:50:17.48187874,"Get Locations by Tag and Query",28739,28739,-,0,2.54,3,95,243,776,899,5028,188,263
2026-09-25T03:50:17.48187874,"Get Visits",21337,21337,-,0,1.88,9,1436,3040,5479,6884,11854,1903,1812
2026-09-25T03:50:17.48187874,"Get Auto Generation Options",24889,24889,-,0,2.2,5,174,472,1153,1719,5816,319,396
2026-09-25T03:50:17.48187874,"Get Queue Entry",25066,25066,-,0,2.21,4,2062,3296,5398,7622,13292,2260,1738
2026-09-25T03:50:17.48187874,"Get Visit Types",10819,10819,-,0,0.96,2,41,118,484,1476,2372,102,174
2026-09-25T03:50:17.48187874,"Get Current Visit of Patient",19315,19315,-,0,1.71,3,2727,6335,13493,19188,39690,4275,4504
2026-09-25T03:50:17.48187874,"Get Visits of Patient",20525,20525,-,0,1.81,3,1318,2549,4585,6285,10674,1695,1488
2026-09-25T03:50:17.48187874,"Get Program Enrollments of Patient",13449,13449,-,0,1.19,3,165,346,790,1531,3898,257,296
2026-09-25T03:50:17.48187874,"Get Visit Queue Entry",19538,19538,-,0,1.73,3,71,184,503,1270,4766,149,229
2026-09-25T03:50:17.48187874,"Get Appointments of a Patient",11029,11029,-,0,0.97,2,34,86,395,1652,2185,80,140
2026-09-25T03:50:17.48187874,"Get Patient Summary Data",21525,21525,-,0,1.9,3,84,178,513,1193,3998,148,213
2026-09-25T03:50:17.48187874,"Get Active Visits of Patient",219283,219283,-,0,19.37,2,62,183,705,2914,4550,145,233
2026-09-25T03:50:17.48187874,"Get isVisitsEnabled",14221,14221,-,0,1.26,2,52,156,697,872,3606,136,228
2026-09-25T03:50:17.48187874,"Get the status of patient death",206266,206266,-,0,18.22,2,43,126,461,2255,5480,101,175
2026-09-25T03:50:17.48187874,"Get all the constraints on the vital concepts",14221,14221,-,0,1.26,3,84,189,566,1275,3599,157,225
2026-09-25T03:50:17.48187874,"Get Patient Observations",42331,42331,-,0,3.74,1,869,2844,7442,9973,18125,1895,2430
2026-09-25T03:50:17.48187874,"Get Patient Conditions",15934,15934,-,0,1.41,2,570,2128,7870,12422,22840,1674,2609
2026-09-25T03:50:17.48187874,"Get Active Orders",13514,13514,-,0,1.19,4,401,1222,3663,5388,11854,915,1226
2026-09-25T03:50:17.48187874,"Get Admission Location Info",3104,3104,-,0,0.27,4,78,213,617,1901,3598,170,255
2026-09-25T03:50:17.48187874,"Get Admission Info",3104,3104,-,0,0.27,23,482,1112,2108,4580,12088,760,842
2026-09-25T03:50:17.48187874,"Get Inpatient Request",3104,3104,-,0,0.27,14,804,3342,26599,35791,42066,4646,8570
2026-09-25T03:50:17.48187874,"Get Orders of admitted patient by Activated Date",10296,10296,-,0,0.91,4,153,355,937,1198,3807,253,298
2026-09-25T03:50:17.48187874,"Get Patients",3795,3795,-,0,0.34,18,3744,8716,14552,17727,23686,5220,4853
2026-09-25T03:50:17.48187874,"Submit Visit Form",9819,9780,39,0.4,0.87,7,173,416,1032,1971,4213,311,377
2026-09-25T03:50:17.48187874,"Get Locations That Support Visits",4795,4795,-,0,0.42,4,73,179,595,811,3373,145,215
2026-09-25T03:50:17.48187874,"Get Beds for Patient",3104,3104,-,0,0.27,3,56,144,467,1017,2638,124,185
2026-09-25T03:50:17.48187874,"Save Ward Encounter",7760,7760,-,0,0.69,10,398,998,3107,4711,9179,772,999
2026-09-25T03:50:17.48187874,"Get Order Types",2397,2397,-,0,0.21,2,40,103,445,982,5220,101,202
2026-09-25T03:50:17.48187874,"Save Vitals",2938,2938,-,0,0.26,53,1936,3642,6245,7927,12489,2356,2022
2026-09-25T03:50:17.48187874,"Get Vitals concept reference ranges",3104,3104,-,0,0.27,13,350,776,1693,2742,6728,543,584
2026-09-25T03:50:17.48187874,"Get Specific Visit Details",11527,11527,-,0,1.02,4,126,310,912,1214,3831,231,309
2026-09-25T03:50:17.48187874,"Get Transfer Locations configuration data",3104,3104,-,0,0.27,52,1533,3658,6721,8307,13620,2296,2198
2026-09-25T03:50:17.48187874,"Get Transferable locations",3104,3104,-,0,0.27,28,367,650,1083,1712,3157,454,363
2026-09-25T03:50:17.48187874,"Search for Drug",4794,4794,-,0,0.42,2,43,134,581,619,4539,118,221
2026-09-25T03:50:17.48187874,"Save Drug Order",2397,2397,-,0,0.21,30,799,1546,2926,4601,7682,1059,984
2026-09-25T03:50:17.48187874,"Get Allergies of Patient",2938,2938,-,0,0.26,2,344,890,1997,3289,6472,601,693
2026-09-25T03:50:17.48187874,"Get Drug Allergens",2938,2938,-,0,0.26,23,472,657,1116,1896,5445,504,363
2026-09-25T03:50:17.48187874,"Get Environment Allergens",2938,2938,-,0,0.26,19,387,549,985,1590,3406,428,323
2026-09-25T03:50:17.48187874,"Get Food Allergens",2938,2938,-,0,0.26,10,213,356,759,1365,3338,279,276
2026-09-25T03:50:17.48187874,"Get Allergic Reactions Allergens",2938,2938,-,0,0.26,13,282,429,898,1397,2136,334,275
2026-09-25T03:50:17.48187874,"Get all patient lists",12112,12112,-,0,1.07,4,550,1125,1839,2562,5663,700,613
2026-09-25T03:50:17.48187874,"Get Person Attribute Type",4552,4552,-,0,0.4,2,49,131,408,1845,3341,115,190
2026-09-25T03:50:17.48187874,"Get Ordered Address Hierarchy Levels",4552,4552,-,0,0.4,1,18,39,246,1236,1662,46,103
2026-09-25T03:50:17.48187874,"Get All Appointment Services(full)",3000,3000,-,0,0.26,3,58,141,496,1019,2371,123,202
2026-09-25T03:50:17.48187874,"Get medication request encounters",7191,7191,-,0,0.64,41,5811,13059,22091,27641,39879,8024,7414
2026-09-25T03:50:17.48187874,"Get all appointments for a specific day",2000,2000,-,0,0.18,2,35,112,359,1411,2246,87,147
2026-09-25T03:50:17.48187874,"Get all appointment summaries",2000,2000,-,0,0.18,8,160,368,821,1479,2450,263,286
2026-09-25T03:50:17.48187874,"Get Appointment By Status",8000,8000,-,0,0.71,2,53,158,538,1722,3590,134,219
2026-09-25T03:50:17.48187874,"Get All Form Encounters",1210,1210,-,0,0.11,5,601,1136,1937,2814,5144,744,641
2026-09-25T03:50:17.48187874,"Get the details of a orderType",2417,2417,-,0,0.21,2,48,141,563,1097,2180,124,214
2026-09-25T03:50:17.48187874,"Get all default appointment services",2000,2000,-,0,0.18,3,54,132,411,926,4389,115,198
2026-09-25T03:50:17.48187874,"Get all Lab order details",2417,2417,-,0,0.21,12,264,380,763,1333,2220,296,247
2026-09-25T03:50:17.48187874,"Get All Forms",1210,1210,-,0,0.11,8,288,627,1298,2533,4581,431,473
2026-09-25T03:50:17.48187874,"Get all visits of the given location with date",2000,2000,-,0,0.18,18,2311,4514,7358,9299,14784,2906,2373
2026-09-25T03:50:17.48187874,"Get patient age",47875,47875,-,0,4.23,2,55,135,446,1212,3978,118,192
2026-09-25T03:50:17.48187874,"Add a lab order",2417,2417,-,0,0.21,18,481,1019,2089,3081,5051,697,686
2026-09-25T03:50:17.48187874,"Get patient identification photo",195149,195149,-,0,17.23,3,77,202,583,1067,4611,161,243
2026-09-25T03:50:17.48187874,"Get Person Attributes",2161,2161,-,0,0.19,2,54,126,454,1122,2629,119,192
2026-09-25T03:50:17.48187874,"Get Patient Identifiers",2161,2161,-,0,0.19,3,69,177,560,1447,2657,151,227
2026-09-25T03:50:17.48187874,"Get Relationships of Person",2161,2161,-,0,0.19,3,73,188,616,1161,4339,158,266
2026-09-25T03:50:17.48187874,"Create a patient list",3028,3028,-,0,0.27,6,196,429,963,1652,5283,313,367
2026-09-25T03:50:17.48187874,"Get queue entry number",1235,1235,-,0,0.11,1,13,31,182,931,1298,35,84
2026-09-25T03:50:17.48187874,"Submit visit queue entry",1243,1235,8,0.64,0.11,12,437,1020,2127,3187,5211,682,698
2026-09-25T03:50:17.48187874,"Get Patient Allergy Intolerance",2397,2397,-,0,0.21,1,261,746,2052,3030,6995,540,699
2026-09-25T03:50:17.48187874,"Get Specific Medication Requests",9588,9588,-,0,0.85,22,731,1715,3756,5304,9276,1177,1236
2026-09-25T03:50:17.48187874,"Get All Providers",5794,5794,-,0,0.51,4,130,380,1099,1384,4173,271,357
2026-09-25T03:50:17.48187874,"Get Encounter With Visit and Diagnoses",2397,2397,-,0,0.21,5,98,242,688,1263,3935,183,244
2026-09-25T03:50:17.48187874,"Save an Allergy",2938,2938,-,0,0.26,13,380,759,1477,2470,5360,517,511
2026-09-25T03:50:17.48187874,"Get Clinical Form by UUID",1210,1210,-,0,0.11,8,170,299,658,1233,2663,233,232
2026-09-25T03:50:17.48187874,"Get all active Lab orders",7251,7251,-,0,0.64,4,896,2467,5275,7046,12667,1573,1737
2026-09-25T03:50:17.48187874,"Get Lab Orders by full filler status",21753,21753,-,0,1.92,3,484,2896,13123,16880,26155,2614,4391
2026-09-25T03:50:17.48187874,"Get Encounter Roles",1210,1210,-,0,0.11,2,49,127,412,923,1542,109,164
2026-09-25T03:50:17.48187874,"Get Latest FHIR Encounter",1210,1210,-,0,0.11,2,184,402,884,1551,2654,285,305
2026-09-25T03:50:17.48187874,"Get Encounter By UUID",1083,1083,-,0,0.1,9,247,449,915,1822,3206,342,359
2026-09-25T03:50:17.48187874,"Get patient list details",3028,3028,-,0,0.27,3,81,213,606,1059,3158,171,241
2026-09-25T03:50:17.48187874,"Fetch members of patient list",3028,3028,-,0,0.27,3,75,207,630,1243,2537,165,233
2026-09-25T03:50:17.48187874,"Get service concept set",1243,1243,-,0,0.11,3,50,143,572,983,1926,120,194
2026-09-25T03:50:17.48187874,"Get Concept",40997,40997,-,0,3.62,5,179,342,763,1251,4657,260,272
2026-09-25T03:50:17.48187874,"Submit new Service queue",1243,1243,-,0,0.11,9,198,545,1349,2382,4999,375,477
2026-09-25T03:50:17.48187874,"Get Order Entry Config",2397,2397,-,0,0.21,24,564,840,1562,2334,4114,641,514
2026-09-25T03:50:17.48187874,"Get ValueSet by UUID",7191,7191,-,0,0.64,9,392,1001,2543,4225,7544,722,867
2026-09-25T03:50:17.48187874,"Get Medication Request by UUID",7191,7191,-,0,0.64,18,426,1056,2132,3474,5897,700,743
2026-09-25T03:50:17.48187874,"Get Medication by UUID",2397,2397,-,0,0.21,2,33,67,344,1770,2755,75,146
2026-09-25T03:50:17.48187874,"Search Medication by Code",2397,2397,-,0,0.21,5,90,158,498,1113,2685,143,198
2026-09-25T03:50:17.48187874,"Get Locations Search Set",1552,1552,-,0,0.14,4,63,171,616,950,1991,147,221
2026-09-25T03:50:17.48187874,"Change the session location",1552,1552,-,0,0.14,4,79,237,710,1430,3144,187,277
2026-09-25T03:50:17.48187874,"Edit patient details",2161,2161,-,0,0.19,12,279,547,1175,1963,5375,412,430
2026-09-25T03:50:17.48187874,"Check Appointment Conflicts",1000,1000,-,0,0.09,7,120,301,744,1433,2607,224,287
2026-09-25T03:50:17.48187874,"Create Appointment",1000,1000,-,0,0.09,12,197,380,801,1444,2433,284,279
2026-09-25T03:50:17.48187874,"Submit transition request",1243,1185,58,4.67,0.11,11,232,530,1245,1935,3641,375,414
2026-09-25T03:50:17.48187874,"End Visit",9780,9647,133,1.36,0.86,9,362,734,1515,2162,4609,518,511
2026-09-25T03:50:17.48187874,"Generate OMRS Identifier",2391,2391,-,0,0.21,8,172,342,842,1618,3279,269,294
2026-09-25T03:50:17.48187874,"Send Patient Registration Request",2391,2391,-,0,0.21,22,714,1143,2043,3385,7636,864,675
2026-09-25T03:50:17.48187874,"Get patient admission note",15430,15430,-,0,1.36,3,157,330,752,1520,4240,247,279
2026-09-25T03:50:17.48187874,"Update full filler status",4834,4834,-,0,0.43,7,145,283,681,1478,3319,221,259
2026-09-25T03:50:17.48187874,"Save a clinical form",1210,1210,-,0,0.11,25,821,1613,2975,4269,7720,1090,1004
2026-09-25T03:50:17.48187874,"Dispense medication form submission",2397,2397,-,0,0.21,31,803,1906,3790,5072,9350,1255,1244
2026-09-25T03:50:17.48187874,"Submit Appointment StatusChange",2000,2000,-,0,0.18,9,179,397,953,1741,3122,297,334
2026-09-25T03:50:17.48187874,"Get Patient Encounters",1210,1210,-,0,0.11,14,4930,8288,12219,14405,18622,5258,3981
2026-09-25T03:50:17.48187874,"Get Lab Results of Patient",2420,2420,-,0,0.21,2,659,1345,3600,6116,10304,1043,1259
2026-09-25T03:50:17.48187874,"Get specific encounter details",2417,2417,-,0,0.21,6,109,265,761,1286,3576,205,275
2026-09-25T03:50:17.48187874,"Get Alkaline concept details",2417,2417,-,0,0.21,3,59,157,514,1302,4123,138,232
2026-09-25T03:50:17.48187874,"Update the specific encounter",2417,2417,-,0,0.21,22,496,1001,1929,2792,6679,682,651
2026-09-25T03:50:17.48187874,"Update the Lab Order Completion",2417,2417,-,0,0.21,19,423,824,1763,2949,6847,591,599
2026-09-25T03:50:17.48187874,"Get Visits With Diagnoses and Notes (new endpoint)",1210,1210,-,0,0.11,12,481,866,1518,2449,4973,592,539
2026-09-25T03:50:17.48187874,"Close medication",2397,2397,-,0,0.21,14,278,673,1419,2591,4619,466,513
2026-09-25T03:50:17.48187874,"Discontinue the drug order",2397,2397,-,0,0.21,20,458,954,1798,2960,5510,655,624
2026-09-25T03:50:17.48187874,"Get Drug Orders except the cancelled and expired",1210,1210,-,0,0.11,7,965,2115,4088,5703,7599,1384,1351
2026-09-25T03:50:17.48187874,"Get Drug Orders except the discontinued orders",1210,1210,-,0,0.11,5,945,2137,4208,5928,9684,1403,1395
2026-09-25T03:50:17.48187874,"Get Observation Tree Details",3630,3630,-,0,0.32,5,799,2866,7567,10404,15304,1959,2541
2026-09-25T03:50:17.48187874,"Search for Condition",2420,2420,-,0,0.21,13,300,444,921,1532,3314,356,294
2026-09-25T03:50:17.48187874,"Save Conditions",1210,1210,-,0,0.11,7,170,405,988,2105,5891,305,391
2026-09-25T03:50:17.48187874,"Get Immunizations of Patient",3630,3630,-,0,0.32,2,201,1524,4723,6877,10689,1066,1668
2026-09-25T03:50:17.48187874,"Get all immunizations",1210,1210,-,0,0.11,8,189,340,797,1279,3729,271,300
2026-09-25T03:50:17.48187874,"Submit Patient immunization",1210,1206,4,0.33,0.11,47,1753,3166,5259,6904,9882,2057,1724
2026-09-25T03:50:17.48187874,"Get Attachments of Patient",2420,2420,-,0,0.21,7,205,419,929,1609,2992,301,311
2026-09-25T03:50:17.48187874,"Get Allowed File Extensions",1210,1210,-,0,0.11,2,50,137,525,984,1932,125,198
2026-09-25T03:50:17.48187874,"Get Programs",2420,2420,-,0,0.21,9,235,432,905,1633,2673,320,314
2026-09-25T03:50:17.48187874,"Add new program to patient",1210,1210,-,0,0.11,8,240,513,1184,1813,3209,374,408
2026-09-25T03:50:17.48187874,"Complete the program",1210,1210,-,0,0.11,9,234,508,1198,1864,3109,371,398
2026-09-25T03:50:17.48187874,"Upload Attachment Request",1210,1206,4,0.33,0.11,22,2932,7407,13104,19152,22407,4824,4263
2026-09-25T03:50:17.48187874,"Save Visit Note",1210,1210,-,0,0.11,15,542,1107,2210,3091,5100,748,717
2026-09-25T03:50:17.48187874,"Save Patient Diagnosis",2420,2420,-,0,0.21,6,187,404,954,1902,3746,302,354
2026-09-24T03:49:35.127467619,"Login",20579,20579,-,0,1.82,4,128,298,673,1400,5661,219,270
2026-09-24T03:49:35.127467619,"Get locations",23394,23394,-,0,2.07,26,487,687,1097,2018,5066,508,346
2026-09-24T03:49:35.127467619,"Select Location",20579,20579,-,0,1.82,2,69,199,636,736,5476,153,220
2026-09-24T03:49:35.127467619,"Get Address Template",25162,25162,-,0,2.22,1,28,80,275,594,2390,70,125
2026-09-24T03:49:35.127467619,"Get Relationship Types",25162,25162,-,0,2.22,2,49,133,387,905,4723,107,170
2026-09-24T03:49:35.127467619,"Get Appointments for Specific Date",20579,20579,-,0,1.82,2,46,132,300,766,2473,95,134
2026-09-24T03:49:35.127467619,"Get Module Information",27618,27618,-,0,2.44,1,31,82,270,697,2779,71,127
2026-09-24T03:49:35.127467619,"Get Patient Identifier Types",25162,25162,-,0,2.22,2,51,137,403,709,4597,107,165
2026-09-24T03:49:35.127467619,"Get Primary Identifier Term Mapping",44149,44149,-,0,3.9,3,79,200,531,1159,4963,151,208
2026-09-24T03:49:35.127467619,"Get Identifier Source",45741,45741,-,0,4.04,2,67,180,448,1101,4508,135,198
2026-09-24T03:49:35.127467619,"Get Locations by Tag and Query",29142,29142,-,0,2.57,3,106,253,639,1008,4035,181,231
2026-09-24T03:49:35.127467619,"Get Visits",21593,21593,-,0,1.91,9,1417,2985,4971,6500,10903,1825,1689
2026-09-24T03:49:35.127467619,"Get Auto Generation Options",25162,25162,-,0,2.22,5,191,459,962,2283,5228,306,350
2026-09-24T03:49:35.127467619,"Get Queue Entry",25388,25388,-,0,2.24,3,1935,3565,6464,13402,17382,2524,2473
2026-09-24T03:49:35.127467619,"Get Visit Types",11019,11019,-,0,0.97,2,41,131,457,1550,2581,98,160
2026-09-24T03:49:35.127467619,"Get Current Visit of Patient",19673,19673,-,0,1.74,4,2754,6197,12728,18361,37940,4113,4276
2026-09-24T03:49:35.127467619,"Get Visits of Patient",20898,20898,-,0,1.85,3,1377,2513,4248,5726,12027,1639,1391
2026-09-24T03:49:35.127467619,"Get Program Enrollments of Patient",13680,13680,-,0,1.21,3,179,354,846,1027,4656,251,272
2026-09-24T03:49:35.127467619,"Get Visit Queue Entry",19813,19813,-,0,1.75,2,75,189,469,2089,3665,145,204
2026-09-24T03:49:35.127467619,"Get Appointments of a Patient",11230,11230,-,0,0.99,1,36,96,302,718,2320,80,126
2026-09-24T03:49:35.127467619,"Get Patient Summary Data",21812,21812,-,0,1.93,3,84,178,398,1950,3955,138,179
2026-09-24T03:49:35.127467619,"Get Active Visits of Patient",223475,223475,-,0,19.74,2,65,179,629,4936,7202,139,204
2026-09-24T03:49:35.127467619,"Get isVisitsEnabled",14402,14402,-,0,1.27,2,61,181,540,1830,2600,130,197
2026-09-24T03:49:35.127467619,"Get the status of patient death",210210,210210,-,0,18.57,2,44,125,454,2490,4726,96,154
2026-09-24T03:49:35.127467619,"Get all the constraints on the vital concepts",14402,14402,-,0,1.27,3,84,192,483,1339,2696,146,187
2026-09-24T03:49:35.127467619,"Get Patient Observations",42762,42762,-,0,3.78,1,863,2813,6895,8996,15754,1833,2293
2026-09-24T03:49:35.127467619,"Get Patient Conditions",16127,16127,-,0,1.42,2,572,2075,7284,12500,21199,1637,2518
2026-09-24T03:49:35.127467619,"Get Active Orders",13677,13677,-,0,1.21,4,395,1293,3202,7009,11236,881,1125
2026-09-24T03:49:35.127467619,"Get Admission Location Info",3180,3180,-,0,0.28,4,84,214,532,1549,2586,157,201
2026-09-24T03:49:35.127467619,"Get Admission Info",3180,3180,-,0,0.28,20,590,1151,2271,4618,9267,799,871
2026-09-24T03:49:35.127467619,"Get Inpatient Request",3180,3180,-,0,0.28,13,888,3058,24154,30542,39730,4263,7531
2026-09-24T03:49:35.127467619,"Get Orders of admitted patient by Activated Date",11025,11025,-,0,0.97,4,158,418,810,2050,3726,275,316
2026-09-24T03:49:35.127467619,"Get Patients",3869,3869,-,0,0.34,15,4042,8355,13404,16012,20600,5037,4521
2026-09-24T03:49:35.127467619,"Submit Visit Form",10005,9964,41,0.41,0.88,7,189,469,827,3501,5721,299,335
2026-09-24T03:49:35.127467619,"Get Locations That Support Visits",4883,4883,-,0,0.43,3,73,186,624,815,3403,134,182
2026-09-24T03:49:35.127467619,"Get Beds for Patient",3180,3180,-,0,0.28,2,55,154,578,722,2458,122,173
2026-09-24T03:49:35.127467619,"Save Ward Encounter",7950,7950,-,0,0.7,9,397,1000,2695,3723,6401,737,908
2026-09-24T03:49:35.127467619,"Get Order Types",2455,2455,-,0,0.22,2,46,112,376,789,2029,99,163
2026-09-24T03:49:35.127467619,"Save Vitals",2958,2958,-,0,0.26,51,1999,3614,5659,6923,9777,2277,1867
2026-09-24T03:49:35.127467619,"Search for Drug",4910,4910,-,0,0.43,1,46,147,432,948,2354,113,180
2026-09-24T03:49:35.127467619,"Save Drug Order",2455,2455,-,0,0.22,28,805,1527,2602,3610,6866,1004,880
2026-09-24T03:49:35.127467619,"Get Vitals concept reference ranges",3180,3180,-,0,0.28,13,360,779,1675,2538,5422,527,558
2026-09-24T03:49:35.127467619,"Get Specific Visit Details",11721,11721,-,0,1.04,4,136,291,681,1740,3736,212,251
2026-09-24T03:49:35.127467619,"Get Transfer Locations configuration data",3180,3180,-,0,0.28,51,1630,3576,6052,7629,14314,2192,2069
2026-09-24T03:49:35.127467619,"Get Transferable locations",3180,3180,-,0,0.28,28,315,552,994,1682,3773,395,341
2026-09-24T03:49:35.127467619,"Get Allergies of Patient",2958,2958,-,0,0.26,1,348,879,1885,2713,5180,589,658
2026-09-24T03:49:35.127467619,"Get Drug Allergens",2958,2958,-,0,0.26,21,472,657,1046,1508,4976,490,337
2026-09-24T03:49:35.127467619,"Get Environment Allergens",2958,2958,-,0,0.26,18,400,556,930,1244,4180,417,306
2026-09-24T03:49:35.127467619,"Get Food Allergens",2958,2958,-,0,0.26,9,224,364,721,1121,2647,273,249
2026-09-24T03:49:35.127467619,"Get Allergic Reactions Allergens",2958,2958,-,0,0.26,12,287,440,810,1483,4106,332,284
2026-09-24T03:49:35.127467619,"Get medication request encounters",7365,7365,-,0,0.65,32,6146,12632,20087,25638,34435,7684,6890
2026-09-24T03:49:35.127467619,"Get patient age",48591,48591,-,0,4.29,2,58,133,373,926,4148,110,164
2026-09-24T03:49:35.127467619,"Get all patient lists",12132,12132,-,0,1.07,3,555,1142,1754,2192,4861,688,587
2026-09-24T03:49:35.127467619,"Get All Appointment Services(full)",3042,3042,-,0,0.27,3,62,145,389,850,2726,114,160
2026-09-24T03:49:35.127467619,"Get all appointments for a specific day",2028,2028,-,0,0.18,2,44,121,383,528,2668,86,127
2026-09-24T03:49:35.127467619,"Get all appointment summaries",2028,2028,-,0,0.18,8,193,402,734,1114,4070,267,269
2026-09-24T03:49:35.127467619,"Get Person Attribute Type",4583,4583,-,0,0.4,2,51,136,370,850,2273,108,158
2026-09-24T03:49:35.127467619,"Get Ordered Address Hierarchy Levels",4583,4583,-,0,0.4,1,19,44,180,292,2127,42,92
2026-09-24T03:49:35.127467619,"Get All Form Encounters",1225,1225,-,0,0.11,4,651,1163,1764,2539,4738,746,605
2026-09-24T03:49:35.127467619,"Get Appointment By Status",8112,8112,-,0,0.72,2,61,165,512,1571,2373,129,183
2026-09-24T03:49:35.127467619,"Get the details of a orderType",2456,2456,-,0,0.22,2,51,152,536,648,2959,117,190
2026-09-24T03:49:35.127467619,"Get all Lab order details",2456,2456,-,0,0.22,11,256,371,643,932,2329,279,220
2026-09-24T03:49:35.127467619,"Get All Forms",1225,1225,-,0,0.11,7,294,600,1151,1769,3019,398,386
2026-09-24T03:49:35.127467619,"Get all default appointment services",2028,2028,-,0,0.18,3,57,148,387,868,2903,114,165
2026-09-24T03:49:35.127467619,"Get all visits of the given location with date",2028,2028,-,0,0.18,20,2403,4212,6931,8881,11612,2774,2238
2026-09-24T03:49:35.127467619,"Add a lab order",2456,2456,-,0,0.22,17,512,1013,1892,3067,4997,681,663
2026-09-24T03:49:35.127467619,"Get patient identification photo",198988,198988,-,0,17.58,3,82,209,562,890,4517,155,215
2026-09-24T03:49:35.127467619,"Get Person Attributes",2176,2176,-,0,0.19,2,57,128,356,1740,3203,108,177
2026-09-24T03:49:35.127467619,"Get Patient Identifiers",2176,2176,-,0,0.19,3,74,177,512,1257,2034,141,192
2026-09-24T03:49:35.127467619,"Get Relationships of Person",2176,2176,-,0,0.19,3,78,194,586,874,2765,147,203
2026-09-24T03:49:35.127467619,"Get Patient Allergy Intolerance",2455,2455,-,0,0.22,1,263,785,1763,3044,5216,510,611
2026-09-24T03:49:35.127467619,"Get Specific Medication Requests",9820,9820,-,0,0.87,21,773,1717,3546,5328,8583,1151,1176
2026-09-24T03:49:35.127467619,"Get Encounter With Visit and Diagnoses",2455,2455,-,0,0.22,4,101,238,533,978,2590,169,196
2026-09-24T03:49:35.127467619,"Get All Providers",5924,5924,-,0,0.52,4,142,389,1055,1208,4236,260,333
2026-09-24T03:49:35.127467619,"Create a patient list",3033,3033,-,0,0.27,5,212,424,840,1669,5222,295,323
2026-09-24T03:49:35.127467619,"Get queue entry number",1258,1258,-,0,0.11,1,11,29,156,306,1126,31,63
2026-09-24T03:49:35.127467619,"Submit visit queue entry",1265,1258,7,0.55,0.11,17,425,1017,1990,2985,4931,652,671
2026-09-24T03:49:35.127467619,"Save an Allergy",2958,2958,-,0,0.26,12,396,761,1454,2127,3938,500,459
2026-09-24T03:49:35.127467619,"Get Clinical Form by UUID",1225,1225,-,0,0.11,7,184,310,704,1083,2263,238,225
2026-09-24T03:49:35.127467619,"Get all active Lab orders",7368,7368,-,0,0.65,3,891,2467,5205,6479,13258,1552,1723
2026-09-24T03:49:35.127467619,"Get Lab Orders by full filler status",22104,22104,-,0,1.95,3,460,2757,12501,16203,23102,2523,4171
2026-09-24T03:49:35.127467619,"Get Encounter Roles",1225,1225,-,0,0.11,2,50,129,379,802,1525,103,148
2026-09-24T03:49:35.127467619,"Get Latest FHIR Encounter",1225,1225,-,0,0.11,2,212,439,911,1791,3807,303,342
2026-09-24T03:49:35.127467619,"Get Encounter By UUID",1097,1097,-,0,0.1,8,255,459,821,1452,2226,324,289
2026-09-24T03:49:35.127467619,"Get patient list details",3033,3033,-,0,0.27,3,88,217,600,1311,3044,164,217
2026-09-24T03:49:35.127467619,"Fetch members of patient list",3033,3033,-,0,0.27,3,85,205,530,1188,4587,158,224
2026-09-24T03:49:35.127467619,"Get Order Entry Config",2455,2455,-,0,0.22,23,550,822,1423,2233,4179,601,477
2026-09-24T03:49:35.127467619,"Get ValueSet by UUID",7365,7365,-,0,0.65,8,410,1018,2426,3845,7132,708,823
2026-09-24T03:49:35.127467619,"Get service concept set",1265,1265,-,0,0.11,2,49,153,439,1071,1851,119,187
2026-09-24T03:49:35.127467619,"Get Concept",42931,42931,-,0,3.79,5,186,333,778,1087,4877,253,252
2026-09-24T03:49:35.127467619,"Get Medication Request by UUID",7365,7365,-,0,0.65,16,456,1079,1982,2954,6471,674,671
2026-09-24T03:49:35.127467619,"Submit new Service queue",1265,1265,-,0,0.11,8,217,527,1171,2256,3835,362,427
2026-09-24T03:49:35.127467619,"Get Medication by UUID",2455,2455,-,0,0.22,2,32,74,282,555,1855,67,114
2026-09-24T03:49:35.127467619,"Search Medication by Code",2455,2455,-,0,0.22,5,89,165,377,845,3051,130,159
2026-09-24T03:49:35.127467619,"Get Locations Search Set",1590,1590,-,0,0.14,3,69,205,679,885,1746,151,209
2026-09-24T03:49:35.127467619,"Change the session location",1590,1590,-,0,0.14,4,85,244,616,1014,2529,171,216
2026-09-24T03:49:35.127467619,"Edit patient details",2176,2176,-,0,0.19,11,280,536,1064,1748,5217,385,378
2026-09-24T03:49:35.127467619,"Check Appointment Conflicts",1014,1014,-,0,0.09,6,133,284,650,941,2234,206,232
2026-09-24T03:49:35.127467619,"Create Appointment",1014,1014,-,0,0.09,10,217,363,683,970,1855,265,231
2026-09-24T03:49:35.127467619,"Submit transition request",1265,1187,78,6.17,0.11,9,243,545,1039,1638,2179,355,355
2026-09-24T03:49:35.127467619,"End Visit",9964,9811,153,1.54,0.88,8,377,743,1458,1950,4643,506,487
2026-09-24T03:49:35.127467619,"Generate OMRS Identifier",2407,2407,-,0,0.21,6,186,360,791,1398,2089,265,262
2026-09-24T03:49:35.127467619,"Send Patient Registration Request",2407,2407,-,0,0.21,21,705,1112,2076,3280,5604,829,661
2026-09-24T03:49:35.127467619,"Update full filler status",4912,4912,-,0,0.43,6,149,288,645,1277,4111,214,236
2026-09-24T03:49:35.127467619,"Get patient admission note",15119,15119,-,0,1.34,3,166,316,677,1228,2767,235,241
2026-09-24T03:49:35.127467619,"Save a clinical form",1225,1225,-,0,0.11,24,910,1571,2695,4300,7002,1063,912
2026-09-24T03:49:35.127467619,"Dispense medication form submission",2455,2455,-,0,0.22,28,882,2021,3647,4837,7951,1247,1205
2026-09-24T03:49:35.127467619,"Submit Appointment StatusChange",2028,2028,-,0,0.18,7,198,407,922,1666,4688,296,336
2026-09-24T03:49:35.127467619,"Get Patient Encounters",1225,1225,-,0,0.11,12,4877,7770,11318,14339,15671,5068,3729
2026-09-24T03:49:35.127467619,"Get Lab Results of Patient",2450,2450,-,0,0.22,1,663,1348,3441,5919,14529,1029,1228
2026-09-24T03:49:35.127467619,"Get specific encounter details",2456,2456,-,0,0.22,5,120,276,662,1280,3347,199,243
2026-09-24T03:49:35.127467619,"Get Alkaline concept details",2456,2456,-,0,0.22,3,65,169,491,750,2475,132,188
2026-09-24T03:49:35.127467619,"Update the specific encounter",2456,2456,-,0,0.22,19,517,1032,1831,2731,4585,665,609
2026-09-24T03:49:35.127467619,"Update the Lab Order Completion",2456,2456,-,0,0.22,16,425,839,1620,2483,5996,573,573
2026-09-24T03:49:35.127467619,"Get Visits With Diagnoses and Notes (new endpoint)",1225,1225,-,0,0.11,10,507,873,1531,2170,3733,593,500
2026-09-24T03:49:35.127467619,"Close medication",2455,2455,-,0,0.22,12,301,660,1400,2240,3736,444,469
2026-09-24T03:49:35.127467619,"Discontinue the drug order",2455,2455,-,0,0.22,19,487,908,1671,2521,4502,608,559
2026-09-24T03:49:35.127467619,"Get Drug Orders except the cancelled and expired",1225,1225,-,0,0.11,6,1028,2115,3886,5131,7542,1360,1268
2026-09-24T03:49:35.127467619,"Get Drug Orders except the discontinued orders",1225,1225,-,0,0.11,4,1053,2169,3615,5640,8803,1361,1275
2026-09-24T03:49:35.127467619,"Get Observation Tree Details",3675,3675,-,0,0.32,4,723,2913,7565,9656,14658,1909,2442
2026-09-24T03:49:35.127467619,"Search for Condition",2450,2450,-,0,0.22,12,285,428,806,1241,4053,335,296
2026-09-24T03:49:35.127467619,"Save Conditions",1225,1225,-,0,0.11,6,179,384,776,1292,1957,266,273
2026-09-24T03:49:35.127467619,"Get Immunizations of Patient",3675,3675,-,0,0.32,2,189,1496,5042,6628,10797,1036,1610
2026-09-24T03:49:35.127467619,"Get all immunizations",1225,1225,-,0,0.11,7,199,345,702,1315,2348,260,248
2026-09-24T03:49:35.127467619,"Submit Patient immunization",1225,1221,4,0.33,0.11,27,1801,3252,4911,6425,9463,2039,1637
2026-09-24T03:49:35.127467619,"Get Attachments of Patient",2450,2450,-,0,0.22,5,223,421,842,1235,4920,297,302
2026-09-24T03:49:35.127467619,"Get Allowed File Extensions",1225,1225,-,0,0.11,2,58,144,392,892,2268,112,157
2026-09-24T03:49:35.127467619,"Get Programs",2450,2450,-,0,0.22,8,243,435,780,1492,5015,304,287
2026-09-24T03:49:35.127467619,"Add new program to patient",1225,1225,-,0,0.11,8,249,472,983,1682,3542,345,365
2026-09-24T03:49:35.127467619,"Complete the program",1225,1225,-,0,0.11,8,239,486,1002,1728,4822,349,400
2026-09-24T03:49:35.127467619,"Upload Attachment Request",1225,1224,1,0.08,0.11,60,2323,6042,12630,18619,24335,4207,4108
2026-09-24T03:49:35.127467619,"Save Visit Note",1225,1225,-,0,0.11,15,569,1067,1849,2731,4987,707,636
2026-09-24T03:49:35.127467619,"Save Patient Diagnosis",2450,2450,-,0,0.22,6,199,406,855,1635,3204,286,314
2026-09-23T03:48:48.013142288,"Login",25150,25150,-,0,2.22,3,74,190,520,661,2380,135,168
2026-09-23T03:48:48.013142288,"Get locations",28647,28647,-,0,2.53,16,303,460,779,1871,2800,325,245
2026-09-23T03:48:48.013142288,"Select Location",25150,25150,-,0,2.22,1,37,143,357,959,2023,94,140
2026-09-23T03:48:48.013142288,"Get Address Template",30511,30511,-,0,2.7,1,16,49,223,1889,2773,44,85
2026-09-23T03:48:48.013142288,"Get Relationship Types",30511,30511,-,0,2.7,1,29,79,296,1540,1986,64,102
2026-09-23T03:48:48.013142288,"Get Appointments for Specific Date",25150,25150,-,0,2.22,1,25,85,230,355,1953,63,93
2026-09-23T03:48:48.013142288,"Get Module Information",33614,33614,-,0,2.97,1,19,48,220,1880,2381,44,81
2026-09-23T03:48:48.013142288,"Get Patient Identifier Types",30511,30511,-,0,2.7,1,30,84,241,577,2666,65,105
2026-09-23T03:48:48.013142288,"Get Primary Identifier Term Mapping",54106,54106,-,0,4.78,2,48,119,304,714,2740,92,130
2026-09-23T03:48:48.013142288,"Get Identifier Source",55661,55661,-,0,4.92,1,39,107,270,630,2777,83,126
2026-09-23T03:48:48.013142288,"Get Locations by Tag and Query",36108,36108,-,0,3.19,2,53,156,455,1694,2337,110,147
2026-09-23T03:48:48.013142288,"Get Visits",26436,26436,-,0,2.34,7,751,1777,3274,5140,7698,1102,1116
2026-09-23T03:48:48.013142288,"Get Auto Generation Options",30511,30511,-,0,2.7,3,95,277,644,1884,3386,187,232
2026-09-23T03:48:48.013142288,"Get Queue Entry",31530,31530,-,0,2.79,1,1821,3120,5183,7753,14978,2138,1762
2026-09-23T03:48:48.013142288,"Get Visit Types",14061,14061,-,0,1.24,1,25,76,242,574,2193,62,107
2026-09-23T03:48:48.013142288,"Get Current Visit of Patient",24876,24876,-,0,2.2,3,1455,3632,8054,11311,25037,2424,2694
2026-09-23T03:48:48.013142288,"Get Visits of Patient",26308,26308,-,0,2.33,2,733,1614,2864,3808,7133,1012,944
2026-09-23T03:48:48.013142288,"Get Program Enrollments of Patient",17071,17071,-,0,1.51,2,107,239,591,640,3807,164,184
2026-09-23T03:48:48.013142288,"Get Visit Queue Entry",24367,24367,-,0,2.15,2,45,124,332,490,2834,91,130
2026-09-23T03:48:48.013142288,"Get Appointments of a Patient",14207,14207,-,0,1.26,1,22,64,248,1473,1909,51,88
2026-09-23T03:48:48.013142288,"Get Patient Summary Data",26912,26912,-,0,2.38,2,54,122,293,868,2319,90,118
2026-09-23T03:48:48.013142288,"Get Active Visits of Patient",290406,290406,-,0,25.67,1,39,120,315,676,4591,84,129
2026-09-23T03:48:48.013142288,"Get isVisitsEnabled",17580,17580,-,0,1.55,1,32,109,333,899,1833,78,121
2026-09-23T03:48:48.013142288,"Get the status of patient death",274054,274054,-,0,24.23,1,27,66,233,365,3781,59,97
2026-09-23T03:48:48.013142288,"Get all the constraints on the vital concepts",17580,17580,-,0,1.55,2,49,132,384,1683,2947,92,127
2026-09-23T03:48:48.013142288,"Get Patient Observations",51588,51588,-,0,4.56,1,538,1889,4824,5735,9950,1227,1564
2026-09-23T03:48:48.013142288,"Get Patient Conditions",19505,19505,-,0,1.72,1,330,1301,4813,7043,12962,1027,1616
2026-09-23T03:48:48.013142288,"Get Active Orders",16641,16641,-,0,1.47,3,244,1000,2717,4003,9284,671,935
2026-09-23T03:48:48.013142288,"Get Admission Location Info",4130,4130,-,0,0.37,3,49,136,355,748,3058,98,139
2026-09-23T03:48:48.013142288,"Get Admission Info",4130,4130,-,0,0.37,15,340,873,1702,2846,6795,559,605
2026-09-23T03:48:48.013142288,"Get Inpatient Request",4130,4130,-,0,0.37,9,487,1850,17092,21621,28209,2658,5157
2026-09-23T03:48:48.013142288,"Get Orders of admitted patient by Activated Date",17049,17049,-,0,1.51,2,99,259,606,762,2686,170,189
2026-09-23T03:48:48.013142288,"Get Patients",5049,5049,-,0,0.45,9,2188,5073,8927,10818,15094,3078,2976
2026-09-23T03:48:48.013142288,"Submit Visit Form",12775,12719,56,0.44,1.13,5,108,284,618,1102,2863,191,228
2026-09-23T03:48:48.013142288,"Get Order Types",3191,3191,-,0,0.28,1,26,68,240,557,1799,63,106
2026-09-23T03:48:48.013142288,"Get Locations That Support Visits",6335,6335,-,0,0.56,2,46,115,299,951,1997,85,118
2026-09-23T03:48:48.013142288,"Get Beds for Patient",4130,4130,-,0,0.37,2,35,93,276,605,1753,77,116
2026-09-23T03:48:48.013142288,"Save Ward Encounter",10325,10325,-,0,0.91,7,229,629,1705,4099,6194,450,590
2026-09-23T03:48:48.013142288,"Save Vitals",3554,3554,-,0,0.31,36,1023,2305,3813,4726,5763,1388,1267
2026-09-23T03:48:48.013142288,"Search for Drug",6382,6382,-,0,0.56,1,24,91,316,1040,1911,70,120
2026-09-23T03:48:48.013142288,"Save Drug Order",3191,3191,-,0,0.28,21,460,983,1955,2539,4739,645,615
2026-09-23T03:48:48.013142288,"Get Vitals concept reference ranges",4130,4130,-,0,0.37,9,193,487,946,2344,3252,318,351
2026-09-23T03:48:48.013142288,"Get Specific Visit Details",14323,14323,-,0,1.27,3,73,202,419,1183,1785,134,166
2026-09-23T03:48:48.013142288,"Get Transfer Locations configuration data",4130,4130,-,0,0.37,35,830,2181,4196,4696,8902,1335,1357
2026-09-23T03:48:48.013142288,"Get Transferable locations",4130,4130,-,0,0.37,22,205,382,638,1025,3616,258,218
2026-09-23T03:48:48.013142288,"Get Allergies of Patient",3554,3554,-,0,0.31,1,224,610,1278,2027,5054,389,445
2026-09-23T03:48:48.013142288,"Get Drug Allergens",3554,3554,-,0,0.31,16,297,443,772,947,1669,315,234
2026-09-23T03:48:48.013142288,"Get Environment Allergens",3554,3554,-,0,0.31,13,240,378,628,1058,1519,264,203
2026-09-23T03:48:48.013142288,"Get Food Allergens",3554,3554,-,0,0.31,7,130,235,509,840,2094,173,171
2026-09-23T03:48:48.013142288,"Get Allergic Reactions Allergens",3554,3554,-,0,0.31,8,174,298,516,849,1571,207,180
2026-09-23T03:48:48.013142288,"Get All Form Encounters",1432,1432,-,0,0.13,3,401,851,1472,1990,2936,535,491
2026-09-23T03:48:48.013142288,"Get All Forms",1432,1432,-,0,0.13,5,156,372,777,1088,3191,253,288
2026-09-23T03:48:48.013142288,"Get the details of a orderType",3103,3103,-,0,0.27,1,31,88,296,436,1497,72,115
2026-09-23T03:48:48.013142288,"Get all Lab order details",3103,3103,-,0,0.27,8,155,241,427,1090,2012,175,151
2026-09-23T03:48:48.013142288,"Add a lab order",3103,3103,-,0,0.27,13,280,664,1282,2166,4631,434,451
2026-09-23T03:48:48.013142288,"Get medication request encounters",9573,9573,-,0,0.85,31,2887,7888,13428,17275,24335,4594,4615
2026-09-23T03:48:48.013142288,"Get patient age",61651,61651,-,0,5.45,1,35,81,337,413,4126,70,108
2026-09-23T03:48:48.013142288,"Get all patient lists",13840,13840,-,0,1.22,2,312,763,1334,1536,2617,454,433
2026-09-23T03:48:48.013142288,"Get All Appointment Services(full)",3858,3858,-,0,0.34,2,38,100,238,1079,1801,75,109
2026-09-23T03:48:48.013142288,"Get all appointments for a specific day",2572,2572,-,0,0.23,1,24,81,250,901,1366,58,84
2026-09-23T03:48:48.013142288,"Get all appointment summaries",2572,2572,-,0,0.23,5,105,264,531,772,1884,171,181
2026-09-23T03:48:48.013142288,"Get Person Attribute Type",5361,5361,-,0,0.47,1,31,81,264,472,1414,67,108
2026-09-23T03:48:48.013142288,"Get Ordered Address Hierarchy Levels",5361,5361,-,0,0.47,0,11,29,177,860,1566,30,72
2026-09-23T03:48:48.013142288,"Get Appointment By Status",10288,10288,-,0,0.91,1,37,113,360,460,1974,86,129
2026-09-23T03:48:48.013142288,"Get all default appointment services",2572,2572,-,0,0.23,2,34,98,281,973,1460,73,109
2026-09-23T03:48:48.013142288,"Get all visits of the given location with date",2572,2572,-,0,0.23,12,1603,2765,4759,6062,9431,1829,1541
2026-09-23T03:48:48.013142288,"Get Patient Allergy Intolerance",3191,3191,-,0,0.28,1,172,560,1177,1933,3528,345,422
2026-09-23T03:48:48.013142288,"Get Specific Medication Requests",12764,12764,-,0,1.13,15,434,1048,2293,3606,5010,704,770
2026-09-23T03:48:48.013142288,"Get Encounter With Visit and Diagnoses",3191,3191,-,0,0.28,3,60,156,423,485,1468,108,132
2026-09-23T03:48:48.013142288,"Get All Providers",7668,7668,-,0,0.68,2,71,230,681,801,2514,160,215
2026-09-23T03:48:48.013142288,"Get patient identification photo",260604,260604,-,0,23.04,2,44,120,413,2978,3974,93,135
2026-09-23T03:48:48.013142288,"Get Person Attributes",2664,2664,-,0,0.24,2,35,81,252,635,1052,69,101
2026-09-23T03:48:48.013142288,"Get Patient Identifiers",2664,2664,-,0,0.24,2,42,116,338,880,3489,87,147
2026-09-23T03:48:48.013142288,"Get Relationships of Person",2664,2664,-,0,0.24,2,43,120,373,470,1565,87,125
2026-09-23T03:48:48.013142288,"Create a patient list",3460,3460,-,0,0.31,4,113,274,583,832,1829,183,199
2026-09-23T03:48:48.013142288,"Save an Allergy",3554,3554,-,0,0.31,8,224,510,1013,1230,2681,322,316
2026-09-23T03:48:48.013142288,"Get queue entry number",1689,1689,-,0,0.15,0,7,21,82,284,580,20,41
2026-09-23T03:48:48.013142288,"Submit visit queue entry",1698,1689,9,0.53,0.15,12,233,682,1255,1732,2731,400,425
2026-09-23T03:48:48.013142288,"Get Clinical Form by UUID",1432,1432,-,0,0.13,5,105,202,424,726,1386,144,145
2026-09-23T03:48:48.013142288,"Get Encounter Roles",1432,1432,-,0,0.13,1,30,79,305,379,1103,66,101
2026-09-23T03:48:48.013142288,"Get Latest FHIR Encounter",1432,1432,-,0,0.13,1,127,277,592,929,1583,190,200
2026-09-23T03:48:48.013142288,"Get Encounter By UUID",1304,1304,-,0,0.12,6,159,308,597,993,1552,210,201
2026-09-23T03:48:48.013142288,"Get all active Lab orders",9309,9309,-,0,0.82,5,516,1737,3381,4638,8110,1015,1170
2026-09-23T03:48:48.013142288,"Get Lab Orders by full filler status",27927,27927,-,0,2.47,2,290,1581,9759,10017,15756,1611,2791
2026-09-23T03:48:48.013142288,"Get Order Entry Config",3191,3191,-,0,0.28,17,342,535,952,1280,2813,379,307
2026-09-23T03:48:48.013142288,"Get ValueSet by UUID",9573,9573,-,0,0.85,5,234,639,1638,2456,5747,449,547
2026-09-23T03:48:48.013142288,"Get Medication Request by UUID",9573,9573,-,0,0.85,11,249,692,1266,3511,5246,418,456
2026-09-23T03:48:48.013142288,"Get Medication by UUID",3191,3191,-,0,0.28,1,21,44,132,418,2728,42,84
2026-09-23T03:48:48.013142288,"Search Medication by Code",3191,3191,-,0,0.28,3,55,112,260,743,1209,85,103
2026-09-23T03:48:48.013142288,"Get patient list details",3460,3460,-,0,0.31,2,50,131,389,518,2430,99,142
2026-09-23T03:48:48.013142288,"Fetch members of patient list",3460,3460,-,0,0.31,2,48,130,344,698,2183,98,136
2026-09-23T03:48:48.013142288,"Get Locations Search Set",2065,2065,-,0,0.18,2,39,112,332,763,1558,89,135
2026-09-23T03:48:48.013142288,"Change the session location",2065,2065,-,0,0.18,2,45,149,415,964,1751,114,167
2026-09-23T03:48:48.013142288,"Get service concept set",1698,1698,-,0,0.15,2,29,88,259,675,1577,74,123
2026-09-23T03:48:48.013142288,"Get Concept",52420,52420,-,0,4.63,3,123,228,471,1181,2923,165,163
2026-09-23T03:48:48.013142288,"Submit new Service queue",1698,1698,-,0,0.15,6,107,338,795,1102,1814,217,260
2026-09-23T03:48:48.013142288,"Edit patient details",2664,2664,-,0,0.24,8,170,341,768,931,2838,237,232
2026-09-23T03:48:48.013142288,"Check Appointment Conflicts",1286,1286,-,0,0.11,4,80,183,426,725,1513,129,148
2026-09-23T03:48:48.013142288,"Create Appointment",1286,1286,-,0,0.11,7,135,263,510,1157,2019,182,181
2026-09-23T03:48:48.013142288,"Save a clinical form",1432,1432,-,0,0.13,16,482,1029,1852,2380,3459,649,590
2026-09-23T03:48:48.013142288,"Update full filler status",6206,6206,-,0,0.55,4,96,189,425,1015,2194,140,156
2026-09-23T03:48:48.013142288,"Get patient admission note",18277,18277,-,0,1.62,2,103,211,497,748,3195,154,171
2026-09-23T03:48:48.013142288,"Submit transition request",1698,1537,161,9.48,0.15,7,132,321,724,1201,2540,220,259
2026-09-23T03:48:48.013142288,"End Visit",12719,12386,333,2.62,1.12,6,207,476,983,1562,3463,322,338
2026-09-23T03:48:48.013142288,"Generate OMRS Identifier",2697,2697,-,0,0.24,5,123,248,520,802,2068,175,183
2026-09-23T03:48:48.013142288,"Send Patient Registration Request",2697,2697,-,0,0.24,18,463,749,1233,1795,3058,524,405
2026-09-23T03:48:48.013142288,"Dispense medication form submission",3191,3191,-,0,0.28,20,454,1276,2333,3310,5410,760,801
2026-09-23T03:48:48.013142288,"Get Patient Encounters",1432,1432,-,0,0.13,9,2737,5231,7832,8795,11509,3166,2634
2026-09-23T03:48:48.013142288,"Get Lab Results of Patient",2864,2864,-,0,0.25,1,463,971,2430,3583,6895,703,826
2026-09-23T03:48:48.013142288,"Submit Appointment StatusChange",2572,2572,-,0,0.23,5,112,260,544,847,1790,179,195
2026-09-23T03:48:48.013142288,"Get specific encounter details",3103,3103,-,0,0.27,4,67,179,412,851,1880,125,160
2026-09-23T03:48:48.013142288,"Get Alkaline concept details",3103,3103,-,0,0.27,2,40,105,295,1018,1561,83,121
2026-09-23T03:48:48.013142288,"Update the specific encounter",3103,3103,-,0,0.27,14,303,655,1255,1789,3062,425,410
2026-09-23T03:48:48.013142288,"Update the Lab Order Completion",3103,3103,-,0,0.27,11,251,569,1200,1569,3015,370,381
2026-09-23T03:48:48.013142288,"Get Visits With Diagnoses and Notes (new endpoint)",1432,1432,-,0,0.13,8,293,582,1018,1530,2478,379,358
2026-09-23T03:48:48.013142288,"Close medication",3191,3191,-,0,0.28,8,173,433,912,1769,2447,288,316
2026-09-23T03:48:48.013142288,"Discontinue the drug order",3191,3191,-,0,0.28,14,265,617,1374,1587,3550,411,424
2026-09-23T03:48:48.013142288,"Get Drug Orders except the cancelled and expired",1432,1432,-,0,0.13,4,690,1657,3203,4504,6365,1049,1094
2026-09-23T03:48:48.013142288,"Get Drug Orders except the discontinued orders",1432,1432,-,0,0.13,3,711,1608,3128,4342,5833,1026,1053
2026-09-23T03:48:48.013142288,"Get Observation Tree Details",4296,4296,-,0,0.38,3,364,1714,5096,6516,10206,1172,1598
2026-09-23T03:48:48.013142288,"Search for Condition",2864,2864,-,0,0.25,9,184,292,590,887,2477,216,192
2026-09-23T03:48:48.013142288,"Save Conditions",1432,1432,-,0,0.13,5,107,252,550,898,2690,179,210
2026-09-23T03:48:48.013142288,"Get Immunizations of Patient",4296,4296,-,0,0.38,1,119,1046,3290,5347,8644,758,1219
2026-09-23T03:48:48.013142288,"Get all immunizations",1432,1432,-,0,0.13,5,120,230,486,883,1739,164,163
2026-09-23T03:48:48.013142288,"Submit Patient immunization",1432,1425,7,0.49,0.13,12,923,2038,3384,4290,6137,1245,1127
2026-09-23T03:48:48.013142288,"Get Attachments of Patient",2864,2864,-,0,0.25,4,138,279,589,893,1849,195,195
2026-09-23T03:48:48.013142288,"Get Allowed File Extensions",1432,1432,-,0,0.13,1,32,92,301,692,1622,76,128
2026-09-23T03:48:48.013142288,"Get Programs",2864,2864,-,0,0.25,6,147,298,534,966,2011,197,182
2026-09-23T03:48:48.013142288,"Add new program to patient",1432,1432,-,0,0.13,6,136,314,660,1272,2261,219,250
2026-09-23T03:48:48.013142288,"Complete the program",1432,1432,-,0,0.13,6,138,324,750,1050,2741,219,238
2026-09-23T03:48:48.013142288,"Upload Attachment Request",1432,1431,1,0.07,0.13,14,1640,4493,8670,12542,17836,2957,2790
2026-09-23T03:48:48.013142288,"Save Visit Note",1432,1432,-,0,0.13,11,308,681,1179,1924,3395,432,421
2026-09-23T03:48:48.013142288,"Save Patient Diagnosis",2864,2864,-,0,0.25,4,113,263,615,923,2682,178,203
2026-09-22T03:50:12.842619027,"Login",23503,23503,-,0,2.08,4,79,205,648,783,3823,156,207
2026-09-22T03:50:12.842619027,"Get locations",26764,26764,-,0,2.37,14,304,526,941,1245,4096,364,286
2026-09-22T03:50:12.842619027,"Select Location",23503,23503,-,0,2.08,2,35,156,542,2462,3570,109,179
2026-09-22T03:50:12.842619027,"Get Address Template",28585,28585,-,0,2.53,1,16,50,254,1788,2565,50,105
2026-09-22T03:50:12.842619027,"Get Relationship Types",28585,28585,-,0,2.53,2,30,90,348,516,2581,76,133
2026-09-22T03:50:12.842619027,"Get Appointments for Specific Date",23503,23503,-,0,2.08,2,26,78,275,518,2213,68,107
2026-09-22T03:50:12.842619027,"Get Module Information",31463,31463,-,0,2.78,1,21,52,283,1511,1941,53,103
2026-09-22T03:50:12.842619027,"Get Patient Identifier Types",28585,28585,-,0,2.53,2,32,88,303,1155,2964,76,132
2026-09-22T03:50:12.842619027,"Get Primary Identifier Term Mapping",50573,50573,-,0,4.47,2,51,135,423,1459,3582,110,170
2026-09-22T03:50:12.842619027,"Get Identifier Source",52088,52088,-,0,4.61,2,41,125,360,823,3032,98,156
2026-09-22T03:50:12.842619027,"Get Locations by Tag and Query",33571,33571,-,0,2.97,3,55,157,585,2734,4118,126,183
2026-09-22T03:50:12.842619027,"Get Visits",24679,24679,-,0,2.18,7,933,2171,3855,5423,10554,1323,1322
2026-09-22T03:50:12.842619027,"Get Auto Generation Options",28585,28585,-,0,2.53,4,101,316,787,1032,4296,210,270
2026-09-22T03:50:12.842619027,"Get Queue Entry",29209,29209,-,0,2.58,3,1963,3463,7789,11156,14421,2605,2454
2026-09-22T03:50:12.842619027,"Get Visit Types",12946,12946,-,0,1.14,2,27,80,269,699,2551,71,123
2026-09-22T03:50:12.842619027,"Get Current Visit of Patient",23062,23062,-,0,2.04,3,1758,4380,9353,13420,31334,2911,3162
2026-09-22T03:50:12.842619027,"Get Visits of Patient",24423,24423,-,0,2.16,3,897,1876,3334,4570,9055,1213,1102
2026-09-22T03:50:12.842619027,"Get Program Enrollments of Patient",15853,15853,-,0,1.4,2,124,276,597,1910,3634,191,217
2026-09-22T03:50:12.842619027,"Get Visit Queue Entry",22817,22817,-,0,2.02,2,44,143,442,1508,3248,105,163
2026-09-22T03:50:12.842619027,"Get Appointments of a Patient",13131,13131,-,0,1.16,1,24,62,251,496,2448,60,116
2026-09-22T03:50:12.842619027,"Get Patient Summary Data",25126,25126,-,0,2.22,3,57,124,355,949,3133,105,148
2026-09-22T03:50:12.842619027,"Get Active Visits of Patient",264501,264501,-,0,23.39,2,40,117,331,789,4490,100,164
2026-09-22T03:50:12.842619027,"Get isVisitsEnabled",16488,16488,-,0,1.46,2,32,113,386,890,5283,91,159
2026-09-22T03:50:12.842619027,"Get the status of patient death",249213,249213,-,0,22.03,1,29,83,274,701,3643,70,125
2026-09-22T03:50:12.842619027,"Get all the constraints on the vital concepts",16488,16488,-,0,1.46,3,55,130,378,861,2228,109,159
2026-09-22T03:50:12.842619027,"Get Patient Observations",48598,48598,-,0,4.3,1,561,2119,4957,8145,11581,1325,1697
2026-09-22T03:50:12.842619027,"Get Patient Conditions",18355,18355,-,0,1.62,1,374,1377,5018,8228,15601,1117,1746
2026-09-22T03:50:12.842619027,"Get Active Orders",15633,15633,-,0,1.38,4,281,1088,2909,5200,7790,754,1034
2026-09-22T03:50:12.842619027,"Get Admission Location Info",3800,3800,-,0,0.34,3,54,143,465,1240,1934,121,177
2026-09-22T03:50:12.842619027,"Get Admission Info",3800,3800,-,0,0.34,17,394,1001,1901,2976,6402,641,646
2026-09-22T03:50:12.842619027,"Get Inpatient Request",3800,3800,-,0,0.34,11,549,2164,21498,26436,32996,3138,6188
2026-09-22T03:50:12.842619027,"Get Orders of admitted patient by Activated Date",15377,15377,-,0,1.36,3,118,276,572,852,3709,190,211
2026-09-22T03:50:12.842619027,"Get Patients",4586,4586,-,0,0.41,11,2687,6270,10716,13180,17364,3780,3607
2026-09-22T03:50:12.842619027,"Submit Visit Form",11770,11720,50,0.42,1.04,6,121,321,740,1349,3284,222,265
2026-09-22T03:50:12.842619027,"Get Locations That Support Visits",5762,5762,-,0,0.51,3,51,121,464,562,2246,100,150
2026-09-22T03:50:12.842619027,"Get Beds for Patient",3800,3800,-,0,0.34,2,38,99,329,766,2758,89,147
2026-09-22T03:50:12.842619027,"Get Order Types",2945,2945,-,0,0.26,2,29,78,299,752,1405,74,125
2026-09-22T03:50:12.842619027,"Save Ward Encounter",9500,9500,-,0,0.84,8,262,719,1954,3301,5288,530,687
2026-09-22T03:50:12.842619027,"Save Vitals",3367,3367,-,0,0.3,38,1200,2558,4306,5341,7333,1585,1405
2026-09-22T03:50:12.842619027,"Search for Drug",5890,5890,-,0,0.52,1,28,98,397,1678,2417,83,150
2026-09-22T03:50:12.842619027,"Save Drug Order",2945,2945,-,0,0.26,25,555,1113,2084,2721,5490,752,694
2026-09-22T03:50:12.842619027,"Get Vitals concept reference ranges",3800,3800,-,0,0.34,10,235,549,1311,1730,5379,376,416
2026-09-22T03:50:12.842619027,"Get Specific Visit Details",13423,13423,-,0,1.19,3,79,221,538,2518,4521,162,221
2026-09-22T03:50:12.842619027,"Get Transfer Locations configuration data",3800,3800,-,0,0.34,40,1024,2578,4615,5726,9090,1578,1536
2026-09-22T03:50:12.842619027,"Get Transferable locations",3800,3800,-,0,0.34,26,278,468,773,1074,2099,326,247
2026-09-22T03:50:12.842619027,"Get Allergies of Patient",3367,3367,-,0,0.3,1,223,661,1441,2294,3414,428,500
2026-09-22T03:50:12.842619027,"Get Drug Allergens",3367,3367,-,0,0.3,17,340,505,835,1313,2129,373,266
2026-09-22T03:50:12.842619027,"Get Environment Allergens",3367,3367,-,0,0.3,14,281,432,773,1209,3289,316,244
2026-09-22T03:50:12.842619027,"Get Food Allergens",3367,3367,-,0,0.3,7,149,269,606,987,1878,204,201
2026-09-22T03:50:12.842619027,"Get Allergic Reactions Allergens",3367,3367,-,0,0.3,10,193,334,701,1009,1876,245,216
2026-09-22T03:50:12.842619027,"Get medication request encounters",8835,8835,-,0,0.78,34,3599,8812,14890,18928,26345,5228,5005
2026-09-22T03:50:12.842619027,"Get patient age",58359,58359,-,0,5.16,2,37,89,311,713,3144,81,133
2026-09-22T03:50:12.842619027,"Get Person Attribute Type",5082,5082,-,0,0.45,1,31,91,344,959,1850,79,133
2026-09-22T03:50:12.842619027,"Get Ordered Address Hierarchy Levels",5082,5082,-,0,0.45,1,12,27,168,1324,1825,33,84
2026-09-22T03:50:12.842619027,"Get All Appointment Services(full)",3528,3528,-,0,0.31,2,41,100,310,755,2219,87,132
2026-09-22T03:50:12.842619027,"Get all patient lists",13136,13136,-,0,1.16,2,364,837,1409,2005,3425,512,479
2026-09-22T03:50:12.842619027,"Get all appointments for a specific day",2352,2352,-,0,0.21,2,26,84,276,1056,1600,66,113
2026-09-22T03:50:12.842619027,"Get all appointment summaries",2352,2352,-,0,0.21,7,117,285,588,1095,2362,198,214
2026-09-22T03:50:12.842619027,"Get All Form Encounters",1361,1361,-,0,0.12,3,448,900,1476,2129,3287,579,507
2026-09-22T03:50:12.842619027,"Get Appointment By Status",9408,9408,-,0,0.83,2,40,117,349,804,2153,96,150
2026-09-22T03:50:12.842619027,"Get All Forms",1361,1361,-,0,0.12,5,190,435,937,1725,4541,308,369
2026-09-22T03:50:12.842619027,"Get all default appointment services",2352,2352,-,0,0.21,2,38,107,323,681,1427,85,123
2026-09-22T03:50:12.842619027,"Get the details of a orderType",2878,2878,-,0,0.25,2,32,97,357,1463,2489,86,159
2026-09-22T03:50:12.842619027,"Get all visits of the given location with date",2352,2352,-,0,0.21,13,1789,3456,5813,7797,10860,2236,1893
2026-09-22T03:50:12.842619027,"Get all Lab order details",2878,2878,-,0,0.25,11,188,287,573,884,1663,220,192
2026-09-22T03:50:12.842619027,"Add a lab order",2878,2878,-,0,0.25,16,337,770,1553,2659,5327,521,557
2026-09-22T03:50:12.842619027,"Get Patient Allergy Intolerance",2945,2945,-,0,0.26,1,170,582,1416,2231,4146,381,487
2026-09-22T03:50:12.842619027,"Get Specific Medication Requests",11780,11780,-,0,1.04,15,482,1213,2615,4138,7009,814,899
2026-09-22T03:50:12.842619027,"Get Encounter With Visit and Diagnoses",2945,2945,-,0,0.26,3,70,178,480,830,1771,130,168
2026-09-22T03:50:12.842619027,"Get All Providers",7066,7066,-,0,0.62,2,75,245,686,1266,3635,183,254
2026-09-22T03:50:12.842619027,"Get patient identification photo",236525,236525,-,0,20.91,2,47,127,550,694,3742,110,171
2026-09-22T03:50:12.842619027,"Get Person Attributes",2501,2501,-,0,0.22,2,37,87,317,655,2302,79,132
2026-09-22T03:50:12.842619027,"Get Patient Identifiers",2501,2501,-,0,0.22,2,46,128,411,713,1991,106,167
2026-09-22T03:50:12.842619027,"Get Relationships of Person",2501,2501,-,0,0.22,2,47,128,414,1159,1785,109,169
2026-09-22T03:50:12.842619027,"Create a patient list",3284,3284,-,0,0.29,5,125,308,708,1245,4518,217,255
2026-09-22T03:50:12.842619027,"Get queue entry number",1509,1509,-,0,0.13,1,8,19,150,657,935,25,63
2026-09-22T03:50:12.842619027,"Submit visit queue entry",1510,1509,1,0.07,0.13,15,290,723,1429,1947,2988,472,500
2026-09-22T03:50:12.842619027,"Save an Allergy",3367,3367,-,0,0.3,11,244,574,1077,1846,4286,380,384
2026-09-22T03:50:12.842619027,"Get Clinical Form by UUID",1361,1361,-,0,0.12,7,123,233,529,863,1944,176,171
2026-09-22T03:50:12.842619027,"Get Encounter Roles",1361,1361,-,0,0.12,2,32,87,311,1091,2221,77,132
2026-09-22T03:50:12.842619027,"Get Latest FHIR Encounter",1361,1361,-,0,0.12,2,133,310,686,1052,2140,216,237
2026-09-22T03:50:12.842619027,"Get Encounter By UUID",1233,1233,-,0,0.11,8,184,339,661,1295,2188,243,247
2026-09-22T03:50:12.842619027,"Get all active Lab orders",8634,8634,-,0,0.76,4,619,1861,3525,4913,8373,1110,1216
2026-09-22T03:50:12.842619027,"Get Lab Orders by full filler status",25902,25902,-,0,2.29,3,343,1969,9880,12943,19291,1916,3297
2026-09-22T03:50:12.842619027,"Get Order Entry Config",2945,2945,-,0,0.26,19,396,604,1188,1736,3144,454,375
2026-09-22T03:50:12.842619027,"Get ValueSet by UUID",8835,8835,-,0,0.78,6,275,717,1989,2992,5904,522,643
2026-09-22T03:50:12.842619027,"Get Medication Request by UUID",8835,8835,-,0,0.78,11,283,726,1509,2988,6320,480,526
2026-09-22T03:50:12.842619027,"Get Medication by UUID",2945,2945,-,0,0.26,2,21,47,223,631,2077,53,112
2026-09-22T03:50:12.842619027,"Search Medication by Code",2945,2945,-,0,0.26,4,57,119,326,649,1660,94,122
2026-09-22T03:50:12.842619027,"Get patient list details",3284,3284,-,0,0.29,3,53,152,454,975,2316,121,182
2026-09-22T03:50:12.842619027,"Fetch members of patient list",3284,3284,-,0,0.29,2,48,146,457,1015,2299,118,180
2026-09-22T03:50:12.842619027,"Get service concept set",1510,1510,-,0,0.13,2,29,96,378,1064,1504,81,132
2026-09-22T03:50:12.842619027,"Get Concept",50140,50140,-,0,4.43,4,129,243,592,1061,3974,191,205
2026-09-22T03:50:12.842619027,"Submit new Service queue",1510,1510,-,0,0.13,8,124,378,930,1310,3032,256,311
2026-09-22T03:50:12.842619027,"Get Locations Search Set",1900,1900,-,0,0.17,3,41,117,412,1068,1845,104,164
2026-09-22T03:50:12.842619027,"Change the session location",1900,1900,-,0,0.17,3,46,174,493,1012,2252,127,198
2026-09-22T03:50:12.842619027,"Edit patient details",2501,2501,-,0,0.22,10,199,412,938,1558,2731,296,311
2026-09-22T03:50:12.842619027,"Check Appointment Conflicts",1176,1176,-,0,0.1,5,84,199,569,969,2150,154,212
2026-09-22T03:50:12.842619027,"Create Appointment",1176,1176,-,0,0.1,10,146,291,617,1160,2616,213,224
2026-09-22T03:50:12.842619027,"Submit transition request",1510,1381,129,8.54,0.13,8,163,378,805,1247,3083,265,300
2026-09-22T03:50:12.842619027,"End Visit",11720,11493,227,1.94,1.04,8,244,562,1176,1886,4088,385,396
2026-09-22T03:50:12.842619027,"Generate OMRS Identifier",2581,2581,-,0,0.23,6,129,263,605,1119,2944,200,225
2026-09-22T03:50:12.842619027,"Send Patient Registration Request",2581,2581,-,0,0.23,20,522,829,1460,2166,3352,599,468
2026-09-22T03:50:12.842619027,"Get patient admission note",16797,16797,-,0,1.49,3,105,242,596,1154,3211,180,219
2026-09-22T03:50:12.842619027,"Save a clinical form",1361,1361,-,0,0.12,20,571,1174,2149,3040,4910,764,713
2026-09-22T03:50:12.842619027,"Update full filler status",5756,5756,-,0,0.51,6,102,215,534,867,2761,162,185
2026-09-22T03:50:12.842619027,"Dispense medication form submission",2945,2945,-,0,0.26,25,541,1378,2727,3637,6151,873,891
2026-09-22T03:50:12.842619027,"Get Patient Encounters",1361,1361,-,0,0.12,10,3418,5985,8743,10511,13859,3705,2907
2026-09-22T03:50:12.842619027,"Submit Appointment StatusChange",2352,2352,-,0,0.21,6,130,301,817,1204,2279,223,267
2026-09-22T03:50:12.842619027,"Get Lab Results of Patient",2722,2722,-,0,0.24,2,490,1077,2661,4697,8212,789,913
2026-09-22T03:50:12.842619027,"Get specific encounter details",2878,2878,-,0,0.25,5,72,195,523,911,1983,147,200
2026-09-22T03:50:12.842619027,"Get Alkaline concept details",2878,2878,-,0,0.25,3,41,109,361,762,2208,94,149
2026-09-22T03:50:12.842619027,"Update the specific encounter",2878,2878,-,0,0.25,17,332,725,1376,1898,4566,492,485
2026-09-22T03:50:12.842619027,"Update the Lab Order Completion",2878,2878,-,0,0.25,14,282,628,1383,2069,3713,431,444
2026-09-22T03:50:12.842619027,"Get Visits With Diagnoses and Notes (new endpoint)",1361,1361,-,0,0.12,9,300,628,1127,1902,3331,422,406
2026-09-22T03:50:12.842619027,"Close medication",2945,2945,-,0,0.26,11,192,475,1073,1838,4185,331,375
2026-09-22T03:50:12.842619027,"Discontinue the drug order",2945,2945,-,0,0.26,18,316,704,1429,2476,4741,482,495
2026-09-22T03:50:12.842619027,"Get Drug Orders except the cancelled and expired",1361,1361,-,0,0.12,5,835,1831,3479,4875,8140,1170,1174
2026-09-22T03:50:12.842619027,"Get Drug Orders except the discontinued orders",1361,1361,-,0,0.12,4,828,1851,3471,4808,8904,1169,1154
2026-09-22T03:50:12.842619027,"Get Observation Tree Details",4083,4083,-,0,0.36,4,453,1942,5454,7632,10711,1335,1801
2026-09-22T03:50:12.842619027,"Search for Condition",2722,2722,-,0,0.24,11,203,328,680,1113,2641,258,239
2026-09-22T03:50:12.842619027,"Save Conditions",1361,1361,-,0,0.12,6,103,262,665,1208,1773,196,240
2026-09-22T03:50:12.842619027,"Get Immunizations of Patient",4083,4083,-,0,0.36,2,142,1144,3758,6012,9380,827,1323
2026-09-22T03:50:12.842619027,"Get all immunizations",1361,1361,-,0,0.12,6,131,256,636,1250,2900,200,233
2026-09-22T03:50:12.842619027,"Submit Patient immunization",1361,1356,5,0.37,0.12,35,1216,2310,3708,5649,6965,1478,1288
2026-09-22T03:50:12.842619027,"Get Attachments of Patient",2722,2722,-,0,0.24,6,151,316,654,981,2508,224,242
2026-09-22T03:50:12.842619027,"Get Allowed File Extensions",1361,1361,-,0,0.12,2,33,96,413,523,2156,85,150
2026-09-22T03:50:12.842619027,"Get Programs",2722,2722,-,0,0.24,7,164,336,650,1096,2140,232,215
2026-09-22T03:50:12.842619027,"Add new program to patient",1361,1361,-,0,0.12,6,166,381,878,1518,4106,273,327
2026-09-22T03:50:12.842619027,"Complete the program",1361,1361,-,0,0.12,8,162,384,866,1425,2752,265,289
2026-09-22T03:50:12.842619027,"Upload Attachment Request",1361,1361,-,0,0.12,487,2553,6114,10901,14051,22118,4061,3433
2026-09-22T03:50:12.842619027,"Save Visit Note",1361,1361,-,0,0.12,14,374,792,1594,2325,4072,527,524
2026-09-22T03:50:12.842619027,"Save Patient Diagnosis",2722,2722,-,0,0.24,5,123,295,697,1280,2380,213,239
2026-09-21T03:53:28.769887496,"Login",19885,19885,-,0,1.76,5,121,287,772,1608,5255,232,312
2026-09-21T03:53:28.769887496,"Get locations",22622,22622,-,0,2,27,492,694,1194,2024,4550,529,382
2026-09-21T03:53:28.769887496,"Select Location",19885,19885,-,0,1.76,2,59,198,767,890,3595,162,261
2026-09-21T03:53:28.769887496,"Get Address Template",24299,24299,-,0,2.15,1,26,71,272,884,3143,73,149
2026-09-21T03:53:28.769887496,"Get Relationship Types",24299,24299,-,0,2.15,2,47,122,475,3344,5084,114,200
2026-09-21T03:53:28.769887496,"Get Appointments for Specific Date",19885,19885,-,0,1.76,2,40,130,466,2323,3609,95,160
2026-09-21T03:53:28.769887496,"Get Module Information",26671,26671,-,0,2.36,1,30,77,343,839,5103,77,159
2026-09-21T03:53:28.769887496,"Get Patient Identifier Types",24299,24299,-,0,2.15,2,48,124,576,714,4250,114,199
2026-09-21T03:53:28.769887496,"Get Primary Identifier Term Mapping",42650,42650,-,0,3.77,2,76,195,610,1570,3822,160,243
2026-09-21T03:53:28.769887496,"Get Identifier Source",44184,44184,-,0,3.9,2,62,184,597,2338,5476,145,236
2026-09-21T03:53:28.769887496,"Get Locations by Tag and Query",28165,28165,-,0,2.49,3,92,246,702,2516,5504,191,281
2026-09-21T03:53:28.769887496,"Get Visits",20869,20869,-,0,1.84,8,1418,3235,5754,7126,11949,1931,1860
2026-09-21T03:53:28.769887496,"Get Auto Generation Options",24299,24299,-,0,2.15,5,179,463,1097,2083,6578,321,406
2026-09-21T03:53:28.769887496,"Get Queue Entry",24475,24475,-,0,2.16,3,2326,4036,8736,14132,18231,3035,2899
2026-09-21T03:53:28.769887496,"Get Visit Types",10652,10652,-,0,0.94,2,42,105,407,1051,4607,104,191
2026-09-21T03:53:28.769887496,"Get Current Visit of Patient",19028,19028,-,0,1.68,3,2826,6470,13911,19903,51865,4363,4650
2026-09-21T03:53:28.769887496,"Get Visits of Patient",20225,20225,-,0,1.79,3,1360,2594,4595,6196,11944,1715,1503
2026-09-21T03:53:28.769887496,"Get Program Enrollments of Patient",13259,13259,-,0,1.17,3,173,348,827,2576,4361,261,308
2026-09-21T03:53:28.769887496,"Get Visit Queue Entry",19178,19178,-,0,1.69,3,70,183,576,1308,3900,154,239
2026-09-21T03:53:28.769887496,"Get Appointments of a Patient",10865,10865,-,0,0.96,2,33,90,320,938,2777,83,157
2026-09-21T03:53:28.769887496,"Get Patient Summary Data",21088,21088,-,0,1.86,3,83,175,498,1333,3483,149,221
2026-09-21T03:53:28.769887496,"Get Active Visits of Patient",215297,215297,-,0,19.01,2,61,173,737,3691,5671,148,238
2026-09-21T03:53:28.769887496,"Get isVisitsEnabled",13943,13943,-,0,1.23,2,52,162,677,2636,3639,139,235
2026-09-21T03:53:28.769887496,"Get the status of patient death",202386,202386,-,0,17.87,2,43,126,509,2966,5686,102,184
2026-09-21T03:53:28.769887496,"Get all the constraints on the vital concepts",13943,13943,-,0,1.23,3,82,196,542,1261,3614,159,233
2026-09-21T03:53:28.769887496,"Get Patient Observations",41429,41429,-,0,3.66,1,867,2893,7286,9646,17162,1912,2452
2026-09-21T03:53:28.769887496,"Get Patient Conditions",15630,15630,-,0,1.38,2,585,2139,7814,12732,21935,1694,2620
2026-09-21T03:53:28.769887496,"Get Active Orders",13236,13236,-,0,1.17,4,432,1280,3896,5054,10661,928,1236
2026-09-21T03:53:28.769887496,"Get Admission Location Info",3080,3080,-,0,0.27,4,76,206,630,1596,2690,171,261
2026-09-21T03:53:28.769887496,"Get Admission Info",3080,3079,1,0.03,0.27,21,537,1242,2687,4890,180001,930,3378
2026-09-21T03:53:28.769887496,"Get Inpatient Request",3080,3080,-,0,0.27,14,744,2874,24934,37019,44507,4019,7839
2026-09-21T03:53:28.769887496,"Get Orders of admitted patient by Activated Date",12915,12915,-,0,1.14,4,208,436,1004,1358,4026,312,339
2026-09-21T03:53:28.769887496,"Get Patients",3726,3726,-,0,0.33,12,3993,8910,14453,17236,22441,5298,4889
2026-09-21T03:53:28.769887496,"Submit Visit Form",9668,9634,34,0.35,0.85,7,187,442,1033,2402,4252,318,384
2026-09-21T03:53:28.769887496,"Get Locations That Support Visits",4710,4710,-,0,0.42,3,73,187,513,1608,3706,144,206
2026-09-21T03:53:28.769887496,"Get Beds for Patient",3080,3080,-,0,0.27,3,57,145,502,1176,2470,130,215
2026-09-21T03:53:28.769887496,"Save Ward Encounter",7700,7700,-,0,0.68,10,396,1059,3012,4848,9745,785,1014
2026-09-21T03:53:28.769887496,"Get Order Types",2373,2373,-,0,0.21,2,42,101,395,1310,2230,104,199
2026-09-21T03:53:28.769887496,"Save Vitals",2880,2880,-,0,0.25,52,1962,3691,6286,8173,15633,2379,2027
2026-09-21T03:53:28.769887496,"Get Vitals concept reference ranges",3080,3080,-,0,0.27,13,350,803,1806,2810,5715,553,613
2026-09-21T03:53:28.769887496,"Get Specific Visit Details",11412,11412,-,0,1.01,4,119,293,785,1625,4436,228,306
2026-09-21T03:53:28.769887496,"Get Transfer Locations configuration data",3080,3080,-,0,0.27,53,1593,3677,6711,9135,14229,2314,2235
2026-09-21T03:53:28.769887496,"Search for Drug",4746,4746,-,0,0.42,2,44,133,491,1618,3289,120,214
2026-09-21T03:53:28.769887496,"Save Drug Order",2373,2373,-,0,0.21,30,812,1601,2988,4167,7128,1068,970
2026-09-21T03:53:28.769887496,"Get Transferable locations",3080,3080,-,0,0.27,29,354,630,1139,1947,4582,447,388
2026-09-21T03:53:28.769887496,"Get Allergies of Patient",2880,2880,-,0,0.25,1,346,934,1980,3574,7045,618,728
2026-09-21T03:53:28.769887496,"Get Drug Allergens",2880,2880,-,0,0.25,22,478,664,1168,1906,3857,504,364
2026-09-21T03:53:28.769887496,"Get Environment Allergens",2880,2880,-,0,0.25,18,400,578,1089,2020,4149,445,370
2026-09-21T03:53:28.769887496,"Get Food Allergens",2880,2880,-,0,0.25,9,213,370,838,1639,3520,287,303
2026-09-21T03:53:28.769887496,"Get Allergic Reactions Allergens",2880,2880,-,0,0.25,12,274,439,885,1671,3193,340,307
2026-09-21T03:53:28.769887496,"Get medication request encounters",7119,7119,-,0,0.63,46,6169,13482,21494,25777,33816,8050,7286
2026-09-21T03:53:28.769887496,"Get patient age",47064,47064,-,0,4.16,2,55,127,452,1052,3565,118,189
2026-09-21T03:53:28.769887496,"Get all patient lists",11692,11692,-,0,1.03,3,546,1102,1806,2353,3650,687,603
2026-09-21T03:53:28.769887496,"Get All Form Encounters",1197,1197,-,0,0.11,5,604,1142,2081,2716,4433,772,686
2026-09-21T03:53:28.769887496,"Get Person Attribute Type",4414,4414,-,0,0.39,2,50,133,502,1275,2587,121,204
2026-09-21T03:53:28.769887496,"Get All Appointment Services(full)",2952,2952,-,0,0.26,3,60,137,419,895,2284,117,171
2026-09-21T03:53:28.769887496,"Get Ordered Address Hierarchy Levels",4414,4414,-,0,0.39,1,18,39,241,325,2802,47,112
2026-09-21T03:53:28.769887496,"Get all appointments for a specific day",1968,1968,-,0,0.17,2,35,107,536,593,2353,92,164
2026-09-21T03:53:28.769887496,"Get all appointment summaries",1968,1968,-,0,0.17,7,153,358,848,1283,3478,256,294
2026-09-21T03:53:28.769887496,"Get All Forms",1197,1197,-,0,0.11,8,265,646,1286,2333,3387,430,475
2026-09-21T03:53:28.769887496,"Get Appointment By Status",7872,7872,-,0,0.7,2,40,117,405,1597,2774,91,148
2026-09-21T03:53:28.769887496,"Get all default appointment services",1968,1968,-,0,0.17,3,57,142,465,981,2689,117,181
2026-09-21T03:53:28.769887496,"Get the details of a orderType",2372,2372,-,0,0.21,2,51,153,436,1368,2004,121,188
2026-09-21T03:53:28.769887496,"Get all visits of the given location with date",1968,1968,-,0,0.17,17,2342,4536,7260,8904,10658,2881,2350
2026-09-21T03:53:28.769887496,"Get all Lab order details",2372,2372,-,0,0.21,12,255,388,752,1426,3384,297,267
2026-09-21T03:53:28.769887496,"Add a lab order",2372,2372,-,0,0.21,17,489,1099,2061,3438,8627,721,731
2026-09-21T03:53:28.769887496,"Get Patient Allergy Intolerance",2373,2373,-,0,0.21,1,248,797,2281,3186,5891,561,744
2026-09-21T03:53:28.769887496,"Get Specific Medication Requests",9492,9492,-,0,0.84,22,781,1805,3846,5070,11433,1207,1278
2026-09-21T03:53:28.769887496,"Get Encounter With Visit and Diagnoses",2373,2373,-,0,0.21,4,95,225,573,1643,3352,176,254
2026-09-21T03:53:28.769887496,"Get All Providers",5730,5730,-,0,0.51,4,124,406,1124,1536,5526,279,390
2026-09-21T03:53:28.769887496,"Create a patient list",2923,2923,-,0,0.26,5,178,432,1047,1740,3109,313,376
2026-09-21T03:53:28.769887496,"Get patient identification photo",191523,191523,-,0,16.91,3,74,204,543,1380,4874,164,254
2026-09-21T03:53:28.769887496,"Get queue entry number",1197,1197,-,0,0.11,1,12,27,124,527,977,35,89
2026-09-21T03:53:28.769887496,"Submit visit queue entry",1202,1197,5,0.42,0.11,18,432,1018,2140,3399,4854,675,733
2026-09-21T03:53:28.769887496,"Save an Allergy",2880,2880,-,0,0.25,12,360,768,1549,2442,4909,522,511
2026-09-21T03:53:28.769887496,"Get Person Attributes",2096,2096,-,0,0.19,2,53,142,577,640,3240,120,202
2026-09-21T03:53:28.769887496,"Get Patient Identifiers",2096,2096,-,0,0.19,3,65,183,588,1274,3561,151,253
2026-09-21T03:53:28.769887496,"Get Relationships of Person",2096,2096,-,0,0.19,3,74,192,535,1096,3477,155,230
2026-09-21T03:53:28.769887496,"Get Clinical Form by UUID",1197,1197,-,0,0.11,7,171,299,687,1266,3070,241,253
2026-09-21T03:53:28.769887496,"Get Encounter Roles",1197,1197,-,0,0.11,2,47,125,455,1106,1927,117,191
2026-09-21T03:53:28.769887496,"Get Latest FHIR Encounter",1197,1197,-,0,0.11,2,195,421,936,1744,3296,306,346
2026-09-21T03:53:28.769887496,"Get Encounter By UUID",1070,1070,-,0,0.09,9,254,464,936,1778,2437,345,334
2026-09-21T03:53:28.769887496,"Get all active Lab orders",7116,7116,-,0,0.63,3,950,2450,5178,7536,12204,1582,1753
2026-09-21T03:53:28.769887496,"Get Lab Orders by full filler status",21348,21348,-,0,1.89,3,469,2852,13497,17209,26340,2642,4450
2026-09-21T03:53:28.769887496,"Get patient list details",2923,2923,-,0,0.26,3,76,202,590,1395,2945,169,250
2026-09-21T03:53:28.769887496,"Fetch members of patient list",2923,2923,-,0,0.26,3,75,211,591,1357,2841,164,245
2026-09-21T03:53:28.769887496,"Get Order Entry Config",2373,2373,-,0,0.21,23,578,876,1673,2650,4362,645,530
2026-09-21T03:53:28.769887496,"Get ValueSet by UUID",7119,7119,-,0,0.63,8,406,1074,2613,3817,8243,747,893
2026-09-21T03:53:28.769887496,"Get Medication Request by UUID",7119,7119,-,0,0.63,16,459,1067,2137,3632,7470,712,764
2026-09-21T03:53:28.769887496,"Get Medication by UUID",2373,2373,-,0,0.21,2,32,67,312,838,2078,75,143
2026-09-21T03:53:28.769887496,"Search Medication by Code",2373,2373,-,0,0.21,5,90,155,411,913,1815,133,162
2026-09-21T03:53:28.769887496,"Get service concept set",1202,1202,-,0,0.11,2,45,138,466,1098,3851,118,215
2026-09-21T03:53:28.769887496,"Get Concept",39994,39994,-,0,3.53,5,183,341,893,1188,6527,269,286
2026-09-21T03:53:28.769887496,"Submit new Service queue",1202,1202,-,0,0.11,9,205,546,1332,1930,3530,369,430
2026-09-21T03:53:28.769887496,"Get Locations Search Set",1540,1540,-,0,0.14,3,59,179,529,1450,2098,146,220
2026-09-21T03:53:28.769887496,"Change the session location",1540,1540,-,0,0.14,3,68,225,844,1250,2569,181,272
2026-09-21T03:53:28.769887496,"Check Appointment Conflicts",984,984,-,0,0.09,6,119,279,790,1369,2616,212,265
2026-09-21T03:53:28.769887496,"Create Appointment",984,984,-,0,0.09,12,200,379,821,1352,3205,280,284
2026-09-21T03:53:28.769887496,"Edit patient details",2096,2096,-,0,0.19,11,274,559,1151,2173,4923,409,446
2026-09-21T03:53:28.769887496,"Submit transition request",1202,1129,73,6.07,0.11,10,230,495,1104,1581,3692,358,401
2026-09-21T03:53:28.769887496,"End Visit",9634,9494,140,1.45,0.85,7,359,780,1542,2497,4544,521,524
2026-09-21T03:53:28.769887496,"Generate OMRS Identifier",2318,2318,-,0,0.2,6,171,384,921,1535,3105,286,320
2026-09-21T03:53:28.769887496,"Get patient admission note",13059,13059,-,0,1.15,3,126,330,855,1814,4590,253,330
2026-09-21T03:53:28.769887496,"Send Patient Registration Request",2318,2318,-,0,0.2,22,752,1207,2280,3341,5293,896,711
2026-09-21T03:53:28.769887496,"Save a clinical form",1197,1197,-,0,0.11,24,869,1687,3060,4163,9272,1128,1026
2026-09-21T03:53:28.769887496,"Update full filler status",4744,4744,-,0,0.42,6,145,289,755,1437,3083,225,264
2026-09-21T03:53:28.769887496,"Dispense medication form submission",2373,2373,-,0,0.21,30,893,2036,3850,5321,7247,1294,1264
2026-09-21T03:53:28.769887496,"Submit Appointment StatusChange",1968,1968,-,0,0.17,8,188,414,982,1623,5048,300,363
2026-09-21T03:53:28.769887496,"Get Patient Encounters",1197,1197,-,0,0.11,14,4921,8519,12248,14913,21504,5342,4073
2026-09-21T03:53:28.769887496,"Get Lab Results of Patient",2394,2394,-,0,0.21,2,617,1384,3811,6240,13285,1074,1335
2026-09-21T03:53:28.769887496,"Get specific encounter details",2372,2372,-,0,0.21,5,107,291,770,1433,3727,217,311
2026-09-21T03:53:28.769887496,"Get Alkaline concept details",2372,2372,-,0,0.21,3,62,163,543,1379,4022,146,246
2026-09-21T03:53:28.769887496,"Update the specific encounter",2372,2372,-,0,0.21,21,513,1028,1967,2773,5768,699,669
2026-09-21T03:53:28.769887496,"Update the Lab Order Completion",2372,2372,-,0,0.21,16,407,855,1785,3010,5735,606,637
2026-09-21T03:53:28.769887496,"Get Visits With Diagnoses and Notes (new endpoint)",1197,1197,-,0,0.11,11,480,930,1825,2967,5698,649,638
2026-09-21T03:53:28.769887496,"Close medication",2373,2373,-,0,0.21,13,284,699,1530,3028,5569,487,547
2026-09-21T03:53:28.769887496,"Discontinue the drug order",2373,2373,-,0,0.21,20,452,978,1947,2576,5070,659,655
2026-09-21T03:53:28.769887496,"Get Drug Orders except the cancelled and expired",1197,1197,-,0,0.11,5,1009,2101,4181,6039,8131,1431,1412
2026-09-21T03:53:28.769887496,"Get Drug Orders except the discontinued orders",1197,1197,-,0,0.11,6,1010,2211,4277,5727,8574,1439,1424
2026-09-21T03:53:28.769887496,"Get Observation Tree Details",3591,3591,-,0,0.32,4,829,3017,7887,10671,16323,2020,2610
2026-09-21T03:53:28.769887496,"Search for Condition",2394,2394,-,0,0.21,12,285,456,955,1772,5043,361,351
2026-09-21T03:53:28.769887496,"Save Conditions",1197,1197,-,0,0.11,6,148,382,974,1747,3099,281,345
2026-09-21T03:53:28.769887496,"Get Immunizations of Patient",3591,3591,-,0,0.32,2,203,1536,5343,6860,11571,1055,1660
2026-09-21T03:53:28.769887496,"Get all immunizations",1197,1197,-,0,0.11,7,185,339,750,1365,3193,268,296
2026-09-21T03:53:28.769887496,"Submit Patient immunization",1197,1196,1,0.08,0.11,44,1786,3274,5180,7034,10612,2079,1719
2026-09-21T03:53:28.769887496,"Get Attachments of Patient",2394,2394,-,0,0.21,5,200,405,990,1640,4467,311,359
2026-09-21T03:53:28.769887496,"Get Allowed File Extensions",1197,1197,-,0,0.11,2,50,138,550,1163,3898,125,226
2026-09-21T03:53:28.769887496,"Get Programs",2394,2394,-,0,0.21,9,234,427,850,1512,2892,310,289
2026-09-21T03:53:28.769887496,"Add new program to patient",1197,1197,-,0,0.11,8,220,526,1279,2377,3897,381,444
2026-09-21T03:53:28.769887496,"Complete the program",1197,1197,-,0,0.11,8,220,511,1176,2052,3468,372,422
2026-09-21T03:53:28.769887496,"Upload Attachment Request",1197,1194,3,0.25,0.11,11,3018,7672,14107,21999,25802,5086,4723
2026-09-21T03:53:28.769887496,"Save Visit Note",1197,1197,-,0,0.11,16,561,1119,2194,3853,6064,765,762
2026-09-21T03:53:28.769887496,"Save Patient Diagnosis",2394,2394,-,0,0.21,6,182,405,1047,1776,3468,301,368
2026-09-20T03:54:52.877986484,"Login",19956,19956,-,0,1.76,5,136,312,719,1517,5043,234,285
2026-09-20T03:54:52.877986484,"Get locations",22673,22673,-,0,2,24,520,718,1135,1753,6638,537,360
2026-09-20T03:54:52.877986484,"Select Location",19956,19956,-,0,1.76,2,75,227,518,2006,3653,165,240
2026-09-20T03:54:52.877986484,"Get Address Template",24419,24419,-,0,2.16,1,28,80,364,647,2858,75,140
2026-09-20T03:54:52.877986484,"Get Relationship Types",24419,24419,-,0,2.16,2,54,145,410,1545,3556,113,174
2026-09-20T03:54:52.877986484,"Get Appointments for Specific Date",19956,19956,-,0,1.76,2,41,137,342,806,2383,97,147
2026-09-20T03:54:52.877986484,"Get Module Information",26801,26801,-,0,2.37,1,37,86,263,716,2728,78,138
2026-09-20T03:54:52.877986484,"Get Patient Identifier Types",24419,24419,-,0,2.16,2,57,138,469,2257,3470,115,179
2026-09-20T03:54:52.877986484,"Get Primary Identifier Term Mapping",42784,42784,-,0,3.78,2,88,218,591,1673,3460,164,222
2026-09-20T03:54:52.877986484,"Get Identifier Source",44375,44375,-,0,3.92,2,75,194,612,832,4693,148,217
2026-09-20T03:54:52.877986484,"Get Locations by Tag and Query",28175,28175,-,0,2.49,3,100,273,651,1450,3786,191,250
2026-09-20T03:54:52.877986484,"Get Visits",20926,20926,-,0,1.85,9,1716,3145,5318,6289,11641,1968,1732
2026-09-20T03:54:52.877986484,"Get Auto Generation Options",24419,24419,-,0,2.16,5,220,488,1063,1488,5046,325,370
2026-09-20T03:54:52.877986484,"Get Queue Entry",24550,24550,-,0,2.17,3,2148,3778,6446,9123,14753,2582,2101
2026-09-20T03:54:52.877986484,"Get Visit Types",10601,10601,-,0,0.94,2,48,131,387,899,2881,106,170
2026-09-20T03:54:52.877986484,"Get Current Visit of Patient",19022,19022,-,0,1.68,3,3115,6775,12977,18567,41926,4406,4366
2026-09-20T03:54:52.877986484,"Get Visits of Patient",20224,20224,-,0,1.79,3,1465,2644,4368,5872,11552,1729,1428
2026-09-20T03:54:52.877986484,"Get Program Enrollments of Patient",13237,13237,-,0,1.17,2,187,403,737,2474,4674,267,289
2026-09-20T03:54:52.877986484,"Get Visit Queue Entry",19226,19226,-,0,1.7,2,79,215,575,927,3954,158,222
2026-09-20T03:54:52.877986484,"Get Appointments of a Patient",10833,10833,-,0,0.96,1,39,100,305,736,2884,86,149
2026-09-20T03:54:52.877986484,"Get Patient Summary Data",21135,21135,-,0,1.87,3,92,190,643,731,3488,151,195
2026-09-20T03:54:52.877986484,"Get Active Visits of Patient",213626,213626,-,0,18.87,2,70,194,687,2788,4746,151,221
2026-09-20T03:54:52.877986484,"Get isVisitsEnabled",13964,13964,-,0,1.23,2,62,173,610,735,3472,137,203
2026-09-20T03:54:52.877986484,"Get the status of patient death",200761,200761,-,0,17.73,2,53,120,484,4539,6458,105,169
2026-09-20T03:54:52.877986484,"Get all the constraints on the vital concepts",13964,13964,-,0,1.23,3,94,215,578,1200,3617,164,218
2026-09-20T03:54:52.877986484,"Get Patient Observations",41606,41606,-,0,3.68,1,987,3074,6751,9463,17976,1920,2320
2026-09-20T03:54:52.877986484,"Get Patient Conditions",15692,15692,-,0,1.39,1,628,2252,7273,10955,22073,1713,2570
2026-09-20T03:54:52.877986484,"Get Active Orders",13288,13288,-,0,1.17,3,439,1390,3399,4261,10129,914,1133
2026-09-20T03:54:52.877986484,"Get Admission Location Info",3030,3030,-,0,0.27,4,92,250,613,1315,3904,180,244
2026-09-20T03:54:52.877986484,"Get Admission Info",3030,3030,-,0,0.27,20,610,1258,2345,4112,7745,850,878
2026-09-20T03:54:52.877986484,"Get Inpatient Request",3030,3030,-,0,0.27,12,784,2865,27944,35105,41449,4373,8339
2026-09-20T03:54:52.877986484,"Get Orders of admitted patient by Activated Date",12797,12797,-,0,1.13,3,179,389,788,1276,3672,271,288
2026-09-20T03:54:52.877986484,"Get Patients",3693,3693,-,0,0.33,12,4618,8977,13836,16868,21466,5463,4682
2026-09-20T03:54:52.877986484,"Submit Visit Form",9631,9596,35,0.36,0.85,6,208,459,989,2467,4418,321,362
2026-09-20T03:54:52.877986484,"Get Locations That Support Visits",4663,4663,-,0,0.41,3,80,195,668,801,2222,152,201
2026-09-20T03:54:52.877986484,"Get Beds for Patient",3030,3030,-,0,0.27,3,65,177,539,768,2584,133,184
2026-09-20T03:54:52.877986484,"Save Ward Encounter",7575,7575,-,0,0.67,10,451,1107,2889,3920,8832,802,962
2026-09-20T03:54:52.877986484,"Get Order Types",2354,2354,-,0,0.21,2,48,115,395,828,2041,103,169
2026-09-20T03:54:52.877986484,"Save Vitals",2887,2887,-,0,0.26,50,2181,3765,5800,7463,11124,2426,1934
2026-09-20T03:54:52.877986484,"Get Vitals concept reference ranges",3030,3030,-,0,0.27,12,416,871,1659,2610,5315,578,576
2026-09-20T03:54:52.877986484,"Get Specific Visit Details",11371,11371,-,0,1,4,135,317,955,1187,5741,233,293
2026-09-20T03:54:52.877986484,"Get Transfer Locations configuration data",3030,3030,-,0,0.27,52,1879,3820,6134,7798,11534,2376,2090
2026-09-20T03:54:52.877986484,"Get Transferable locations",3030,3030,-,0,0.27,28,398,694,1140,1691,3395,473,371
2026-09-20T03:54:52.877986484,"Search for Drug",4708,4708,-,0,0.42,1,49,147,415,1042,2674,120,196
2026-09-20T03:54:52.877986484,"Save Drug Order",2354,2354,-,0,0.21,28,941,1633,2886,3845,5769,1097,916
2026-09-20T03:54:52.877986484,"Get Allergies of Patient",2887,2887,-,0,0.26,1,379,954,1909,2788,5035,620,666
2026-09-20T03:54:52.877986484,"Get Drug Allergens",2887,2887,-,0,0.26,21,511,684,1104,1666,3208,516,334
2026-09-20T03:54:52.877986484,"Get Environment Allergens",2887,2887,-,0,0.26,17,413,587,976,1576,2922,437,310
2026-09-20T03:54:52.877986484,"Get Food Allergens",2887,2887,-,0,0.26,8,229,376,772,1176,4174,285,263
2026-09-20T03:54:52.877986484,"Get Allergic Reactions Allergens",2887,2887,-,0,0.26,12,299,464,845,1496,3348,348,285
2026-09-20T03:54:52.877986484,"Get medication request encounters",7062,7062,-,0,0.62,42,6699,13532,20634,25719,34468,8193,7002
2026-09-20T03:54:52.877986484,"Get patient age",46869,46869,-,0,4.14,2,66,155,446,1004,4056,125,180
2026-09-20T03:54:52.877986484,"Get All Appointment Services(full)",2910,2910,-,0,0.26,3,66,161,465,663,1633,119,154
2026-09-20T03:54:52.877986484,"Get all appointments for a specific day",1940,1940,-,0,0.17,5,151,396,834,1410,2687,261,289
2026-09-20T03:54:52.877986484,"Get all appointment summaries",1940,1940,-,0,0.17,8,170,401,777,1066,3253,269,278
2026-09-20T03:54:52.877986484,"Get all patient lists",11900,11900,-,0,1.05,3,562,1145,1800,2283,5042,693,596
2026-09-20T03:54:52.877986484,"Get Person Attribute Type",4463,4463,-,0,0.39,2,58,149,472,1276,3344,122,185
2026-09-20T03:54:52.877986484,"Get Appointment By Status",7760,7760,-,0,0.69,2,57,168,537,960,2874,135,195
2026-09-20T03:54:52.877986484,"Get Ordered Address Hierarchy Levels",4463,4463,-,0,0.39,1,21,46,186,384,2612,46,96
2026-09-20T03:54:52.877986484,"Get the details of a orderType",2382,2382,-,0,0.21,2,58,160,548,854,2187,130,202
2026-09-20T03:54:52.877986484,"Get all Lab order details",2382,2382,-,0,0.21,10,286,405,784,1173,3084,310,253
2026-09-20T03:54:52.877986484,"Get all default appointment services",1940,1940,-,0,0.17,3,59,157,405,1249,3254,121,180
2026-09-20T03:54:52.877986484,"Get all visits of the given location with date",1940,1940,-,0,0.17,26,2831,4579,7102,9236,13631,3014,2318
2026-09-20T03:54:52.877986484,"Add a lab order",2382,2382,-,0,0.21,17,566,1065,1990,3433,4979,737,692
2026-09-20T03:54:52.877986484,"Get All Form Encounters",1202,1202,-,0,0.11,4,581,1140,1919,2555,4305,739,626
2026-09-20T03:54:52.877986484,"Get All Forms",1202,1202,-,0,0.11,8,341,636,1300,2121,4677,442,444
2026-09-20T03:54:52.877986484,"Get patient identification photo",189827,189827,-,0,16.77,2,81,242,597,1250,5034,167,233
2026-09-20T03:54:52.877986484,"Get Person Attributes",2113,2113,-,0,0.19,2,61,137,399,864,1869,114,160
2026-09-20T03:54:52.877986484,"Get Patient Identifiers",2113,2113,-,0,0.19,3,78,193,514,1127,2600,152,208
2026-09-20T03:54:52.877986484,"Get Relationships of Person",2113,2113,-,0,0.19,3,82,195,504,1055,3512,155,222
2026-09-20T03:54:52.877986484,"Get Patient Allergy Intolerance",2354,2354,-,0,0.21,1,311,866,1858,2664,6870,547,623
2026-09-20T03:54:52.877986484,"Get Specific Medication Requests",9416,9416,-,0,0.83,21,864,1869,3601,4894,8703,1228,1200
2026-09-20T03:54:52.877986484,"Get Encounter With Visit and Diagnoses",2354,2354,-,0,0.21,4,111,261,600,1142,2656,187,220
2026-09-20T03:54:52.877986484,"Get All Providers",5678,5678,-,0,0.5,4,151,413,993,1627,5904,285,356
2026-09-20T03:54:52.877986484,"Create a patient list",2975,2975,-,0,0.26,5,212,435,848,1922,4372,310,349
2026-09-20T03:54:52.877986484,"Get queue entry number",1203,1203,-,0,0.11,1,13,31,193,1264,2144,36,93
2026-09-20T03:54:52.877986484,"Submit visit queue entry",1208,1203,5,0.41,0.11,18,453,1038,1946,2618,6298,675,679
2026-09-20T03:54:52.877986484,"Save an Allergy",2887,2887,-,0,0.26,12,397,762,1386,2421,4185,522,488
2026-09-20T03:54:52.877986484,"Get all active Lab orders",7146,7146,-,0,0.63,4,954,2557,4816,6439,9614,1582,1663
2026-09-20T03:54:52.877986484,"Get Clinical Form by UUID",1202,1202,-,0,0.11,7,183,319,676,1542,3044,251,262
2026-09-20T03:54:52.877986484,"Get Lab Orders by full filler status",21438,21438,-,0,1.89,3,480,2989,12648,19763,26650,2653,4328
2026-09-20T03:54:52.877986484,"Get Encounter Roles",1202,1202,-,0,0.11,2,52,137,407,959,2095,113,167
2026-09-20T03:54:52.877986484,"Get Latest FHIR Encounter",1202,1202,-,0,0.11,2,222,449,911,1831,2852,320,345
2026-09-20T03:54:52.877986484,"Get Encounter By UUID",1076,1076,-,0,0.1,8,268,473,888,1672,3167,347,328
2026-09-20T03:54:52.877986484,"Get Order Entry Config",2354,2354,-,0,0.21,22,640,904,1486,2447,3902,665,494
2026-09-20T03:54:52.877986484,"Get ValueSet by UUID",7062,7062,-,0,0.62,8,439,1084,2580,3815,7213,750,849
2026-09-20T03:54:52.877986484,"Get Medication Request by UUID",7062,7062,-,0,0.62,16,501,1116,2130,2684,6197,718,710
2026-09-20T03:54:52.877986484,"Get Medication by UUID",2354,2354,-,0,0.21,2,35,74,254,729,1493,73,125
2026-09-20T03:54:52.877986484,"Search Medication by Code",2354,2354,-,0,0.21,5,96,170,408,1038,2007,141,177
2026-09-20T03:54:52.877986484,"Get patient list details",2975,2975,-,0,0.26,3,91,228,628,1415,3743,179,256
2026-09-20T03:54:52.877986484,"Fetch members of patient list",2975,2975,-,0,0.26,2,86,218,608,1262,3112,171,235
2026-09-20T03:54:52.877986484,"Get service concept set",1208,1208,-,0,0.11,2,53,161,518,1283,2218,131,210
2026-09-20T03:54:52.877986484,"Get Concept",40300,40300,-,0,3.56,5,193,356,729,1335,5425,264,268
2026-09-20T03:54:52.877986484,"Submit new Service queue",1208,1208,-,0,0.11,8,216,560,1211,2171,3453,377,436
2026-09-20T03:54:52.877986484,"Get Locations Search Set",1515,1515,-,0,0.13,3,73,225,658,1016,3044,167,244
2026-09-20T03:54:52.877986484,"Change the session location",1515,1515,-,0,0.13,3,94,280,719,1324,2296,197,265
2026-09-20T03:54:52.877986484,"Edit patient details",2113,2113,-,0,0.19,10,317,585,1133,1949,3236,421,391
2026-09-20T03:54:52.877986484,"Check Appointment Conflicts",970,970,-,0,0.09,5,131,298,711,1260,2668,220,275
2026-09-20T03:54:52.877986484,"Create Appointment",970,970,-,0,0.09,11,227,427,800,1089,1906,297,264
2026-09-20T03:54:52.877986484,"Submit transition request",1208,1153,55,4.55,0.11,9,248,565,1149,1978,3322,386,413
2026-09-20T03:54:52.877986484,"End Visit",9596,9444,152,1.58,0.85,7,392,767,1529,2026,4914,522,491
2026-09-20T03:54:52.877986484,"Generate OMRS Identifier",2350,2350,-,0,0.21,6,192,375,832,1686,3905,280,306
2026-09-20T03:54:52.877986484,"Send Patient Registration Request",2350,2350,-,0,0.21,23,828,1192,2004,2898,5153,905,635
2026-09-20T03:54:52.877986484,"Update full filler status",4764,4764,-,0,0.42,6,157,296,708,1266,2826,224,239
2026-09-20T03:54:52.877986484,"Get patient admission note",13129,13129,-,0,1.16,3,191,358,760,1517,5090,266,287
2026-09-20T03:54:52.877986484,"Save a clinical form",1202,1202,-,0,0.11,22,990,1652,2700,3918,6358,1111,916
2026-09-20T03:54:52.877986484,"Dispense medication form submission",2354,2354,-,0,0.21,28,974,2105,3576,5437,7302,1312,1213
2026-09-20T03:54:52.877986484,"Submit Appointment StatusChange",1940,1940,-,0,0.17,8,208,434,969,1712,5574,322,387
2026-09-20T03:54:52.877986484,"Get Patient Encounters",1202,1202,-,0,0.11,14,5501,8127,11203,13597,16767,5276,3710
2026-09-20T03:54:52.877986484,"Get Lab Results of Patient",2404,2404,-,0,0.21,1,660,1356,3452,6328,13113,1030,1240
2026-09-20T03:54:52.877986484,"Get specific encounter details",2382,2382,-,0,0.21,5,121,290,692,1402,2943,216,271
2026-09-20T03:54:52.877986484,"Get Alkaline concept details",2382,2382,-,0,0.21,3,69,192,466,1165,2781,143,205
2026-09-20T03:54:52.877986484,"Update the specific encounter",2382,2382,-,0,0.21,18,577,1048,1917,2365,6127,700,617
2026-09-20T03:54:52.877986484,"Update the Lab Order Completion",2382,2382,-,0,0.21,15,454,872,1737,2796,4899,605,572
2026-09-20T03:54:52.877986484,"Get Visits With Diagnoses and Notes (new endpoint)",1202,1202,-,0,0.11,10,513,889,1618,2551,4327,610,545
2026-09-20T03:54:52.877986484,"Close medication",2354,2354,-,0,0.21,12,325,725,1455,2450,4037,486,503
2026-09-20T03:54:52.877986484,"Discontinue the drug order",2354,2354,-,0,0.21,18,536,991,1776,2579,4454,669,601
2026-09-20T03:54:52.877986484,"Get Drug Orders except the cancelled and expired",1202,1202,-,0,0.11,5,1086,2163,3818,5620,8272,1401,1292
2026-09-20T03:54:52.877986484,"Get Drug Orders except the discontinued orders",1202,1202,-,0,0.11,5,1077,2056,3841,5309,10410,1386,1279
2026-09-20T03:54:52.877986484,"Get Observation Tree Details",3606,3606,-,0,0.32,5,834,3058,7690,9825,13424,2024,2481
2026-09-20T03:54:52.877986484,"Search for Condition",2404,2404,-,0,0.21,12,306,459,875,1447,3231,356,298
2026-09-20T03:54:52.877986484,"Save Conditions",1202,1202,-,0,0.11,6,181,396,866,1668,3161,288,325
2026-09-20T03:54:52.877986484,"Get Immunizations of Patient",3606,3606,-,0,0.32,2,213,1554,5106,7484,13100,1080,1669
2026-09-20T03:54:52.877986484,"Get all immunizations",1202,1202,-,0,0.11,7,199,352,773,1255,2234,267,255
2026-09-20T03:54:52.877986484,"Submit Patient immunization",1202,1196,6,0.5,0.11,44,1995,3249,5148,6415,9543,2136,1682
2026-09-20T03:54:52.877986484,"Get Attachments of Patient",2404,2404,-,0,0.21,5,234,436,847,1319,3417,309,309
2026-09-20T03:54:52.877986484,"Get Allowed File Extensions",1202,1202,-,0,0.11,2,61,164,391,789,1308,119,152
2026-09-20T03:54:52.877986484,"Get Programs",2404,2404,-,0,0.21,8,261,443,793,1321,4189,316,271
2026-09-20T03:54:52.877986484,"Add new program to patient",1202,1202,-,0,0.11,7,272,547,1073,2262,4872,384,422
2026-09-20T03:54:52.877986484,"Complete the program",1202,1202,-,0,0.11,8,269,520,1019,1689,3675,370,376
2026-09-20T03:54:52.877986484,"Upload Attachment Request",1202,1200,2,0.17,0.11,24,3150,7998,14778,19433,26693,5244,4654
2026-09-20T03:54:52.877986484,"Save Visit Note",1202,1202,-,0,0.11,15,618,1107,1926,3014,4429,744,655
2026-09-20T03:54:52.877986484,"Save Patient Diagnosis",2404,2404,-,0,0.21,5,203,427,879,1617,3050,300,320
2026-09-19T03:49:58.438150719,"Login",20577,20577,-,0,1.82,5,119,292,713,1503,4697,224,286
2026-09-19T03:49:58.438150719,"Get locations",23375,23375,-,0,2.06,26,495,698,1145,1672,5175,524,363
2026-09-19T03:49:58.438150719,"Select Location",20577,20577,-,0,1.82,2,69,209,524,1284,3357,160,243
2026-09-19T03:49:58.438150719,"Get Address Template",25187,25187,-,0,2.22,1,27,77,290,698,3034,73,137
2026-09-19T03:49:58.438150719,"Get Relationship Types",25187,25187,-,0,2.22,2,49,133,424,1018,3028,111,181
2026-09-19T03:49:58.438150719,"Get Appointments for Specific Date",20577,20577,-,0,1.82,2,42,137,400,1597,3023,95,142
2026-09-19T03:49:58.438150719,"Get Module Information",27623,27623,-,0,2.44,1,32,81,269,783,2688,75,143
2026-09-19T03:49:58.438150719,"Get Patient Identifier Types",25187,25187,-,0,2.22,2,50,140,528,1943,2966,111,176
2026-09-19T03:49:58.438150719,"Get Primary Identifier Term Mapping",44116,44116,-,0,3.89,3,80,213,696,2871,4021,158,226
2026-09-19T03:49:58.438150719,"Get Identifier Source",45764,45764,-,0,4.04,2,67,185,551,2088,4484,141,211
2026-09-19T03:49:58.438150719,"Get Locations by Tag and Query",29070,29070,-,0,2.57,3,96,256,760,2446,4679,185,248
2026-09-19T03:49:58.438150719,"Get Visits",21571,21571,-,0,1.9,9,1459,3134,5249,7333,12559,1898,1805
2026-09-19T03:49:58.438150719,"Get Auto Generation Options",25187,25187,-,0,2.22,5,171,481,956,3341,5225,315,377
2026-09-19T03:49:58.438150719,"Get Queue Entry",25411,25411,-,0,2.24,3,1479,2686,4944,9449,16797,1903,1824
2026-09-19T03:49:58.438150719,"Get Visit Types",10929,10929,-,0,0.96,2,42,118,370,2219,3799,103,184
2026-09-19T03:49:58.438150719,"Get Current Visit of Patient",19517,19517,-,0,1.72,3,2652,6299,13545,19628,44684,4226,4537
2026-09-19T03:49:58.438150719,"Get Visits of Patient",20733,20733,-,0,1.83,3,1306,2573,4506,6090,12439,1675,1475
2026-09-19T03:49:58.438150719,"Get Program Enrollments of Patient",13583,13583,-,0,1.2,3,167,383,750,2470,4420,258,291
2026-09-19T03:49:58.438150719,"Get Visit Queue Entry",19719,19719,-,0,1.74,3,72,193,504,1174,3509,149,221
2026-09-19T03:49:58.438150719,"Get Appointments of a Patient",11151,11151,-,0,0.98,2,35,97,349,635,3469,83,149
2026-09-19T03:49:58.438150719,"Get Patient Summary Data",21741,21741,-,0,1.92,3,89,188,405,2747,4210,144,194
2026-09-19T03:49:58.438150719,"Get Active Visits of Patient",222648,222648,-,0,19.65,2,64,199,620,2267,4947,144,224
2026-09-19T03:49:58.438150719,"Get isVisitsEnabled",14377,14377,-,0,1.27,2,56,162,556,2631,4116,134,211
2026-09-19T03:49:58.438150719,"Get the status of patient death",209509,209509,-,0,18.49,2,46,122,359,1018,4139,101,171
2026-09-19T03:49:58.438150719,"Get all the constraints on the vital concepts",14377,14377,-,0,1.27,3,84,198,561,906,4892,154,214
2026-09-19T03:49:58.438150719,"Get Patient Observations",42705,42705,-,0,3.77,1,864,2822,7204,9785,16375,1890,2403
2026-09-19T03:49:58.438150719,"Get Patient Conditions",16072,16072,-,0,1.42,2,576,2049,7706,12743,22284,1676,2612
2026-09-19T03:49:58.438150719,"Get Active Orders",13640,13640,-,0,1.2,4,421,1324,3611,4501,11658,922,1205
2026-09-19T03:49:58.438150719,"Get Admission Location Info",3164,3164,-,0,0.28,4,77,223,578,952,2805,168,232
2026-09-19T03:49:58.438150719,"Get Admission Info",3164,3164,-,0,0.28,22,515,1222,2738,5497,10001,885,1093
2026-09-19T03:49:58.438150719,"Get Inpatient Request",3164,3164,-,0,0.28,14,810,2933,20989,27848,34174,3873,6818
2026-09-19T03:49:58.438150719,"Get Orders of admitted patient by Activated Date",12489,12489,-,0,1.1,4,182,497,985,1817,4467,329,366
2026-09-19T03:49:58.438150719,"Get Patients",3856,3856,-,0,0.34,14,3782,8836,14559,17205,25601,5259,4853
2026-09-19T03:49:58.438150719,"Submit Visit Form",9935,9895,40,0.4,0.88,7,173,452,939,3277,6217,308,368
2026-09-19T03:49:58.438150719,"Get Locations That Support Visits",4850,4850,-,0,0.43,4,74,174,639,812,3650,144,214
2026-09-19T03:49:58.438150719,"Get Beds for Patient",3164,3164,-,0,0.28,3,60,156,554,788,2075,128,183
2026-09-19T03:49:58.438150719,"Save Ward Encounter",7910,7910,-,0,0.7,10,393,1027,2973,4506,8488,766,969
2026-09-19T03:49:58.438150719,"Get Order Types",2427,2427,-,0,0.21,2,42,115,411,904,1921,99,165
2026-09-19T03:49:58.438150719,"Save Vitals",2951,2951,-,0,0.26,53,1984,3742,6146,7472,10726,2365,2002
2026-09-19T03:49:58.438150719,"Get Vitals concept reference ranges",3164,3164,-,0,0.28,13,341,795,1687,2834,5710,533,585
2026-09-19T03:49:58.438150719,"Get Specific Visit Details",11637,11637,-,0,1.03,4,129,305,694,1497,4210,224,282
2026-09-19T03:49:58.438150719,"Get Transfer Locations configuration data",3164,3164,-,0,0.28,52,1550,3682,6498,8406,12508,2239,2150
2026-09-19T03:49:58.438150719,"Get Transferable locations",3164,3164,-,0,0.28,28,351,619,1046,1547,5207,430,346
2026-09-19T03:49:58.438150719,"Search for Drug",4854,4854,-,0,0.43,2,44,136,487,1466,2576,117,198
2026-09-19T03:49:58.438150719,"Save Drug Order",2427,2427,-,0,0.21,29,799,1590,2825,3809,6363,1049,949
2026-09-19T03:49:58.438150719,"Get Allergies of Patient",2951,2951,-,0,0.26,2,337,943,1993,3292,6465,614,715
2026-09-19T03:49:58.438150719,"Get Drug Allergens",2951,2951,-,0,0.26,21,481,675,1149,1678,5413,511,359
2026-09-19T03:49:58.438150719,"Get Environment Allergens",2951,2951,-,0,0.26,17,405,564,1022,1518,2912,430,319
2026-09-19T03:49:58.438150719,"Get Food Allergens",2951,2951,-,0,0.26,10,216,361,759,1220,3576,277,263
2026-09-19T03:49:58.438150719,"Get Allergic Reactions Allergens",2951,2951,-,0,0.26,12,291,459,883,1311,3080,345,288
2026-09-19T03:49:58.438150719,"Get the details of a orderType",2436,2436,-,0,0.22,2,50,154,486,999,1930,123,192
2026-09-19T03:49:58.438150719,"Get all Lab order details",2436,2436,-,0,0.22,10,264,379,738,1172,4326,296,262
2026-09-19T03:49:58.438150719,"Get All Appointment Services(full)",2982,2982,-,0,0.26,3,62,151,505,677,4048,123,196
2026-09-19T03:49:58.438150719,"Add a lab order",2436,2436,-,0,0.22,17,486,1079,1991,2923,6810,698,674
2026-09-19T03:49:58.438150719,"Get all appointments for a specific day",1988,1988,-,0,0.18,7,146,373,793,1458,3504,258,292
2026-09-19T03:49:58.438150719,"Get all patient lists",12324,12324,-,0,1.09,4,541,1151,1807,2384,4625,696,608
2026-09-19T03:49:58.438150719,"Get all appointment summaries",1988,1988,-,0,0.18,10,180,419,819,1558,2701,280,294
2026-09-19T03:49:58.438150719,"Get Person Attribute Type",4610,4610,-,0,0.41,2,50,133,446,1116,3065,117,200
2026-09-19T03:49:58.438150719,"Get medication request encounters",7281,7281,-,0,0.64,44,5637,13358,21909,27731,37636,7979,7423
2026-09-19T03:49:58.438150719,"Get Ordered Address Hierarchy Levels",4610,4610,-,0,0.41,1,19,43,204,420,1723,47,104
2026-09-19T03:49:58.438150719,"Get Appointment By Status",7952,7952,-,0,0.7,2,70,191,662,1474,4652,168,279
2026-09-19T03:49:58.438150719,"Get all default appointment services",1988,1988,-,0,0.18,3,56,148,419,1322,3096,120,186
2026-09-19T03:49:58.438150719,"Get all visits of the given location with date",1988,1988,-,0,0.18,19,2442,4498,7409,9439,13383,2939,2379
2026-09-19T03:49:58.438150719,"Get All Form Encounters",1216,1216,-,0,0.11,5,626,1213,1998,2695,4508,775,667
2026-09-19T03:49:58.438150719,"Get All Forms",1216,1216,-,0,0.11,7,302,624,1194,1710,3828,417,421
2026-09-19T03:49:58.438150719,"Get patient age",47857,47857,-,0,4.22,2,59,135,410,1049,4690,117,183
2026-09-19T03:49:58.438150719,"Get patient identification photo",198296,198296,-,0,17.5,3,77,213,569,1004,4480,161,238
2026-09-19T03:49:58.438150719,"Get Person Attributes",2184,2184,-,0,0.19,2,56,135,415,1587,3333,115,179
2026-09-19T03:49:58.438150719,"Get Patient Identifiers",2184,2184,-,0,0.19,3,75,192,556,1181,3030,149,224
2026-09-19T03:49:58.438150719,"Get Relationships of Person",2184,2184,-,0,0.19,3,74,189,564,921,3635,153,230
2026-09-19T03:49:58.438150719,"Create a patient list",3081,3081,-,0,0.27,6,193,434,951,1675,3704,305,336
2026-09-19T03:49:58.438150719,"Get queue entry number",1279,1279,-,0,0.11,1,13,27,142,428,569,30,62
2026-09-19T03:49:58.438150719,"Submit visit queue entry",1280,1279,1,0.08,0.11,19,426,1041,2026,2878,4682,664,667
2026-09-19T03:49:58.438150719,"Get Patient Allergy Intolerance",2427,2427,-,0,0.21,2,269,811,2021,2997,5579,535,666
2026-09-19T03:49:58.438150719,"Get Specific Medication Requests",9708,9708,-,0,0.86,23,725,1775,3780,5486,10452,1180,1242
2026-09-19T03:49:58.438150719,"Get All Providers",5848,5848,-,0,0.52,4,125,388,1026,1628,5292,271,367
2026-09-19T03:49:58.438150719,"Get Encounter With Visit and Diagnoses",2427,2427,-,0,0.21,4,100,243,727,891,2067,177,223
2026-09-19T03:49:58.438150719,"Save an Allergy",2951,2951,-,0,0.26,12,378,754,1420,2443,6037,518,514
2026-09-19T03:49:58.438150719,"Get all active Lab orders",7308,7308,-,0,0.65,4,863,2540,4892,6114,10930,1511,1634
2026-09-19T03:49:58.438150719,"Get Lab Orders by full filler status",21924,21924,-,0,1.94,3,459,2639,13312,16837,26466,2590,4369
2026-09-19T03:49:58.438150719,"Get Clinical Form by UUID",1216,1216,-,0,0.11,8,175,324,696,1385,2117,243,245
2026-09-19T03:49:58.438150719,"Get Encounter Roles",1216,1216,-,0,0.11,2,50,148,386,823,1608,116,168
2026-09-19T03:49:58.438150719,"Get Latest FHIR Encounter",1216,1216,-,0,0.11,3,201,442,920,1538,3470,298,317
2026-09-19T03:49:58.438150719,"Get Encounter By UUID",1088,1088,-,0,0.1,9,250,487,960,1711,3655,348,343
2026-09-19T03:49:58.438150719,"Get patient list details",3081,3081,-,0,0.27,3,85,224,583,1242,4368,171,242
2026-09-19T03:49:58.438150719,"Fetch members of patient list",3081,3081,-,0,0.27,3,81,215,651,1162,3045,170,244
2026-09-19T03:49:58.438150719,"Get service concept set",1280,1280,-,0,0.11,2,46,154,652,982,3473,132,236
2026-09-19T03:49:58.438150719,"Get Concept",41122,41122,-,0,3.63,5,188,338,700,1434,4368,258,263
2026-09-19T03:49:58.438150719,"Submit new Service queue",1280,1280,-,0,0.11,9,204,520,1213,1906,3852,363,435
2026-09-19T03:49:58.438150719,"Get Order Entry Config",2427,2427,-,0,0.21,22,589,850,1563,2453,4669,641,506
2026-09-19T03:49:58.438150719,"Get ValueSet by UUID",7281,7281,-,0,0.64,8,396,990,2567,3720,8708,715,856
2026-09-19T03:49:58.438150719,"Get Medication Request by UUID",7281,7281,-,0,0.64,17,418,1079,2144,3152,6127,699,725
2026-09-19T03:49:58.438150719,"Get Medication by UUID",2427,2427,-,0,0.21,2,33,73,288,585,2341,69,118
2026-09-19T03:49:58.438150719,"Search Medication by Code",2427,2427,-,0,0.21,4,90,160,432,923,1611,132,160
2026-09-19T03:49:58.438150719,"Get Locations Search Set",1582,1582,-,0,0.14,4,67,188,546,1136,2375,145,210
2026-09-19T03:49:58.438150719,"Change the session location",1582,1582,-,0,0.14,3,72,262,715,1317,2804,183,259
2026-09-19T03:49:58.438150719,"Edit patient details",2184,2184,-,0,0.19,12,280,548,1074,1617,3706,395,383
2026-09-19T03:49:58.438150719,"Check Appointment Conflicts",994,994,-,0,0.09,6,117,267,686,1336,3568,209,279
2026-09-19T03:49:58.438150719,"Create Appointment",994,994,-,0,0.09,11,196,378,757,1149,4454,274,287
2026-09-19T03:49:58.438150719,"Submit transition request",1280,1230,50,3.91,0.11,11,224,520,1135,1748,4337,354,382
2026-09-19T03:49:58.438150719,"End Visit",9895,9715,180,1.82,0.87,9,355,739,1575,2205,5610,520,530
2026-09-19T03:49:58.438150719,"Get patient admission note",13774,13774,-,0,1.22,3,142,306,698,1406,5005,229,265
2026-09-19T03:49:58.438150719,"Generate OMRS Identifier",2426,2426,-,0,0.21,7,173,345,777,1272,2874,264,282
2026-09-19T03:49:58.438150719,"Update full filler status",4872,4872,-,0,0.43,7,143,287,698,1168,3205,219,249
2026-09-19T03:49:58.438150719,"Send Patient Registration Request",2426,2426,-,0,0.21,21,733,1159,2033,2935,4806,845,627
2026-09-19T03:49:58.438150719,"Save a clinical form",1216,1216,-,0,0.11,24,902,1656,2954,4312,6930,1102,969
2026-09-19T03:49:58.438150719,"Dispense medication form submission",2427,2427,-,0,0.21,28,824,2000,3552,4642,7974,1231,1205
2026-09-19T03:49:58.438150719,"Submit Appointment StatusChange",1988,1988,-,0,0.18,8,178,408,976,1886,3587,300,351
2026-09-19T03:49:58.438150719,"Get Patient Encounters",1216,1216,-,0,0.11,12,5045,8227,12148,13810,16655,5219,3966
2026-09-19T03:49:58.438150719,"Get Lab Results of Patient",2432,2432,-,0,0.21,2,682,1379,3358,5783,10459,1036,1192
2026-09-19T03:49:58.438150719,"Get specific encounter details",2436,2436,-,0,0.22,5,108,277,701,1329,2460,204,256
2026-09-19T03:49:58.438150719,"Get Alkaline concept details",2436,2436,-,0,0.22,3,65,172,486,1525,2398,139,211
2026-09-19T03:49:58.438150719,"Update the specific encounter",2436,2436,-,0,0.22,20,487,1016,1955,2902,5346,681,647
2026-09-19T03:49:58.438150719,"Update the Lab Order Completion",2436,2436,-,0,0.22,17,404,858,1704,3223,7137,588,606
2026-09-19T03:49:58.438150719,"Get Visits With Diagnoses and Notes (new endpoint)",1216,1216,-,0,0.11,11,498,904,1689,2588,5591,617,577
2026-09-19T03:49:58.438150719,"Close medication",2427,2427,-,0,0.21,13,267,660,1345,2052,5135,455,500
2026-09-19T03:49:58.438150719,"Discontinue the drug order",2427,2427,-,0,0.21,21,458,974,1916,2907,5357,658,641
2026-09-19T03:49:58.438150719,"Get Drug Orders except the cancelled and expired",1216,1216,-,0,0.11,6,1036,2219,4078,5441,7561,1423,1344
2026-09-19T03:49:58.438150719,"Get Drug Orders except the discontinued orders",1216,1216,-,0,0.11,5,1004,2164,4035,5702,9268,1421,1388
2026-09-19T03:49:58.438150719,"Get Observation Tree Details",3648,3648,-,0,0.32,5,755,3011,7845,9892,14868,1975,2547
2026-09-19T03:49:58.438150719,"Search for Condition",2432,2432,-,0,0.21,13,300,448,879,1515,3195,351,292
2026-09-19T03:49:58.438150719,"Save Conditions",1216,1216,-,0,0.11,7,184,394,966,1693,3042,293,343
2026-09-19T03:49:58.438150719,"Get Immunizations of Patient",3648,3648,-,0,0.32,2,184,1601,4728,6572,13535,1080,1729
2026-09-19T03:49:58.438150719,"Get all immunizations",1216,1216,-,0,0.11,7,202,372,774,1263,3374,277,288
2026-09-19T03:49:58.438150719,"Submit Patient immunization",1216,1213,3,0.25,0.11,45,1800,3166,5156,6633,8344,2029,1682
2026-09-19T03:49:58.438150719,"Get Attachments of Patient",2432,2432,-,0,0.21,5,211,434,970,1360,3174,309,319
2026-09-19T03:49:58.438150719,"Get Allowed File Extensions",1216,1216,-,0,0.11,2,57,148,495,1038,2217,124,194
2026-09-19T03:49:58.438150719,"Get Programs",2432,2432,-,0,0.21,9,236,435,816,1307,3554,308,279
2026-09-19T03:49:58.438150719,"Add new program to patient",1216,1216,-,0,0.11,8,231,501,1151,1685,3827,362,395
2026-09-19T03:49:58.438150719,"Complete the program",1216,1216,-,0,0.11,9,230,498,1138,2075,4372,363,401
2026-09-19T03:49:58.438150719,"Upload Attachment Request",1216,1216,-,0,0.11,463,2592,7066,14376,18775,29955,4784,4495
2026-09-19T03:49:58.438150719,"Save Visit Note",1216,1216,-,0,0.11,17,546,1122,2118,3268,5911,743,705
2026-09-19T03:49:58.438150719,"Save Patient Diagnosis",2432,2432,-,0,0.21,6,184,424,928,1380,3551,292,326
2026-09-18T03:49:24.279273811,"Login",20752,20752,-,0,1.83,5,117,276,656,1476,4234,211,264
2026-09-18T03:49:24.279273811,"Get locations",23594,23594,-,0,2.08,25,470,663,1103,1440,5598,496,341
2026-09-18T03:49:24.279273811,"Select Location",20752,20752,-,0,1.83,2,65,201,524,1220,3097,151,223
2026-09-18T03:49:24.279273811,"Get Address Template",25372,25372,-,0,2.24,1,25,71,321,431,3632,68,129
2026-09-18T03:49:24.279273811,"Get Relationship Types",25372,25372,-,0,2.24,2,44,124,388,977,3448,104,172
2026-09-18T03:49:24.279273811,"Get Appointments for Specific Date",20752,20752,-,0,1.83,2,41,117,350,1791,2869,91,135
2026-09-18T03:49:24.279273811,"Get Module Information",27850,27850,-,0,2.46,1,29,79,285,545,2570,70,135
2026-09-18T03:49:24.279273811,"Get Patient Identifier Types",25372,25372,-,0,2.24,2,46,132,463,1809,3668,102,165
2026-09-18T03:49:24.279273811,"Get Primary Identifier Term Mapping",44529,44529,-,0,3.93,2,73,195,575,1918,3760,145,206
2026-09-18T03:49:24.279273811,"Get Identifier Source",46124,46124,-,0,4.07,2,62,175,498,1157,3618,132,198
2026-09-18T03:49:24.279273811,"Get Locations by Tag and Query",29397,29397,-,0,2.6,3,92,229,729,913,4026,175,232
2026-09-18T03:49:24.279273811,"Get Visits",21775,21775,-,0,1.92,8,1318,2894,4995,6665,11534,1780,1684
2026-09-18T03:49:24.279273811,"Get Auto Generation Options",25372,25372,-,0,2.24,5,165,435,1161,1454,4780,300,362
2026-09-18T03:49:24.279273811,"Get Queue Entry",25630,25630,-,0,2.26,3,1910,3228,7424,13189,16695,2536,2528
2026-09-18T03:49:24.279273811,"Get Visit Types",11123,11123,-,0,0.98,2,40,107,370,1216,2566,95,165
2026-09-18T03:49:24.279273811,"Get Current Visit of Patient",19831,19831,-,0,1.75,3,2576,5950,12759,18407,40766,4030,4288
2026-09-18T03:49:24.279273811,"Get Visits of Patient",21063,21063,-,0,1.86,3,1287,2438,4254,5654,10872,1600,1381
2026-09-18T03:49:24.279273811,"Get Program Enrollments of Patient",13796,13796,-,0,1.22,3,163,356,761,1583,3546,248,279
2026-09-18T03:49:24.279273811,"Get Visit Queue Entry",19972,19972,-,0,1.76,2,72,186,508,840,3878,140,198
2026-09-18T03:49:24.279273811,"Get Appointments of a Patient",11332,11332,-,0,1,1,33,90,292,864,2745,79,145
2026-09-18T03:49:24.279273811,"Get Patient Summary Data",22001,22001,-,0,1.94,3,84,174,523,1794,3119,136,183
2026-09-18T03:49:24.279273811,"Get Active Visits of Patient",226211,226211,-,0,19.99,2,62,179,629,3281,5569,136,207
2026-09-18T03:49:24.279273811,"Get isVisitsEnabled",14538,14538,-,0,1.28,2,51,159,545,2646,3924,126,202
2026-09-18T03:49:24.279273811,"Get the status of patient death",212848,212848,-,0,18.8,2,42,117,359,913,5207,94,158
2026-09-18T03:49:24.279273811,"Get all the constraints on the vital concepts",14538,14538,-,0,1.28,3,80,183,481,1092,2882,147,200
2026-09-18T03:49:24.279273811,"Get Patient Observations",43150,43150,-,0,3.81,1,827,2705,6795,9101,16725,1791,2270
2026-09-18T03:49:24.279273811,"Get Patient Conditions",16254,16254,-,0,1.44,2,551,2044,7396,12067,19300,1622,2507
2026-09-18T03:49:24.279273811,"Get Active Orders",13790,13790,-,0,1.22,4,399,1228,3698,4454,10525,879,1154
2026-09-18T03:49:24.279273811,"Get Admission Location Info",3220,3220,-,0,0.28,4,83,213,523,938,2206,158,206
2026-09-18T03:49:24.279273811,"Get Admission Info",3220,3220,-,0,0.28,22,570,1191,2208,3694,8323,791,802
2026-09-18T03:49:24.279273811,"Get Inpatient Request",3220,3220,-,0,0.28,13,863,2750,26328,34315,40722,4264,8065
2026-09-18T03:49:24.279273811,"Get Orders of admitted patient by Activated Date",13409,13409,-,0,1.18,4,170,377,817,1413,5520,266,285
2026-09-18T03:49:24.279273811,"Get Patients",3918,3918,-,0,0.35,14,3632,8327,13516,16171,21693,4945,4538
2026-09-18T03:49:24.279273811,"Submit Visit Form",10100,10060,40,0.4,0.89,7,171,409,937,1745,4230,291,347
2026-09-18T03:49:24.279273811,"Get Locations That Support Visits",4941,4941,-,0,0.44,3,68,166,501,939,3542,134,189
2026-09-18T03:49:24.279273811,"Get Beds for Patient",3220,3220,-,0,0.28,3,53,141,413,1069,4200,118,195
2026-09-18T03:49:24.279273811,"Save Ward Encounter",8050,8050,-,0,0.71,10,366,949,2755,4183,9252,714,903
2026-09-18T03:49:24.279273811,"Get Order Types",2472,2472,-,0,0.22,2,41,121,354,1234,1854,96,157
2026-09-18T03:49:24.279273811,"Save Vitals",2988,2988,-,0,0.26,52,1860,3528,5752,7286,11933,2227,1851
2026-09-18T03:49:24.279273811,"Get Vitals concept reference ranges",3220,3220,-,0,0.28,13,329,740,1558,3218,5236,511,586
2026-09-18T03:49:24.279273811,"Get Specific Visit Details",11822,11822,-,0,1.04,4,119,274,790,1090,4540,209,267
2026-09-18T03:49:24.279273811,"Get Transfer Locations configuration data",3220,3220,-,0,0.28,52,1483,3427,6171,8042,14762,2131,2051
2026-09-18T03:49:24.279273811,"Get Transferable locations",3220,3220,-,0,0.28,28,318,570,982,1510,2950,400,334
2026-09-18T03:49:24.279273811,"Search for Drug",4944,4944,-,0,0.44,2,40,129,403,929,2521,108,177
2026-09-18T03:49:24.279273811,"Save Drug Order",2472,2472,-,0,0.22,29,764,1469,2600,3706,6275,980,866
2026-09-18T03:49:24.279273811,"Get Allergies of Patient",2988,2988,-,0,0.26,1,319,893,1942,3068,4746,579,661
2026-09-18T03:49:24.279273811,"Get Drug Allergens",2988,2988,-,0,0.26,21,461,633,1028,1451,2552,471,309
2026-09-18T03:49:24.279273811,"Get Environment Allergens",2988,2988,-,0,0.26,16,384,549,964,1562,2876,412,301
2026-09-18T03:49:24.279273811,"Get Food Allergens",2988,2988,-,0,0.26,9,206,360,687,1223,3810,267,253
2026-09-18T03:49:24.279273811,"Get Allergic Reactions Allergens",2988,2988,-,0,0.26,12,278,426,788,1221,3874,322,273
2026-09-18T03:49:24.279273811,"Get medication request encounters",7416,7416,-,0,0.66,42,5774,12693,20579,24539,33233,7719,6977
2026-09-18T03:49:24.279273811,"Get patient age",49208,49208,-,0,4.35,2,56,125,373,939,3862,110,164
2026-09-18T03:49:24.279273811,"Get the details of a orderType",2478,2478,-,0,0.22,2,48,145,492,897,3394,118,206
2026-09-18T03:49:24.279273811,"Get all Lab order details",2478,2478,-,0,0.22,11,251,361,725,1012,2339,275,223
2026-09-18T03:49:24.279273811,"Get all patient lists",12176,12176,-,0,1.08,3,538,1106,1742,2342,3867,676,588
2026-09-18T03:49:24.279273811,"Get All Appointment Services(full)",3069,3069,-,0,0.27,3,60,141,387,1220,2235,112,161
2026-09-18T03:49:24.279273811,"Get all appointments for a specific day",2046,2046,-,0,0.18,2,39,120,322,703,2060,87,133
2026-09-18T03:49:24.279273811,"Add a lab order",2478,2478,-,0,0.22,19,452,1029,1902,3236,6685,683,689
2026-09-18T03:49:24.279273811,"Get all appointment summaries",2046,2046,-,0,0.18,8,176,390,738,1160,2528,261,253
2026-09-18T03:49:24.279273811,"Get Person Attribute Type",4620,4620,-,0,0.41,2,48,128,401,952,3460,108,174
2026-09-18T03:49:24.279273811,"Get Appointment By Status",8184,8184,-,0,0.72,2,63,175,650,1457,4115,158,256
2026-09-18T03:49:24.279273811,"Get Ordered Address Hierarchy Levels",4620,4620,-,0,0.41,1,19,39,226,2845,3864,44,109
2026-09-18T03:49:24.279273811,"Get all default appointment services",2046,2046,-,0,0.18,3,52,133,406,725,2586,107,164
2026-09-18T03:49:24.279273811,"Get all visits of the given location with date",2046,2046,-,0,0.18,15,2222,4153,6716,8666,11323,2671,2168
2026-09-18T03:49:24.279273811,"Get All Form Encounters",1232,1232,-,0,0.11,5,577,1154,1863,2626,4740,736,633
2026-09-18T03:49:24.279273811,"Get All Forms",1232,1232,-,0,0.11,8,272,587,1242,2266,4376,410,441
2026-09-18T03:49:24.279273811,"Get patient identification photo",201530,201530,-,0,17.8,3,75,201,561,904,5252,152,218
2026-09-18T03:49:24.279273811,"Get Person Attributes",2199,2199,-,0,0.19,2,53,129,356,1494,3317,108,169
2026-09-18T03:49:24.279273811,"Get Patient Identifiers",2199,2199,-,0,0.19,3,68,176,515,1134,3691,140,218
2026-09-18T03:49:24.279273811,"Get Relationships of Person",2199,2199,-,0,0.19,3,75,185,570,1126,2573,149,224
2026-09-18T03:49:24.279273811,"Get Patient Allergy Intolerance",2472,2472,-,0,0.22,1,259,768,1726,2526,6388,513,636
2026-09-18T03:49:24.279273811,"Get Specific Medication Requests",9888,9888,-,0,0.87,22,731,1659,3668,5125,7910,1131,1167
2026-09-18T03:49:24.279273811,"Get queue entry number",1281,1281,-,0,0.11,1,11,27,189,221,1190,30,73
2026-09-18T03:49:24.279273811,"Submit visit queue entry",1285,1281,4,0.31,0.11,19,409,957,1885,2771,4267,634,656
2026-09-18T03:49:24.279273811,"Get Encounter With Visit and Diagnoses",2472,2472,-,0,0.22,4,99,232,531,1159,2256,169,212
2026-09-18T03:49:24.279273811,"Get All Providers",5967,5967,-,0,0.53,4,116,349,841,1751,5198,254,344
2026-09-18T03:49:24.279273811,"Create a patient list",3044,3044,-,0,0.27,5,186,400,842,1452,3359,279,302
2026-09-18T03:49:24.279273811,"Save an Allergy",2988,2988,-,0,0.26,12,357,719,1335,2148,5298,486,469
2026-09-18T03:49:24.279273811,"Get all active Lab orders",7434,7434,-,0,0.66,4,889,2292,4865,6396,11546,1464,1572
2026-09-18T03:49:24.279273811,"Get Lab Orders by full filler status",22302,22302,-,0,1.97,3,463,2716,12880,15795,24240,2488,4158
2026-09-18T03:49:24.279273811,"Get Clinical Form by UUID",1232,1232,-,0,0.11,7,163,288,683,1304,2343,224,230
2026-09-18T03:49:24.279273811,"Get Encounter Roles",1232,1232,-,0,0.11,2,47,124,429,878,2900,107,180
2026-09-18T03:49:24.279273811,"Get Latest FHIR Encounter",1232,1232,-,0,0.11,2,193,421,860,1754,3746,289,320
2026-09-18T03:49:24.279273811,"Get Encounter By UUID",1105,1105,-,0,0.1,9,243,456,918,1547,3322,331,327
2026-09-18T03:49:24.279273811,"Get service concept set",1285,1285,-,0,0.11,2,47,140,538,1031,2556,121,203
2026-09-18T03:49:24.279273811,"Get Concept",40553,40553,-,0,3.58,5,181,332,703,2081,4703,252,258
2026-09-18T03:49:24.279273811,"Get Order Entry Config",2472,2472,-,0,0.22,22,535,777,1434,2282,4783,588,466
2026-09-18T03:49:24.279273811,"Get patient list details",3044,3044,-,0,0.27,3,79,203,546,1289,2872,161,228
2026-09-18T03:49:24.279273811,"Submit new Service queue",1285,1285,-,0,0.11,9,195,492,1202,1860,3391,342,404
2026-09-18T03:49:24.279273811,"Fetch members of patient list",3044,3044,-,0,0.27,2,78,197,581,1165,2638,154,215
2026-09-18T03:49:24.279273811,"Get ValueSet by UUID",7416,7416,-,0,0.66,8,388,983,2330,4007,7927,695,825
2026-09-18T03:49:24.279273811,"Get Medication Request by UUID",7416,7416,-,0,0.66,16,435,1028,1955,3007,6059,661,672
2026-09-18T03:49:24.279273811,"Get Medication by UUID",2472,2472,-,0,0.22,2,31,63,316,496,2795,66,129
2026-09-18T03:49:24.279273811,"Search Medication by Code",2472,2472,-,0,0.22,5,85,153,445,1312,2405,133,173
2026-09-18T03:49:24.279273811,"Get Locations Search Set",1610,1610,-,0,0.14,4,67,179,549,632,1945,135,176
2026-09-18T03:49:24.279273811,"Change the session location",1610,1610,-,0,0.14,3,83,252,662,2073,3660,182,261
2026-09-18T03:49:24.279273811,"Edit patient details",2199,2199,-,0,0.19,11,255,493,1054,1694,3140,371,372
2026-09-18T03:49:24.279273811,"Check Appointment Conflicts",1023,1023,-,0,0.09,5,116,264,602,854,1806,190,210
2026-09-18T03:49:24.279273811,"Create Appointment",1023,1023,-,0,0.09,11,197,361,814,1371,2680,279,286
2026-09-18T03:49:24.279273811,"Submit transition request",1285,1206,79,6.15,0.11,8,232,509,1036,1770,4591,352,390
2026-09-18T03:49:24.279273811,"End Visit",10060,9904,156,1.55,0.89,7,350,705,1421,2232,5308,491,485
2026-09-18T03:49:24.279273811,"Generate OMRS Identifier",2421,2421,-,0,0.21,6,179,344,773,1423,3520,258,282
2026-09-18T03:49:24.279273811,"Update full filler status",4956,4956,-,0,0.44,6,140,283,637,1795,3253,209,228
2026-09-18T03:49:24.279273811,"Get patient admission note",14974,14974,-,0,1.32,3,148,318,769,1307,4546,237,279
2026-09-18T03:49:24.279273811,"Send Patient Registration Request",2421,2421,-,0,0.21,21,694,1072,1956,2926,4258,799,610
2026-09-18T03:49:24.279273811,"Save a clinical form",1232,1232,-,0,0.11,24,830,1551,2771,3859,5528,1040,915
2026-09-18T03:49:24.279273811,"Dispense medication form submission",2472,2472,-,0,0.22,30,774,1898,3441,4581,7615,1187,1158
2026-09-18T03:49:24.279273811,"Submit Appointment StatusChange",2046,2046,-,0,0.18,8,169,398,912,1514,3311,284,324
2026-09-18T03:49:24.279273811,"Get Patient Encounters",1232,1232,-,0,0.11,12,4611,7871,11605,13962,18659,4977,3756
2026-09-18T03:49:24.279273811,"Get Lab Results of Patient",2464,2464,-,0,0.22,2,610,1303,3337,5251,11636,983,1152
2026-09-18T03:49:24.279273811,"Get specific encounter details",2478,2478,-,0,0.22,5,112,273,684,1315,4321,199,262
2026-09-18T03:49:24.279273811,"Get Alkaline concept details",2478,2478,-,0,0.22,3,63,159,435,975,3107,128,184
2026-09-18T03:49:24.279273811,"Update the specific encounter",2478,2478,-,0,0.22,20,488,966,1752,2777,5169,652,602
2026-09-18T03:49:24.279273811,"Update the Lab Order Completion",2478,2478,-,0,0.22,16,401,794,1650,2506,5638,562,572
2026-09-18T03:49:24.279273811,"Get Visits With Diagnoses and Notes (new endpoint)",1232,1232,-,0,0.11,9,475,882,1609,2239,4696,599,543
2026-09-18T03:49:24.279273811,"Close medication",2472,2472,-,0,0.22,12,281,683,1455,2266,4416,445,473
2026-09-18T03:49:24.279273811,"Discontinue the drug order",2472,2472,-,0,0.22,19,449,905,1713,2795,6621,617,590
2026-09-18T03:49:24.279273811,"Get Drug Orders except the cancelled and expired",1232,1232,-,0,0.11,6,993,2029,3902,5716,9116,1344,1306
2026-09-18T03:49:24.279273811,"Get Drug Orders except the discontinued orders",1232,1232,-,0,0.11,5,971,2032,3913,5494,7715,1341,1309
2026-09-18T03:49:24.279273811,"Get Observation Tree Details",3696,3696,-,0,0.33,4,720,2835,7514,9971,13998,1884,2442
2026-09-18T03:49:24.279273811,"Search for Condition",2464,2464,-,0,0.22,13,289,434,795,1412,3190,337,269
2026-09-18T03:49:24.279273811,"Save Conditions",1232,1232,-,0,0.11,6,171,393,936,1579,2963,283,328
2026-09-18T03:49:24.279273811,"Get Immunizations of Patient",3696,3696,-,0,0.33,2,186,1466,4998,7575,12450,1077,1714
2026-09-18T03:49:24.279273811,"Get all immunizations",1232,1232,-,0,0.11,7,188,341,801,1508,2435,265,275
2026-09-18T03:49:24.279273811,"Submit Patient immunization",1232,1229,3,0.24,0.11,44,1699,3137,4687,6224,8446,1958,1572
2026-09-18T03:49:24.279273811,"Get Attachments of Patient",2464,2464,-,0,0.22,6,205,392,852,1281,5229,287,304
2026-09-18T03:49:24.279273811,"Get Allowed File Extensions",1232,1232,-,0,0.11,2,53,138,459,950,1440,118,178
2026-09-18T03:49:24.279273811,"Get Programs",2464,2464,-,0,0.22,9,230,407,798,1406,3076,297,271
2026-09-18T03:49:24.279273811,"Add new program to patient",1232,1232,-,0,0.11,7,224,495,1118,1884,3339,354,381
2026-09-18T03:49:24.279273811,"Complete the program",1232,1232,-,0,0.11,8,232,483,979,1675,2869,337,352
2026-09-18T03:49:24.279273811,"Upload Attachment Request",1232,1225,7,0.57,0.11,469,2310,6170,12118,15834,20508,4127,3795
2026-09-18T03:49:24.279273811,"Save Visit Note",1232,1232,-,0,0.11,15,540,1042,1956,2838,4893,710,662
2026-09-18T03:49:24.279273811,"Save Patient Diagnosis",2464,2464,-,0,0.22,6,176,377,835,1391,5022,276,325
2026-09-17T03:50:09.312109184,"Login",23874,23872,2,0.01,2.11,4,94,214,520,1095,3398,164,202
2026-09-17T03:50:09.312109184,"Get locations",27191,27191,-,0,2.4,18,327,485,852,1317,6108,361,264
2026-09-17T03:50:09.312109184,"Select Location",23874,23874,-,0,2.11,2,40,131,572,700,4432,108,181
2026-09-17T03:50:09.312109184,"Get Address Template",28997,28997,-,0,2.56,1,18,49,262,2271,2868,49,102
2026-09-17T03:50:09.312109184,"Get Relationship Types",28997,28997,-,0,2.56,1,34,84,284,1078,5871,76,137
2026-09-17T03:50:09.312109184,"Get Appointments for Specific Date",23874,23874,-,0,2.11,1,27,82,224,579,2274,66,107
2026-09-17T03:50:09.312109184,"Get Module Information",31931,31931,-,0,2.82,1,23,50,267,2217,2784,52,103
2026-09-17T03:50:09.312109184,"Get Patient Identifier Types",28997,28997,-,0,2.56,1,33,82,352,465,2333,75,126
2026-09-17T03:50:09.312109184,"Get Primary Identifier Term Mapping",51319,51319,-,0,4.54,2,54,131,385,1220,2970,106,155
2026-09-17T03:50:09.312109184,"Get Identifier Source",52871,52871,-,0,4.68,2,45,123,356,841,3769,95,152
2026-09-17T03:50:09.312109184,"Get Locations by Tag and Query",34125,34125,-,0,3.02,2,59,157,511,2119,2977,123,173
2026-09-17T03:50:09.312109184,"Get Visits",25076,25076,-,0,2.22,7,926,1983,3573,5080,9130,1251,1203
2026-09-17T03:50:09.312109184,"Get Auto Generation Options",28997,28997,-,0,2.56,4,104,290,707,1247,3337,206,261
2026-09-17T03:50:09.312109184,"Get Queue Entry",29657,29657,-,0,2.62,2,2096,3337,6837,10171,14094,2482,2124
2026-09-17T03:50:09.312109184,"Get Visit Types",13185,13185,-,0,1.17,1,31,72,333,431,3162,71,129
2026-09-17T03:50:09.312109184,"Get Current Visit of Patient",23502,23502,-,0,2.08,3,1757,4021,8958,13315,31131,2795,3011
2026-09-17T03:50:09.312109184,"Get Visits of Patient",24890,24890,-,0,2.2,2,866,1704,3125,4443,8554,1137,1006
2026-09-17T03:50:09.312109184,"Get Program Enrollments of Patient",16147,16147,-,0,1.43,2,121,248,557,1129,2845,181,208
2026-09-17T03:50:09.312109184,"Get Visit Queue Entry",23188,23188,-,0,2.05,2,47,116,484,606,2838,101,153
2026-09-17T03:50:09.312109184,"Get Appointments of a Patient",13371,13371,-,0,1.18,1,25,64,282,344,2102,58,106
2026-09-17T03:50:09.312109184,"Get Patient Summary Data",25502,25502,-,0,2.26,2,60,120,430,651,3569,102,142
2026-09-17T03:50:09.312109184,"Get Active Visits of Patient",268751,268751,-,0,23.77,1,46,129,365,895,3729,98,154
2026-09-17T03:50:09.312109184,"Get isVisitsEnabled",16718,16718,-,0,1.48,1,37,103,306,1847,2920,89,144
2026-09-17T03:50:09.312109184,"Get the status of patient death",253147,253147,-,0,22.39,1,33,81,261,716,3614,69,119
2026-09-17T03:50:09.312109184,"Get all the constraints on the vital concepts",16718,16718,-,0,1.48,2,56,127,460,555,3229,106,155
2026-09-17T03:50:09.312109184,"Get Patient Observations",49268,49268,-,0,4.36,1,635,2062,4987,6858,12039,1338,1673
2026-09-17T03:50:09.312109184,"Get Patient Conditions",18639,18639,-,0,1.65,1,413,1423,4797,7788,15930,1115,1691
2026-09-17T03:50:09.312109184,"Get Active Orders",15863,15863,-,0,1.4,3,292,982,2825,4055,9339,709,957
2026-09-17T03:50:09.312109184,"Get Admission Location Info",3858,3858,-,0,0.34,3,58,142,415,936,2359,114,169
2026-09-17T03:50:09.312109184,"Get Admission Info",3858,3858,-,0,0.34,18,381,868,1765,3048,5602,592,639
2026-09-17T03:50:09.312109184,"Get Inpatient Request",3858,3858,-,0,0.34,10,536,2174,17081,21985,27455,2766,5255
2026-09-17T03:50:09.312109184,"Get Orders of admitted patient by Activated Date",15234,15234,-,0,1.35,3,115,290,715,1003,4487,200,235
2026-09-17T03:50:09.312109184,"Get Patients",4658,4658,-,0,0.41,12,2875,5655,9872,12082,18079,3606,3215
2026-09-17T03:50:09.312109184,"Submit Visit Form",11983,11940,43,0.36,1.06,6,139,316,794,1053,2781,227,255
2026-09-17T03:50:09.312109184,"Get Locations That Support Visits",5860,5860,-,0,0.52,3,53,120,372,676,2083,100,149
2026-09-17T03:50:09.312109184,"Get Order Types",3003,3003,-,0,0.27,1,31,72,398,497,2094,71,124
2026-09-17T03:50:09.312109184,"Get Beds for Patient",3858,3858,-,0,0.34,2,41,93,337,762,2237,89,141
2026-09-17T03:50:09.312109184,"Save Ward Encounter",9645,9645,-,0,0.85,8,284,677,1991,3174,6066,527,660
2026-09-17T03:50:09.312109184,"Save Vitals",3415,3415,-,0,0.3,36,1202,2340,4030,5151,8846,1532,1305
2026-09-17T03:50:09.312109184,"Search for Drug",6006,6006,-,0,0.53,1,32,90,306,700,2114,78,134
2026-09-17T03:50:09.312109184,"Save Drug Order",3003,3002,1,0.03,0.27,23,589,1113,2094,2840,4675,758,661
2026-09-17T03:50:09.312109184,"Get Vitals concept reference ranges",3858,3858,-,0,0.34,10,247,516,1023,1963,3639,362,385
2026-09-17T03:50:09.312109184,"Get Specific Visit Details",13689,13689,-,0,1.21,3,81,207,577,1686,2930,154,204
2026-09-17T03:50:09.312109184,"Get Transfer Locations configuration data",3858,3858,-,0,0.34,38,1051,2392,4523,5933,9364,1524,1457
2026-09-17T03:50:09.312109184,"Get Transferable locations",3858,3858,-,0,0.34,23,264,453,733,1358,2838,315,249
2026-09-17T03:50:09.312109184,"Get Allergies of Patient",3415,3415,-,0,0.3,2,233,615,1395,1962,4095,415,469
2026-09-17T03:50:09.312109184,"Get Drug Allergens",3415,3415,-,0,0.3,17,320,472,795,1188,2109,346,242
2026-09-17T03:50:09.312109184,"Get Environment Allergens",3415,3415,-,0,0.3,13,265,392,708,1116,2124,294,221
2026-09-17T03:50:09.312109184,"Get Food Allergens",3415,3415,-,0,0.3,7,143,253,584,971,2343,194,198
2026-09-17T03:50:09.312109184,"Get Allergic Reactions Allergens",3415,3415,-,0,0.3,9,187,304,585,922,2788,229,200
2026-09-17T03:50:09.312109184,"Get All Form Encounters",1388,1388,-,0,0.12,4,384,828,1451,2138,2802,532,477
2026-09-17T03:50:09.312109184,"Get All Forms",1388,1388,-,0,0.12,6,170,405,825,1614,2741,278,315
2026-09-17T03:50:09.312109184,"Get the details of a orderType",2934,2934,-,0,0.26,1,36,99,375,652,1391,84,132
2026-09-17T03:50:09.312109184,"Get all Lab order details",2934,2934,-,0,0.26,8,177,262,501,1187,1984,201,170
2026-09-17T03:50:09.312109184,"Add a lab order",2934,2934,-,0,0.26,14,367,759,1424,2580,5078,523,524
2026-09-17T03:50:09.312109184,"Get medication request encounters",9009,9008,1,0.01,0.8,22,3702,8147,13420,17378,22291,4940,4473
2026-09-17T03:50:09.312109184,"Get all patient lists",13412,13412,-,0,1.19,2,349,752,1283,1700,3270,472,435
2026-09-17T03:50:09.312109184,"Get All Appointment Services(full)",3606,3606,-,0,0.32,2,41,97,344,514,1941,84,129
2026-09-17T03:50:09.312109184,"Get all appointments for a specific day",2404,2404,-,0,0.21,1,25,81,266,1107,1575,62,95
2026-09-17T03:50:09.312109184,"Get all appointment summaries",2404,2404,-,0,0.21,7,129,291,564,1201,2097,197,201
2026-09-17T03:50:09.312109184,"Get Appointment By Status",9616,9616,-,0,0.85,1,43,129,429,960,3308,113,185
2026-09-17T03:50:09.312109184,"Get Person Attribute Type",5123,5123,-,0,0.45,1,35,90,369,438,1388,76,125
2026-09-17T03:50:09.312109184,"Get Ordered Address Hierarchy Levels",5123,5123,-,0,0.45,0,15,30,121,426,1168,32,68
2026-09-17T03:50:09.312109184,"Get all default appointment services",2404,2404,-,0,0.21,2,40,92,322,996,1512,79,118
2026-09-17T03:50:09.312109184,"Get all visits of the given location with date",2404,2404,-,0,0.21,11,1802,3057,5222,6646,8666,2062,1649
2026-09-17T03:50:09.312109184,"Get Patient Allergy Intolerance",3003,3003,-,0,0.27,1,195,563,1401,2244,3642,382,471
2026-09-17T03:50:09.312109184,"Get All Providers",7208,7208,-,0,0.64,3,85,259,799,950,3068,180,243
2026-09-17T03:50:09.312109184,"Get patient identification photo",240287,240287,-,0,21.25,2,54,136,382,744,3575,108,162
2026-09-17T03:50:09.312109184,"Get Person Attributes",2519,2519,-,0,0.22,2,40,85,278,746,1947,78,129
2026-09-17T03:50:09.312109184,"Get Patient Identifiers",2519,2519,-,0,0.22,2,49,122,400,645,1791,102,150
2026-09-17T03:50:09.312109184,"Get Relationships of Person",2519,2519,-,0,0.22,2,51,132,349,685,2250,103,153
2026-09-17T03:50:09.312109184,"Create a patient list",3353,3353,-,0,0.3,5,137,306,705,1074,2734,222,256
2026-09-17T03:50:09.312109184,"Get queue entry number",1521,1521,-,0,0.13,1,10,19,99,354,774,24,58
2026-09-17T03:50:09.312109184,"Submit visit queue entry",1527,1521,6,0.39,0.14,13,307,733,1426,2226,3422,475,480
2026-09-17T03:50:09.312109184,"Save an Allergy",3415,3415,-,0,0.3,9,260,531,1017,1469,3787,365,352
2026-09-17T03:50:09.312109184,"Get Clinical Form by UUID",1388,1388,-,0,0.12,6,116,219,475,914,1944,169,181
2026-09-17T03:50:09.312109184,"Get Encounter Roles",1388,1388,-,0,0.12,2,35,95,323,709,1077,81,126
2026-09-17T03:50:09.312109184,"Get Latest FHIR Encounter",1388,1388,-,0,0.12,2,126,292,575,1132,1857,201,213
2026-09-17T03:50:09.312109184,"Get Encounter By UUID",1260,1260,-,0,0.11,7,164,311,650,1200,4133,234,260
2026-09-17T03:50:09.312109184,"Get all active Lab orders",8802,8802,-,0,0.78,3,632,1718,3383,4967,8647,1075,1154
2026-09-17T03:50:09.312109184,"Get Lab Orders by full filler status",26406,26406,-,0,2.34,2,345,2014,9108,11850,18820,1795,3003
2026-09-17T03:50:09.312109184,"Get Order Entry Config",3003,3003,-,0,0.27,17,403,593,1034,1686,2874,440,334
2026-09-17T03:50:09.312109184,"Get ValueSet by UUID",9009,9009,-,0,0.8,6,293,708,1710,3302,5702,501,592
2026-09-17T03:50:09.312109184,"Get Medication by UUID",3003,3003,-,0,0.27,1,24,46,247,649,2001,51,112
2026-09-17T03:50:09.312109184,"Search Medication by Code",3003,3003,-,0,0.27,4,65,112,335,951,1495,101,133
2026-09-17T03:50:09.312109184,"Get patient list details",3353,3353,-,0,0.3,3,54,137,480,760,2078,117,170
2026-09-17T03:50:09.312109184,"Fetch members of patient list",3353,3353,-,0,0.3,2,51,133,467,744,2688,110,170
2026-09-17T03:50:09.312109184,"Get service concept set",1527,1527,-,0,0.14,2,34,93,303,725,2039,80,133
2026-09-17T03:50:09.312109184,"Get Concept",48145,48145,-,0,4.26,4,126,230,541,1515,3707,182,194
2026-09-17T03:50:09.312109184,"Submit new Service queue",1527,1527,-,0,0.14,6,149,369,796,1495,2959,259,298
2026-09-17T03:50:09.312109184,"Get Locations Search Set",1929,1929,-,0,0.17,3,43,112,334,684,1241,92,131
2026-09-17T03:50:09.312109184,"Change the session location",1929,1929,-,0,0.17,3,49,158,443,957,1972,123,182
2026-09-17T03:50:09.312109184,"Get patient age",57964,57964,-,0,5.13,1,41,92,360,508,3252,81,128
2026-09-17T03:50:09.312109184,"Edit patient details",2519,2519,-,0,0.22,10,215,401,898,1460,2352,300,285
2026-09-17T03:50:09.312109184,"Check Appointment Conflicts",1202,1202,-,0,0.11,5,79,188,535,794,1787,145,179
2026-09-17T03:50:09.312109184,"Create Appointment",1202,1202,-,0,0.11,10,163,271,577,1034,2322,216,219
2026-09-17T03:50:09.312109184,"Save a clinical form",1388,1388,-,0,0.12,19,568,1035,1934,2792,4162,714,623
2026-09-17T03:50:09.312109184,"Update full filler status",5868,5868,-,0,0.52,5,115,220,498,1247,2228,167,178
2026-09-17T03:50:09.312109184,"Submit transition request",1527,1374,153,10.02,0.14,7,173,408,755,1201,2116,271,281
2026-09-17T03:50:09.312109184,"End Visit",11940,11743,197,1.65,1.06,7,262,532,1122,1567,3505,372,360
2026-09-17T03:50:09.312109184,"Get patient admission note",16980,16980,-,0,1.5,2,102,224,533,1186,4171,171,211
2026-09-17T03:50:09.312109184,"Generate OMRS Identifier",2604,2604,-,0,0.23,6,143,276,633,999,2517,213,224
2026-09-17T03:50:09.312109184,"Send Patient Registration Request",2604,2604,-,0,0.23,21,619,924,1644,2410,3470,701,496
2026-09-17T03:50:09.312109184,"Get Specific Medication Requests",12008,12008,-,0,1.06,15,526,1139,2626,3596,7284,789,815
2026-09-17T03:50:09.312109184,"Get Encounter With Visit and Diagnoses",3002,3002,-,0,0.27,4,70,166,415,790,2244,122,164
2026-09-17T03:50:09.312109184,"Get Patient Encounters",1388,1388,-,0,0.12,9,3004,5433,8343,9853,12232,3462,2724
2026-09-17T03:50:09.312109184,"Get Lab Results of Patient",2776,2776,-,0,0.25,1,478,1010,2477,4452,7813,746,864
2026-09-17T03:50:09.312109184,"Submit Appointment StatusChange",2404,2404,-,0,0.21,6,138,290,682,1016,3400,214,245
2026-09-17T03:50:09.312109184,"Get Medication Request by UUID",9006,9006,-,0,0.8,12,282,702,1514,1937,5206,460,482
2026-09-17T03:50:09.312109184,"Get specific encounter details",2934,2934,-,0,0.26,4,76,178,468,1176,1994,139,180
2026-09-17T03:50:09.312109184,"Get Alkaline concept details",2934,2934,-,0,0.26,2,46,115,338,765,1780,93,139
2026-09-17T03:50:09.312109184,"Update the specific encounter",2934,2934,-,0,0.26,16,346,697,1311,1987,4787,477,443
2026-09-17T03:50:09.312109184,"Update the Lab Order Completion",2934,2934,-,0,0.26,13,303,603,1216,2210,4607,432,435
2026-09-17T03:50:09.312109184,"Get Visits With Diagnoses and Notes (new endpoint)",1388,1388,-,0,0.12,7,277,582,1128,1735,3472,394,372
2026-09-17T03:50:09.312109184,"Discontinue the drug order",3003,3002,1,0.03,0.27,7,361,684,1398,1962,3682,489,450
2026-09-17T03:50:09.312109184,"Dispense medication form submission",3002,3002,-,0,0.27,23,587,1318,2469,3394,5490,857,830
2026-09-17T03:50:09.312109184,"Get Drug Orders except the cancelled and expired",1388,1388,-,0,0.12,4,767,1661,3578,4866,6942,1117,1145
2026-09-17T03:50:09.312109184,"Get Drug Orders except the discontinued orders",1388,1388,-,0,0.12,3,749,1648,3485,5172,6386,1103,1132
2026-09-17T03:50:09.312109184,"Get Observation Tree Details",4164,4164,-,0,0.37,4,494,1855,5202,7346,9833,1282,1700
2026-09-17T03:50:09.312109184,"Close medication",3002,3002,-,0,0.27,9,214,459,1007,1510,2988,334,350
2026-09-17T03:50:09.312109184,"Search for Condition",2776,2776,-,0,0.25,10,204,313,725,1266,2385,250,227
2026-09-17T03:50:09.312109184,"Save Conditions",1388,1388,-,0,0.12,6,129,277,697,1328,2254,221,275
2026-09-17T03:50:09.312109184,"Get Immunizations of Patient",4164,4164,-,0,0.37,1,143,1126,4001,5398,9017,813,1311
2026-09-17T03:50:09.312109184,"Get all immunizations",1388,1388,-,0,0.12,6,129,236,533,981,1964,181,189
2026-09-17T03:50:09.312109184,"Submit Patient immunization",1388,1385,3,0.22,0.12,34,1157,2072,3549,4737,7850,1383,1147
2026-09-17T03:50:09.312109184,"Get Attachments of Patient",2776,2776,-,0,0.25,5,150,291,667,1028,2336,214,225
2026-09-17T03:50:09.312109184,"Get Allowed File Extensions",1388,1388,-,0,0.12,1,35,92,338,971,3301,87,170
2026-09-17T03:50:09.312109184,"Get Programs",2776,2776,-,0,0.25,7,161,307,595,1017,2401,221,208
2026-09-17T03:50:09.312109184,"Add new program to patient",1388,1388,-,0,0.12,6,180,337,806,1658,3605,267,307
2026-09-17T03:50:09.312109184,"Complete the program",1388,1388,-,0,0.12,7,171,337,730,1304,2713,247,259
2026-09-17T03:50:09.312109184,"Upload Attachment Request",1388,1383,5,0.36,0.12,393,2199,4809,7919,9879,12498,3172,2423
2026-09-17T03:50:09.312109184,"Save Visit Note",1388,1388,-,0,0.12,12,385,742,1421,2198,5216,517,504
2026-09-17T03:50:09.312109184,"Save Patient Diagnosis",2776,2776,-,0,0.25,4,140,303,691,1166,2508,219,246
2026-09-16T03:50:14.311607219,"Login",20348,20348,-,0,1.8,5,121,297,680,1368,2893,220,267
2026-09-16T03:50:14.311607219,"Get locations",23121,23121,-,0,2.04,27,495,692,1207,1811,4595,523,357
2026-09-16T03:50:14.311607219,"Select Location",20348,20348,-,0,1.8,2,65,215,497,2734,4008,158,240
2026-09-16T03:50:14.311607219,"Get Address Template",24893,24893,-,0,2.2,1,27,85,367,2879,3708,71,137
2026-09-16T03:50:14.311607219,"Get Relationship Types",24893,24893,-,0,2.2,2,48,123,413,1019,3393,111,183
2026-09-16T03:50:14.311607219,"Get Appointments for Specific Date",20348,20348,-,0,1.8,2,42,129,325,813,3113,95,146
2026-09-16T03:50:14.311607219,"Get Module Information",27327,27327,-,0,2.41,1,32,75,383,4003,5191,75,144
2026-09-16T03:50:14.311607219,"Get Patient Identifier Types",24893,24893,-,0,2.2,2,49,130,434,776,3442,110,177
2026-09-16T03:50:14.311607219,"Get Primary Identifier Term Mapping",43615,43615,-,0,3.85,3,80,206,569,1630,4215,158,225
2026-09-16T03:50:14.311607219,"Get Identifier Source",45241,45241,-,0,4,2,64,170,473,1193,3829,140,211
2026-09-16T03:50:14.311607219,"Get Locations by Tag and Query",28768,28768,-,0,2.54,3,97,244,783,882,4185,186,246
2026-09-16T03:50:14.311607219,"Get Visits",21350,21350,-,0,1.89,9,1440,2988,5175,6640,12507,1871,1745
2026-09-16T03:50:14.311607219,"Get Auto Generation Options",24893,24893,-,0,2.2,5,184,474,1002,3020,5397,316,383
2026-09-16T03:50:14.311607219,"Get Queue Entry",25076,25076,-,0,2.21,3,1712,3422,7348,10374,13841,2404,2336
2026-09-16T03:50:14.311607219,"Get Visit Types",10854,10854,-,0,0.96,2,40,119,396,1237,2572,100,169
2026-09-16T03:50:14.311607219,"Get Current Visit of Patient",19404,19404,-,0,1.71,4,2742,6311,13313,18991,40833,4233,4417
2026-09-16T03:50:14.311607219,"Get Visits of Patient",20623,20623,-,0,1.82,3,1323,2551,4363,5928,11898,1668,1430
2026-09-16T03:50:14.311607219,"Get Program Enrollments of Patient",13509,13509,-,0,1.19,3,175,360,774,1611,3367,256,285
2026-09-16T03:50:14.311607219,"Get Visit Queue Entry",19579,19579,-,0,1.73,2,71,186,593,2337,3515,151,219
2026-09-16T03:50:14.311607219,"Get Appointments of a Patient",11071,11071,-,0,0.98,2,35,86,302,811,3032,83,148
2026-09-16T03:50:14.311607219,"Get Patient Summary Data",21540,21540,-,0,1.9,3,86,183,515,2172,4581,144,194
2026-09-16T03:50:14.311607219,"Get Active Visits of Patient",219501,219501,-,0,19.39,2,64,197,569,2005,4886,143,218
2026-09-16T03:50:14.311607219,"Get isVisitsEnabled",14232,14232,-,0,1.26,2,53,158,584,2916,4303,132,208
2026-09-16T03:50:14.311607219,"Get the status of patient death",206395,206395,-,0,18.23,2,44,109,513,2390,4025,100,166
2026-09-16T03:50:14.311607219,"Get all the constraints on the vital concepts",14232,14232,-,0,1.26,3,85,193,715,843,3635,157,218
2026-09-16T03:50:14.311607219,"Get Patient Observations",42332,42332,-,0,3.74,1,874,2946,6961,11279,16795,1886,2381
2026-09-16T03:50:14.311607219,"Get Patient Conditions",15963,15963,-,0,1.41,2,583,2123,7248,11618,21939,1681,2591
2026-09-16T03:50:14.311607219,"Get Active Orders",13525,13525,-,0,1.19,4,421,1268,3545,4873,10101,908,1179
2026-09-16T03:50:14.311607219,"Get Admission Location Info",3108,3108,-,0,0.27,4,79,223,615,1479,2627,172,243
2026-09-16T03:50:14.311607219,"Get Admission Info",3108,3108,-,0,0.27,23,562,1195,2231,3723,9647,814,870
2026-09-16T03:50:14.311607219,"Get Inpatient Request",3108,3108,-,0,0.27,13,840,2553,29381,35539,43420,4603,8680
2026-09-16T03:50:14.311607219,"Get Orders of admitted patient by Activated Date",12002,12002,-,0,1.06,4,148,354,756,1935,4282,244,280
2026-09-16T03:50:14.311607219,"Get Patients",3798,3798,-,0,0.34,11,3877,8574,14104,16994,21518,5179,4708
2026-09-16T03:50:14.311607219,"Submit Visit Form",9852,9814,38,0.39,0.87,7,177,435,1122,1259,4814,301,343
2026-09-16T03:50:14.311607219,"Get Locations That Support Visits",4800,4800,-,0,0.42,3,71,181,578,738,2399,139,194
2026-09-16T03:50:14.311607219,"Get Beds for Patient",3108,3108,-,0,0.27,3,56,147,462,1215,2972,124,192
2026-09-16T03:50:14.311607219,"Save Ward Encounter",7770,7770,-,0,0.69,11,401,1035,2930,4381,7501,763,949
2026-09-16T03:50:14.311607219,"Get Order Types",2401,2401,-,0,0.21,2,41,112,433,545,2182,95,152
2026-09-16T03:50:14.311607219,"Save Vitals",2926,2926,-,0,0.26,49,1953,3661,5857,7448,10538,2334,1936
2026-09-16T03:50:14.311607219,"Get Vitals concept reference ranges",3108,3108,-,0,0.27,13,350,795,1677,2277,5584,533,559
2026-09-16T03:50:14.311607219,"Get Specific Visit Details",11587,11587,-,0,1.02,4,125,293,725,1974,3801,219,277
2026-09-16T03:50:14.311607219,"Search for Drug",4802,4802,-,0,0.42,2,43,131,479,983,2594,115,197
2026-09-16T03:50:14.311607219,"Get Transfer Locations configuration data",3108,3108,-,0,0.27,53,1613,3625,6379,8200,12405,2268,2140
2026-09-16T03:50:14.311607219,"Save Drug Order",2401,2401,-,0,0.21,30,808,1563,2735,3967,6713,1038,915
2026-09-16T03:50:14.311607219,"Get Transferable locations",3108,3108,-,0,0.27,28,349,603,1043,1809,3404,429,354
2026-09-16T03:50:14.311607219,"Get Allergies of Patient",2926,2926,-,0,0.26,2,346,876,1975,2878,7936,598,688
2026-09-16T03:50:14.311607219,"Get Drug Allergens",2926,2926,-,0,0.26,21,476,661,1099,1635,3567,502,340
2026-09-16T03:50:14.311607219,"Get Environment Allergens",2926,2926,-,0,0.26,18,399,554,979,1614,3524,427,308
2026-09-16T03:50:14.311607219,"Get Food Allergens",2926,2926,-,0,0.26,9,221,363,785,1327,2313,280,253
2026-09-16T03:50:14.311607219,"Get Allergic Reactions Allergens",2926,2926,-,0,0.26,12,285,439,843,1421,3250,337,286
2026-09-16T03:50:14.311607219,"Get medication request encounters",7203,7203,-,0,0.64,43,5934,13154,21850,27331,40968,8087,7402
2026-09-16T03:50:14.311607219,"Get patient age",47941,47941,-,0,4.23,2,55,133,438,2427,4229,117,179
2026-09-16T03:50:14.311607219,"Get All Appointment Services(full)",3006,3006,-,0,0.27,3,58,143,408,1075,2984,118,187
2026-09-16T03:50:14.311607219,"Get all appointments for a specific day",2004,2004,-,0,0.18,2,37,114,358,1695,2622,87,139
2026-09-16T03:50:14.311607219,"Get all appointment summaries",2004,2004,-,0,0.18,8,179,397,790,1309,2474,274,268
2026-09-16T03:50:14.311607219,"Get all patient lists",12100,12100,-,0,1.07,3,560,1117,1755,2374,4243,694,600
2026-09-16T03:50:14.311607219,"Get Appointment By Status",8016,8016,-,0,0.71,2,62,180,680,1464,3732,165,273
2026-09-16T03:50:14.311607219,"Get Person Attribute Type",4545,4545,-,0,0.4,2,50,131,519,853,2497,115,188
2026-09-16T03:50:14.311607219,"Get Ordered Address Hierarchy Levels",4545,4545,-,0,0.4,1,20,45,177,586,2014,48,101
2026-09-16T03:50:14.311607219,"Get all default appointment services",2004,2004,-,0,0.18,3,57,138,476,799,3085,117,196
2026-09-16T03:50:14.311607219,"Get all visits of the given location with date",2004,2004,-,0,0.18,20,2406,4307,7231,9176,11883,2850,2308
2026-09-16T03:50:14.311607219,"Get the details of a orderType",2434,2434,-,0,0.21,2,49,141,469,1051,3418,119,200
2026-09-16T03:50:14.311607219,"Get all Lab order details",2434,2434,-,0,0.21,11,267,386,716,1204,2788,297,248
2026-09-16T03:50:14.311607219,"Add a lab order",2434,2434,-,0,0.21,18,519,1086,2189,3279,6049,725,713
2026-09-16T03:50:14.311607219,"Get All Form Encounters",1219,1219,-,0,0.11,5,601,1115,1828,2513,3971,729,609
2026-09-16T03:50:14.311607219,"Get All Forms",1219,1219,-,0,0.11,8,290,625,1286,2354,3533,428,459
2026-09-16T03:50:14.311607219,"Get patient identification photo",195271,195271,-,0,17.25,3,74,215,654,728,4443,160,230
2026-09-16T03:50:14.311607219,"Get Person Attributes",2151,2151,-,0,0.19,2,57,143,427,843,1934,116,165
2026-09-16T03:50:14.311607219,"Get Patient Identifiers",2151,2151,-,0,0.19,3,72,197,674,1063,3351,154,226
2026-09-16T03:50:14.311607219,"Get Relationships of Person",2151,2151,-,0,0.19,3,76,190,492,1394,2679,148,206
2026-09-16T03:50:14.311607219,"Get Patient Allergy Intolerance",2401,2401,-,0,0.21,1,257,819,1857,3049,6146,531,657
2026-09-16T03:50:14.311607219,"Get Specific Medication Requests",9604,9604,-,0,0.85,22,773,1771,3761,5429,10304,1188,1215
2026-09-16T03:50:14.311607219,"Get Encounter With Visit and Diagnoses",2401,2401,-,0,0.21,4,99,231,610,1339,3548,181,249
2026-09-16T03:50:14.311607219,"Get All Providers",5804,5804,-,0,0.51,4,133,387,974,2665,4882,275,366
2026-09-16T03:50:14.311607219,"Create a patient list",3025,3025,-,0,0.27,5,191,412,877,1822,5179,296,342
2026-09-16T03:50:14.311607219,"Get queue entry number",1235,1235,-,0,0.11,1,12,28,171,1174,2073,39,112
2026-09-16T03:50:14.311607219,"Submit visit queue entry",1242,1235,7,0.56,0.11,18,474,1000,2124,2788,4640,667,672
2026-09-16T03:50:14.311607219,"Save an Allergy",2926,2926,-,0,0.26,12,373,769,1393,2307,4490,512,491
2026-09-16T03:50:14.311607219,"Get all active Lab orders",7302,7302,-,0,0.64,4,934,2405,4666,6787,9833,1513,1615
2026-09-16T03:50:14.311607219,"Get Lab Orders by full filler status",21906,21906,-,0,1.93,3,463,2785,14304,16389,24457,2574,4292
2026-09-16T03:50:14.311607219,"Get Clinical Form by UUID",1219,1219,-,0,0.11,7,162,292,671,1140,3497,232,253
2026-09-16T03:50:14.311607219,"Get Encounter Roles",1219,1219,-,0,0.11,2,48,125,402,756,2652,108,174
2026-09-16T03:50:14.311607219,"Get Latest FHIR Encounter",1219,1219,-,0,0.11,2,195,419,928,1523,2786,306,340
2026-09-16T03:50:14.311607219,"Get Encounter By UUID",1092,1092,-,0,0.1,8,259,471,959,1525,1974,341,309
2026-09-16T03:50:14.311607219,"Get Order Entry Config",2401,2401,-,0,0.21,22,571,837,1447,2519,4751,617,489
2026-09-16T03:50:14.311607219,"Get ValueSet by UUID",7203,7203,-,0,0.64,8,405,1036,2536,3954,9622,730,858
2026-09-16T03:50:14.311607219,"Get Medication Request by UUID",7203,7203,-,0,0.64,17,458,1073,2072,3298,6284,700,717
2026-09-16T03:50:14.311607219,"Get Medication by UUID",2401,2401,-,0,0.21,2,33,76,326,485,1925,71,125
2026-09-16T03:50:14.311607219,"Get patient list details",3025,3025,-,0,0.27,3,82,212,629,1201,2788,169,234
2026-09-16T03:50:14.311607219,"Fetch members of patient list",3025,3025,-,0,0.27,3,82,220,642,1080,3864,167,238
2026-09-16T03:50:14.311607219,"Search Medication by Code",2401,2401,-,0,0.21,4,93,159,465,969,2342,139,180
2026-09-16T03:50:14.311607219,"Get service concept set",1242,1242,-,0,0.11,3,47,146,479,1065,1876,124,195
2026-09-16T03:50:14.311607219,"Get Concept",41350,41350,-,0,3.65,5,183,330,729,1396,4787,254,258
2026-09-16T03:50:14.311607219,"Submit new Service queue",1242,1242,-,0,0.11,9,202,522,1221,2137,3530,362,426
2026-09-16T03:50:14.311607219,"Get Locations Search Set",1554,1554,-,0,0.14,3,69,209,674,1028,2603,163,238
2026-09-16T03:50:14.311607219,"Change the session location",1554,1554,-,0,0.14,3,81,262,678,1258,2202,186,255
2026-09-16T03:50:14.311607219,"Edit patient details",2151,2151,-,0,0.19,12,278,521,1111,2146,3495,392,382
2026-09-16T03:50:14.311607219,"Check Appointment Conflicts",1002,1002,-,0,0.09,6,118,307,692,1388,2773,217,266
2026-09-16T03:50:14.311607219,"Create Appointment",1002,1002,-,0,0.09,10,207,384,714,1140,1859,273,244
2026-09-16T03:50:14.311607219,"Submit transition request",1242,1163,79,6.36,0.11,10,235,523,1119,1791,3594,361,390
2026-09-16T03:50:14.311607219,"End Visit",9814,9657,157,1.6,0.87,8,371,753,1510,2100,5222,516,502
2026-09-16T03:50:14.311607219,"Generate OMRS Identifier",2394,2394,-,0,0.21,7,184,366,819,1440,2874,272,288
2026-09-16T03:50:14.311607219,"Send Patient Registration Request",2394,2394,-,0,0.21,23,733,1142,1961,3032,6996,851,641
2026-09-16T03:50:14.311607219,"Get patient admission note",14565,14565,-,0,1.29,3,159,330,782,1424,4583,252,291
2026-09-16T03:50:14.311607219,"Update full filler status",4868,4868,-,0,0.43,6,148,284,677,1061,3444,217,244
2026-09-16T03:50:14.311607219,"Save a clinical form",1219,1219,-,0,0.11,23,877,1592,2724,3678,6461,1066,900
2026-09-16T03:50:14.311607219,"Dispense medication form submission",2401,2401,-,0,0.21,30,844,1975,3588,4609,8489,1230,1177
2026-09-16T03:50:14.311607219,"Submit Appointment StatusChange",2004,2004,-,0,0.18,8,183,401,994,1500,4491,293,338
2026-09-16T03:50:14.311607219,"Get Patient Encounters",1219,1219,-,0,0.11,12,5022,8018,12071,14136,18866,5200,3877
2026-09-16T03:50:14.311607219,"Get Lab Results of Patient",2438,2438,-,0,0.22,2,661,1371,3369,5676,12743,1031,1214
2026-09-16T03:50:14.311607219,"Get specific encounter details",2434,2434,-,0,0.21,5,111,263,769,1101,2810,201,263
2026-09-16T03:50:14.311607219,"Get Alkaline concept details",2434,2434,-,0,0.21,3,64,173,474,1424,2653,134,195
2026-09-16T03:50:14.311607219,"Update the specific encounter",2434,2434,-,0,0.21,20,490,991,2003,2494,4242,671,613
2026-09-16T03:50:14.311607219,"Update the Lab Order Completion",2434,2434,-,0,0.21,17,415,861,1612,2553,4854,588,590
2026-09-16T03:50:14.311607219,"Get Visits With Diagnoses and Notes (new endpoint)",1219,1219,-,0,0.11,11,472,862,1698,2428,5139,607,570
2026-09-16T03:50:14.311607219,"Close medication",2401,2401,-,0,0.21,12,288,702,1456,2665,6149,471,522
2026-09-16T03:50:14.311607219,"Discontinue the drug order",2401,2401,-,0,0.21,20,468,984,1777,3070,5525,664,631
2026-09-16T03:50:14.311607219,"Get Drug Orders except the cancelled and expired",1219,1219,-,0,0.11,5,968,1949,3877,5417,9230,1332,1291
2026-09-16T03:50:14.311607219,"Get Drug Orders except the discontinued orders",1219,1219,-,0,0.11,5,975,2002,3912,5796,9337,1348,1344
2026-09-16T03:50:14.311607219,"Get Observation Tree Details",3657,3657,-,0,0.32,4,752,2896,7617,10250,14902,1939,2516
2026-09-16T03:50:14.311607219,"Search for Condition",2438,2438,-,0,0.22,12,295,449,922,1774,3464,355,312
2026-09-16T03:50:14.311607219,"Save Conditions",1219,1219,-,0,0.11,7,164,382,836,1425,4013,274,321
2026-09-16T03:50:14.311607219,"Get Immunizations of Patient",3657,3657,-,0,0.32,2,197,1542,4590,8278,11343,1077,1710
2026-09-16T03:50:14.311607219,"Get all immunizations",1219,1219,-,0,0.11,8,201,357,777,1276,2437,271,260
2026-09-16T03:50:14.311607219,"Submit Patient immunization",1219,1213,6,0.49,0.11,45,1767,3139,5054,6426,10770,2012,1646
2026-09-16T03:50:14.311607219,"Get Attachments of Patient",2438,2438,-,0,0.22,6,219,440,922,1565,3748,311,330
2026-09-16T03:50:14.311607219,"Get Allowed File Extensions",1219,1219,-,0,0.11,2,49,139,368,915,3021,109,171
2026-09-16T03:50:14.311607219,"Get Programs",2438,2438,-,0,0.22,8,242,436,807,1251,2425,308,269
2026-09-16T03:50:14.311607219,"Add new program to patient",1219,1219,-,0,0.11,8,260,532,1098,2213,4120,377,420
2026-09-16T03:50:14.311607219,"Complete the program",1219,1219,-,0,0.11,9,232,497,1123,1705,4634,360,401
2026-09-16T03:50:14.311607219,"Upload Attachment Request",1219,1212,7,0.57,0.11,24,2539,6908,13634,16578,21271,4609,4159
2026-09-16T03:50:14.311607219,"Save Visit Note",1219,1219,-,0,0.11,15,552,1132,1987,3187,6313,738,713
2026-09-16T03:50:14.311607219,"Save Patient Diagnosis",2438,2438,-,0,0.22,6,181,415,876,1615,5893,302,364
2026-09-15T03:50:59.009323911,"Login",19841,19841,-,0,1.75,5,124,298,791,1628,3517,231,300
2026-09-15T03:50:59.009323911,"Get locations",22537,22537,-,0,1.99,27,492,694,1172,2003,4866,524,386
2026-09-15T03:50:59.009323911,"Select Location",19841,19841,-,0,1.75,2,70,196,846,1106,4179,164,261
2026-09-15T03:50:59.009323911,"Get Address Template",24267,24267,-,0,2.14,1,25,70,369,432,3810,75,159
2026-09-15T03:50:59.009323911,"Get Relationship Types",24267,24267,-,0,2.14,2,49,133,441,1114,4844,114,194
2026-09-15T03:50:59.009323911,"Get Appointments for Specific Date",19841,19841,-,0,1.75,2,39,128,426,1500,3418,95,162
2026-09-15T03:50:59.009323911,"Get Module Information",26636,26636,-,0,2.35,1,31,77,283,930,3535,77,156
2026-09-15T03:50:59.009323911,"Get Patient Identifier Types",24267,24267,-,0,2.14,2,50,124,374,2267,3700,114,200
2026-09-15T03:50:59.009323911,"Get Primary Identifier Term Mapping",42539,42539,-,0,3.76,3,79,205,791,3104,4313,166,257
2026-09-15T03:50:59.009323911,"Get Identifier Source",44108,44108,-,0,3.9,2,64,180,519,1299,7228,145,237
2026-09-15T03:50:59.009323911,"Get Locations by Tag and Query",28042,28042,-,0,2.48,3,88,241,759,2772,3997,191,272
2026-09-15T03:50:59.009323911,"Get Visits",20812,20812,-,0,1.84,9,1483,3174,5726,6999,13638,1971,1883
2026-09-15T03:50:59.009323911,"Get Auto Generation Options",24267,24267,-,0,2.14,5,191,482,1102,2227,4915,329,411
2026-09-15T03:50:59.009323911,"Get Queue Entry",24448,24448,-,0,2.16,2,2019,4117,8858,11071,14973,2787,2622
2026-09-15T03:50:59.009323911,"Get Visit Types",10570,10570,-,0,0.93,2,44,112,532,2374,3312,106,193
2026-09-15T03:50:59.009323911,"Get Current Visit of Patient",18930,18930,-,0,1.67,3,2861,6555,14241,21054,43352,4421,4777
2026-09-15T03:50:59.009323911,"Get Visits of Patient",20116,20116,-,0,1.78,3,1391,2648,4626,6356,11340,1732,1532
2026-09-15T03:50:59.009323911,"Get Program Enrollments of Patient",13157,13157,-,0,1.16,3,176,352,845,1833,3523,265,317
2026-09-15T03:50:59.009323911,"Get Visit Queue Entry",19105,19105,-,0,1.69,3,73,217,733,3110,4521,159,251
2026-09-15T03:50:59.009323911,"Get Appointments of a Patient",10785,10785,-,0,0.95,2,35,87,356,776,3626,87,170
2026-09-15T03:50:59.009323911,"Get Patient Summary Data",21015,21015,-,0,1.86,3,85,170,639,909,3888,152,224
2026-09-15T03:50:59.009323911,"Get Active Visits of Patient",213412,213412,-,0,18.86,2,62,207,742,3484,5425,149,242
2026-09-15T03:50:59.009323911,"Get isVisitsEnabled",13868,13868,-,0,1.23,2,55,156,666,2740,3782,139,234
2026-09-15T03:50:59.009323911,"Get the status of patient death",200652,200652,-,0,17.73,2,44,116,542,2498,4531,103,185
2026-09-15T03:50:59.009323911,"Get all the constraints on the vital concepts",13868,13868,-,0,1.23,3,86,198,557,1353,4314,163,240
2026-09-15T03:50:59.009323911,"Get Patient Observations",41298,41298,-,0,3.65,1,860,2990,7393,10720,20945,1947,2507
2026-09-15T03:50:59.009323911,"Get Patient Conditions",15571,15571,-,0,1.38,2,560,2160,7710,13544,22317,1725,2707
2026-09-15T03:50:59.009323911,"Get Active Orders",13199,13199,-,0,1.17,4,428,1301,3536,5104,10388,929,1229
2026-09-15T03:50:59.009323911,"Get Admission Location Info",3020,3020,-,0,0.27,4,85,217,801,1169,6265,178,287
2026-09-15T03:50:59.009323911,"Get Admission Info",3020,3020,-,0,0.27,22,492,1086,2308,4091,14903,766,892
2026-09-15T03:50:59.009323911,"Get Inpatient Request",3020,3020,-,0,0.27,13,680,3365,27472,34122,43069,4761,8624
2026-09-15T03:50:59.009323911,"Get Orders of admitted patient by Activated Date",9637,9637,-,0,0.85,4,158,425,938,2768,4534,293,374
2026-09-15T03:50:59.009323911,"Get Patients",3693,3693,-,0,0.33,14,3931,9072,15020,18868,23656,5421,5102
2026-09-15T03:50:59.009323911,"Submit Visit Form",9599,9564,35,0.36,0.85,6,184,451,1255,1514,4999,317,389
2026-09-15T03:50:59.009323911,"Get Locations That Support Visits",4664,4664,-,0,0.41,3,73,188,631,994,3293,149,221
2026-09-15T03:50:59.009323911,"Get Beds for Patient",3020,3020,-,0,0.27,3,57,146,496,1038,1991,125,191
2026-09-15T03:50:59.009323911,"Save Ward Encounter",7550,7550,-,0,0.67,10,412,1070,3023,5057,9579,796,1038
2026-09-15T03:50:59.009323911,"Get Order Types",2351,2351,-,0,0.21,2,42,123,539,1757,2643,110,196
2026-09-15T03:50:59.009323911,"Save Vitals",2867,2867,-,0,0.25,53,2075,3773,6134,7940,14547,2422,2045
2026-09-15T03:50:59.009323911,"Get Vitals concept reference ranges",3020,3020,-,0,0.27,14,368,780,1803,3177,5716,553,627
2026-09-15T03:50:59.009323911,"Search for Drug",4702,4702,-,0,0.42,2,43,131,477,1155,3138,119,208
2026-09-15T03:50:59.009323911,"Get Specific Visit Details",11261,11261,-,0,1,4,120,308,849,2851,4502,231,314
2026-09-15T03:50:59.009323911,"Get Transfer Locations configuration data",3020,3020,-,0,0.27,54,1706,3721,6668,8931,12606,2342,2256
2026-09-15T03:50:59.009323911,"Save Drug Order",2351,2351,-,0,0.21,29,863,1583,2924,4429,6716,1073,987
2026-09-15T03:50:59.009323911,"Get Transferable locations",3020,3020,-,0,0.27,28,344,652,1148,2102,3599,454,415
2026-09-15T03:50:59.009323911,"Get Allergies of Patient",2867,2867,-,0,0.25,1,359,966,2257,3339,6650,636,748
2026-09-15T03:50:59.009323911,"Get Drug Allergens",2867,2867,-,0,0.25,21,472,672,1153,1955,3853,501,369
2026-09-15T03:50:59.009323911,"Get Environment Allergens",2867,2867,-,0,0.25,17,402,579,1017,1800,3278,434,337
2026-09-15T03:50:59.009323911,"Get Food Allergens",2867,2867,-,0,0.25,9,217,362,812,1301,2909,282,285
2026-09-15T03:50:59.009323911,"Get Allergic Reactions Allergens",2867,2867,-,0,0.25,12,287,446,894,1478,3392,337,304
2026-09-15T03:50:59.009323911,"Get medication request encounters",7053,7053,-,0,0.62,43,6372,13474,21870,26819,35529,8215,7402
2026-09-15T03:50:59.009323911,"Get patient age",46808,46808,-,0,4.14,2,58,138,409,1120,4618,121,198
2026-09-15T03:50:59.009323911,"Get the details of a orderType",2369,2369,-,0,0.21,2,47,141,434,1476,2742,120,205
2026-09-15T03:50:59.009323911,"Get all Lab order details",2369,2369,-,0,0.21,11,265,380,731,1314,2870,294,265
2026-09-15T03:50:59.009323911,"Add a lab order",2369,2369,-,0,0.21,18,531,1098,2284,3390,5558,744,767
2026-09-15T03:50:59.009323911,"Get all patient lists",11796,11796,-,0,1.04,3,560,1116,1784,2570,4416,688,609
2026-09-15T03:50:59.009323911,"Get All Appointment Services(full)",2913,2913,-,0,0.26,3,59,143,479,1049,3475,125,204
2026-09-15T03:50:59.009323911,"Get Person Attribute Type",4426,4426,-,0,0.39,2,48,135,565,992,4031,124,223
2026-09-15T03:50:59.009323911,"Get all appointments for a specific day",1942,1942,-,0,0.17,2,35,109,361,1061,2140,89,151
2026-09-15T03:50:59.009323911,"Get all appointment summaries",1942,1942,-,0,0.17,8,178,396,849,1379,2765,278,299
2026-09-15T03:50:59.009323911,"Get All Form Encounters",1186,1186,-,0,0.1,5,587,1151,1963,2835,3317,743,642
2026-09-15T03:50:59.009323911,"Get Ordered Address Hierarchy Levels",4426,4426,-,0,0.39,1,19,43,196,631,2585,47,109
2026-09-15T03:50:59.009323911,"Get All Forms",1186,1186,-,0,0.1,8,305,629,1375,2296,5286,446,484
2026-09-15T03:50:59.009323911,"Get Appointment By Status",7768,7768,-,0,0.69,2,52,159,500,1195,2920,132,212
2026-09-15T03:50:59.009323911,"Get all default appointment services",1942,1942,-,0,0.17,3,57,151,406,1078,3113,122,194
2026-09-15T03:50:59.009323911,"Get all visits of the given location with date",1942,1942,-,0,0.17,16,2538,4637,7666,9995,13720,3021,2528
2026-09-15T03:50:59.009323911,"Get patient identification photo",189804,189804,-,0,16.77,3,75,206,688,902,7083,166,258
2026-09-15T03:50:59.009323911,"Get Person Attributes",2096,2096,-,0,0.19,2,55,128,414,851,4155,115,195
2026-09-15T03:50:59.009323911,"Get Patient Identifiers",2096,2096,-,0,0.19,3,68,176,586,931,4997,149,255
2026-09-15T03:50:59.009323911,"Get Relationships of Person",2096,2096,-,0,0.19,3,72,185,571,1495,2533,157,243
2026-09-15T03:50:59.009323911,"Get Patient Allergy Intolerance",2351,2351,-,0,0.21,1,268,783,1936,3665,5468,553,725
2026-09-15T03:50:59.009323911,"Get Specific Medication Requests",9404,9404,-,0,0.83,23,786,1787,3854,5505,10297,1222,1293
2026-09-15T03:50:59.009323911,"Get Encounter With Visit and Diagnoses",2351,2351,-,0,0.21,4,100,237,713,1886,2841,182,237
2026-09-15T03:50:59.009323911,"Get All Providers",5673,5673,-,0,0.5,4,132,419,1204,1637,5850,292,408
2026-09-15T03:50:59.009323911,"Create a patient list",2949,2949,-,0,0.26,5,189,434,1036,1696,4588,311,378
2026-09-15T03:50:59.009323911,"Get queue entry number",1209,1209,-,0,0.11,1,11,26,248,1494,2027,40,125
2026-09-15T03:50:59.009323911,"Submit visit queue entry",1212,1209,3,0.25,0.11,19,442,1029,2045,3109,5847,669,698
2026-09-15T03:50:59.009323911,"Save an Allergy",2867,2867,-,0,0.25,12,388,772,1495,2306,9409,533,555
2026-09-15T03:50:59.009323911,"Get all active Lab orders",7107,7107,-,0,0.63,3,898,2582,5131,6337,12864,1581,1698
2026-09-15T03:50:59.009323911,"Get Lab Orders by full filler status",21321,21321,-,0,1.88,3,468,2989,13972,17227,27912,2678,4523
2026-09-15T03:50:59.009323911,"Get Clinical Form by UUID",1186,1186,-,0,0.1,8,175,325,801,1701,3799,262,315
2026-09-15T03:50:59.009323911,"Get Encounter Roles",1186,1186,-,0,0.1,2,46,116,448,1100,2263,110,192
2026-09-15T03:50:59.009323911,"Get Latest FHIR Encounter",1186,1186,-,0,0.1,2,191,419,913,1760,2977,302,356
2026-09-15T03:50:59.009323911,"Get Encounter By UUID",1060,1060,-,0,0.09,8,236,442,956,1963,2733,335,347
2026-09-15T03:50:59.009323911,"Get Order Entry Config",2351,2351,-,0,0.21,23,577,865,1692,2884,4973,649,564
2026-09-15T03:50:59.009323911,"Get patient list details",2949,2949,-,0,0.26,3,81,221,652,1398,4125,183,287
2026-09-15T03:50:59.009323911,"Fetch members of patient list",2949,2949,-,0,0.26,3,76,221,651,1368,3887,174,269
2026-09-15T03:50:59.009323911,"Get ValueSet by UUID",7053,7053,-,0,0.62,8,404,1044,2843,3920,8544,743,901
2026-09-15T03:50:59.009323911,"Get Medication Request by UUID",7053,7053,-,0,0.62,17,469,1133,2101,3495,7112,727,763
2026-09-15T03:50:59.009323911,"Get Medication by UUID",2351,2351,-,0,0.21,2,33,74,311,1331,2847,78,155
2026-09-15T03:50:59.009323911,"Get service concept set",1212,1212,-,0,0.11,3,44,148,587,1094,2281,136,244
2026-09-15T03:50:59.009323911,"Get Concept",41216,41216,-,0,3.64,5,184,347,787,1912,4730,265,284
2026-09-15T03:50:59.009323911,"Submit new Service queue",1212,1212,-,0,0.11,9,207,510,1308,2179,5307,374,484
2026-09-15T03:50:59.009323911,"Search Medication by Code",2351,2351,-,0,0.21,6,89,164,612,883,4582,145,228
2026-09-15T03:50:59.009323911,"Get Locations Search Set",1510,1510,-,0,0.13,3,67,189,758,878,2364,159,249
2026-09-15T03:50:59.009323911,"Change the session location",1510,1510,-,0,0.13,3,84,251,656,1335,3238,183,264
2026-09-15T03:50:59.009323911,"Edit patient details",2096,2096,-,0,0.19,12,293,561,1251,2021,4600,417,446
2026-09-15T03:50:59.009323911,"Check Appointment Conflicts",971,971,-,0,0.09,5,119,276,777,1666,5005,223,321
2026-09-15T03:50:59.009323911,"Create Appointment",971,971,-,0,0.09,11,209,403,844,1983,3999,298,345
2026-09-15T03:50:59.009323911,"Submit transition request",1212,1162,50,4.13,0.11,10,228,546,1144,1615,6048,381,449
2026-09-15T03:50:59.009323911,"End Visit",9564,9371,193,2.02,0.85,8,368,766,1530,2953,7434,526,540
2026-09-15T03:50:59.009323911,"Update full filler status",4738,4738,-,0,0.42,6,143,281,748,1153,4460,223,281
2026-09-15T03:50:59.009323911,"Generate OMRS Identifier",2330,2330,-,0,0.21,7,180,360,903,1642,3153,282,324
2026-09-15T03:50:59.009323911,"Send Patient Registration Request",2330,2330,-,0,0.21,23,764,1205,2298,3685,7291,905,743
2026-09-15T03:50:59.009323911,"Get patient admission note",14857,14857,-,0,1.31,4,170,341,810,1497,5602,261,307
2026-09-15T03:50:59.009323911,"Save a clinical form",1186,1186,-,0,0.1,24,921,1709,2886,4363,6386,1123,982
2026-09-15T03:50:59.009323911,"Dispense medication form submission",2351,2351,-,0,0.21,30,909,2040,3859,5473,9085,1321,1320
2026-09-15T03:50:59.009323911,"Submit Appointment StatusChange",1942,1942,-,0,0.17,8,181,416,902,1954,3528,303,370
2026-09-15T03:50:59.009323911,"Get Patient Encounters",1186,1186,-,0,0.1,12,5155,8387,12343,15508,19398,5344,4064
2026-09-15T03:50:59.009323911,"Get Lab Results of Patient",2372,2372,-,0,0.21,2,639,1451,3829,6813,10586,1080,1296
2026-09-15T03:50:59.009323911,"Get specific encounter details",2369,2369,-,0,0.21,5,111,268,782,1377,2698,208,276
2026-09-15T03:50:59.009323911,"Get Alkaline concept details",2369,2369,-,0,0.21,3,68,175,525,1767,2836,141,217
2026-09-15T03:50:59.009323911,"Update the specific encounter",2369,2369,-,0,0.21,21,512,1016,2002,3039,4762,687,657
2026-09-15T03:50:59.009323911,"Update the Lab Order Completion",2369,2369,-,0,0.21,16,424,862,1796,2987,5831,606,633
2026-09-15T03:50:59.009323911,"Get Visits With Diagnoses and Notes (new endpoint)",1186,1186,-,0,0.1,11,472,882,1704,2713,5197,616,597
2026-09-15T03:50:59.009323911,"Close medication",2351,2351,-,0,0.21,13,304,653,1599,2864,7737,487,575
2026-09-15T03:50:59.009323911,"Discontinue the drug order",2351,2351,-,0,0.21,21,497,976,1920,3174,6030,669,665
2026-09-15T03:50:59.009323911,"Get Drug Orders except the cancelled and expired",1186,1186,-,0,0.1,6,1008,2239,4250,6236,11647,1434,1439
2026-09-15T03:50:59.009323911,"Get Drug Orders except the discontinued orders",1186,1186,-,0,0.1,5,1003,2176,4039,5606,9427,1399,1368
2026-09-15T03:50:59.009323911,"Get Observation Tree Details",3558,3558,-,0,0.31,5,774,3066,7797,10214,17383,2023,2604
2026-09-15T03:50:59.009323911,"Search for Condition",2372,2372,-,0,0.21,12,291,452,1005,1826,4464,358,342
2026-09-15T03:50:59.009323911,"Save Conditions",1186,1186,-,0,0.1,7,185,402,1064,1866,2519,306,366
2026-09-15T03:50:59.009323911,"Get Immunizations of Patient",3558,3558,-,0,0.31,2,204,1573,4901,7649,11005,1065,1682
2026-09-15T03:50:59.009323911,"Get all immunizations",1186,1186,-,0,0.1,8,190,369,838,1643,2579,281,304
2026-09-15T03:50:59.009323911,"Submit Patient immunization",1186,1178,8,0.67,0.1,46,1908,3320,5416,7215,9321,2162,1781
2026-09-15T03:50:59.009323911,"Get Attachments of Patient",2372,2372,-,0,0.21,6,212,406,967,1451,3621,303,326
2026-09-15T03:50:59.009323911,"Get Allowed File Extensions",1186,1186,-,0,0.1,2,54,161,506,1095,3353,133,216
2026-09-15T03:50:59.009323911,"Get Programs",2372,2372,-,0,0.21,9,235,421,874,1638,3572,317,327
2026-09-15T03:50:59.009323911,"Add new program to patient",1186,1186,-,0,0.1,8,248,535,1246,2355,4755,396,475
2026-09-15T03:50:59.009323911,"Complete the program",1186,1186,-,0,0.1,9,233,484,1133,2050,4520,364,421
2026-09-15T03:50:59.009323911,"Upload Attachment Request",1186,1180,6,0.51,0.1,12,2709,7605,13040,18259,25009,4833,4313
2026-09-15T03:50:59.009323911,"Save Visit Note",1186,1186,-,0,0.1,15,567,1180,2171,3898,7019,793,799
2026-09-15T03:50:59.009323911,"Save Patient Diagnosis",2372,2372,-,0,0.21,6,188,422,1044,1934,3701,310,369
2026-09-14T03:54:44.421733824,"Login",23687,23687,-,0,2.09,4,84,207,716,920,4777,159,210
2026-09-14T03:54:44.421733824,"Get locations",26981,26981,-,0,2.39,17,319,488,819,1374,3174,352,269
2026-09-14T03:54:44.421733824,"Select Location",23687,23687,-,0,2.09,2,37,139,532,2429,3516,106,177
2026-09-14T03:54:44.421733824,"Get Address Template",28755,28755,-,0,2.54,1,17,47,267,1632,2363,49,102
2026-09-14T03:54:44.421733824,"Get Relationship Types",28755,28755,-,0,2.54,1,33,81,320,464,4030,75,132
2026-09-14T03:54:44.421733824,"Get Appointments for Specific Date",23687,23687,-,0,2.09,1,26,90,241,769,2460,64,102
2026-09-14T03:54:44.421733824,"Get Module Information",31682,31682,-,0,2.8,1,22,49,227,418,2842,53,106
2026-09-14T03:54:44.421733824,"Get Patient Identifier Types",28755,28755,-,0,2.54,1,33,84,268,745,2727,75,130
2026-09-14T03:54:44.421733824,"Get Primary Identifier Term Mapping",50919,50919,-,0,4.5,2,51,127,502,1994,2911,106,161
2026-09-14T03:54:44.421733824,"Get Identifier Source",52442,52442,-,0,4.64,1,42,112,334,869,4819,96,160
2026-09-14T03:54:44.421733824,"Get Locations by Tag and Query",33904,33904,-,0,3,2,55,180,475,1966,3179,123,177
2026-09-14T03:54:44.421733824,"Get Visits",24892,24892,-,0,2.2,6,894,2089,3695,5235,9509,1280,1280
2026-09-14T03:54:44.421733824,"Get Auto Generation Options",28755,28755,-,0,2.54,4,100,281,676,1372,3740,207,272
2026-09-14T03:54:44.421733824,"Get Queue Entry",29467,29467,-,0,2.61,2,2299,3677,7792,9971,13295,2710,2300
2026-09-14T03:54:44.421733824,"Get Visit Types",13144,13144,-,0,1.16,1,28,75,275,775,2116,72,135
2026-09-14T03:54:44.421733824,"Get Current Visit of Patient",23401,23401,-,0,2.07,2,1710,4219,9192,13316,31300,2823,3115
2026-09-14T03:54:44.421733824,"Get Visits of Patient",24778,24778,-,0,2.19,2,853,1758,3179,4393,9697,1143,1058
2026-09-14T03:54:44.421733824,"Get Program Enrollments of Patient",16070,16070,-,0,1.42,2,113,255,706,973,2887,184,220
2026-09-14T03:54:44.421733824,"Get Visit Queue Entry",23026,23026,-,0,2.04,2,43,119,419,548,2649,100,158
2026-09-14T03:54:44.421733824,"Get Appointments of a Patient",13316,13316,-,0,1.18,1,23,65,275,374,1682,58,107
2026-09-14T03:54:44.421733824,"Get Patient Summary Data",25329,25329,-,0,2.24,2,58,123,330,1764,2817,101,145
2026-09-14T03:54:44.421733824,"Get Active Visits of Patient",267945,267945,-,0,23.69,1,40,119,358,930,4050,97,162
2026-09-14T03:54:44.421733824,"Get isVisitsEnabled",16580,16580,-,0,1.47,1,34,112,324,1761,2814,90,158
2026-09-14T03:54:44.421733824,"Get the status of patient death",252434,252434,-,0,22.32,1,30,79,261,694,3816,68,124
2026-09-14T03:54:44.421733824,"Get all the constraints on the vital concepts",16580,16580,-,0,1.47,2,55,130,379,834,2799,105,155
2026-09-14T03:54:44.421733824,"Get Patient Observations",48820,48820,-,0,4.32,1,593,2096,5207,6766,12280,1350,1726
2026-09-14T03:54:44.421733824,"Get Patient Conditions",18488,18488,-,0,1.63,1,394,1427,5138,8597,15167,1133,1743
2026-09-14T03:54:44.421733824,"Get Active Orders",15734,15734,-,0,1.39,3,275,1002,2813,5302,10063,722,1003
2026-09-14T03:54:44.421733824,"Get Admission Location Info",3834,3834,-,0,0.34,3,53,133,444,1727,2756,114,178
2026-09-14T03:54:44.421733824,"Get Admission Info",3834,3834,-,0,0.34,16,356,853,1627,2625,4844,555,571
2026-09-14T03:54:44.421733824,"Get Inpatient Request",3834,3834,-,0,0.34,11,490,1824,19740,24910,28178,2981,5849
2026-09-14T03:54:44.421733824,"Get Orders of admitted patient by Activated Date",14464,14464,-,0,1.28,3,110,241,647,827,5024,180,212
2026-09-14T03:54:44.421733824,"Get Patients",4647,4647,-,0,0.41,8,2685,6039,10191,12642,16166,3633,3422
2026-09-14T03:54:44.421733824,"Submit Visit Form",11939,11895,44,0.37,1.06,6,122,334,831,1079,3350,225,278
2026-09-14T03:54:44.421733824,"Get Locations That Support Visits",5852,5852,-,0,0.52,3,48,113,397,1009,1631,96,141
2026-09-14T03:54:44.421733824,"Get Beds for Patient",3834,3834,-,0,0.34,2,39,102,379,521,2169,86,134
2026-09-14T03:54:44.421733824,"Save Ward Encounter",9585,9585,-,0,0.85,7,265,707,1975,4416,8113,521,679
2026-09-14T03:54:44.421733824,"Get Order Types",2988,2988,-,0,0.26,2,29,81,343,684,2010,75,150
2026-09-14T03:54:44.421733824,"Save Vitals",3374,3374,-,0,0.3,36,1228,2472,4202,5012,8177,1551,1384
2026-09-14T03:54:44.421733824,"Search for Drug",5976,5976,-,0,0.53,1,29,84,492,572,2699,80,143
2026-09-14T03:54:44.421733824,"Save Drug Order",2988,2988,-,0,0.26,23,553,1126,2140,3168,4605,754,698
2026-09-14T03:54:44.421733824,"Get Vitals concept reference ranges",3834,3834,-,0,0.34,9,223,551,1177,2179,3468,374,421
2026-09-14T03:54:44.421733824,"Get Specific Visit Details",13576,13576,-,0,1.2,3,76,214,638,2244,3290,156,215
2026-09-14T03:54:44.421733824,"Get Transfer Locations configuration data",3834,3834,-,0,0.34,37,1016,2567,4548,5843,8894,1536,1512
2026-09-14T03:54:44.421733824,"Get Transferable locations",3834,3834,-,0,0.34,23,256,452,786,1631,2921,316,271
2026-09-14T03:54:44.421733824,"Get Allergies of Patient",3374,3374,-,0,0.3,1,238,661,1453,2300,4176,430,499
2026-09-14T03:54:44.421733824,"Get Drug Allergens",3374,3374,-,0,0.3,16,319,473,820,1158,2064,344,252
2026-09-14T03:54:44.421733824,"Get Environment Allergens",3374,3374,-,0,0.3,14,263,397,665,1146,2093,289,226
2026-09-14T03:54:44.421733824,"Get Food Allergens",3374,3374,-,0,0.3,7,144,253,528,1252,2085,189,184
2026-09-14T03:54:44.421733824,"Get Allergic Reactions Allergens",3374,3374,-,0,0.3,9,191,320,640,1084,2796,235,215
2026-09-14T03:54:44.421733824,"Get All Form Encounters",1377,1377,-,0,0.12,3,385,873,1597,2087,3004,548,507
2026-09-14T03:54:44.421733824,"Get All Forms",1377,1377,-,0,0.12,6,180,420,992,1775,3389,296,352
2026-09-14T03:54:44.421733824,"Get medication request encounters",8964,8964,-,0,0.79,31,3671,8502,13813,16934,23999,5036,4735
2026-09-14T03:54:44.421733824,"Get patient age",59543,59543,-,0,5.26,1,38,82,345,487,3398,79,131
2026-09-14T03:54:44.421733824,"Get the details of a orderType",2927,2927,-,0,0.26,1,34,96,356,663,2080,87,151
2026-09-14T03:54:44.421733824,"Get all Lab order details",2927,2927,-,0,0.26,9,180,260,484,913,2305,203,187
2026-09-14T03:54:44.421733824,"Add a lab order",2927,2927,-,0,0.26,14,330,733,1570,2295,5463,505,533
2026-09-14T03:54:44.421733824,"Get all patient lists",13224,13224,-,0,1.17,2,335,750,1307,1957,4016,465,443
2026-09-14T03:54:44.421733824,"Get All Appointment Services(full)",3615,3615,-,0,0.32,2,39,94,303,1267,2877,82,139
2026-09-14T03:54:44.421733824,"Get all appointments for a specific day",2410,2410,-,0,0.21,1,24,79,240,753,986,57,83
2026-09-14T03:54:44.421733824,"Get Person Attribute Type",5068,5068,-,0,0.45,1,34,83,308,929,1951,77,136
2026-09-14T03:54:44.421733824,"Get all appointment summaries",2410,2410,-,0,0.21,5,93,255,546,1044,1671,173,201
2026-09-14T03:54:44.421733824,"Get Ordered Address Hierarchy Levels",5068,5068,-,0,0.45,1,14,28,155,228,2149,33,82
2026-09-14T03:54:44.421733824,"Get Appointment By Status",9640,9640,-,0,0.85,1,27,80,238,517,2681,65,110
2026-09-14T03:54:44.421733824,"Get all default appointment services",2410,2410,-,0,0.21,2,36,95,302,785,2341,82,147
2026-09-14T03:54:44.421733824,"Get all visits of the given location with date",2410,2410,-,0,0.21,9,1797,3206,5350,7225,9334,2075,1724
2026-09-14T03:54:44.421733824,"Get Patient Allergy Intolerance",2988,2988,-,0,0.26,1,186,579,1330,2221,3792,389,484
2026-09-14T03:54:44.421733824,"Get Specific Medication Requests",11952,11952,-,0,1.06,15,472,1147,2618,3346,8012,787,860
2026-09-14T03:54:44.421733824,"Get Encounter With Visit and Diagnoses",2988,2988,-,0,0.26,4,65,157,412,979,2612,125,174
2026-09-14T03:54:44.421733824,"Get All Providers",7181,7181,-,0,0.63,3,77,266,816,980,3449,182,255
2026-09-14T03:54:44.421733824,"Get patient identification photo",239688,239688,-,0,21.19,2,49,125,359,892,3771,107,170
2026-09-14T03:54:44.421733824,"Get Person Attributes",2500,2500,-,0,0.22,2,39,83,347,836,2986,84,158
2026-09-14T03:54:44.421733824,"Get Patient Identifiers",2500,2500,-,0,0.22,2,46,112,382,1041,1645,99,149
2026-09-14T03:54:44.421733824,"Get Relationships of Person",2500,2500,-,0,0.22,2,48,113,413,759,2240,100,155
2026-09-14T03:54:44.421733824,"Create a patient list",3306,3306,-,0,0.29,5,115,287,632,1252,2675,206,240
2026-09-14T03:54:44.421733824,"Get queue entry number",1523,1523,-,0,0.13,0,9,21,94,721,1217,24,60
2026-09-14T03:54:44.421733824,"Submit visit queue entry",1525,1523,2,0.13,0.13,14,263,738,1564,2065,3406,465,509
2026-09-14T03:54:44.421733824,"Save an Allergy",3374,3374,-,0,0.3,9,231,547,1019,1686,3506,356,359
2026-09-14T03:54:44.421733824,"Get Clinical Form by UUID",1377,1377,-,0,0.12,6,120,223,532,969,2584,179,217
2026-09-14T03:54:44.421733824,"Get Encounter Roles",1377,1377,-,0,0.12,1,34,94,348,637,1740,82,140
2026-09-14T03:54:44.421733824,"Get Latest FHIR Encounter",1377,1377,-,0,0.12,2,125,294,709,1160,2025,213,243
2026-09-14T03:54:44.421733824,"Get Encounter By UUID",1249,1249,-,0,0.11,7,159,327,639,1136,1978,229,230
2026-09-14T03:54:44.421733824,"Get all active Lab orders",8781,8781,-,0,0.78,5,593,1705,3550,4615,8276,1049,1179
2026-09-14T03:54:44.421733824,"Get Lab Orders by full filler status",26343,26343,-,0,2.33,2,310,1944,9550,11798,20441,1798,3093
2026-09-14T03:54:44.421733824,"Get Order Entry Config",2988,2988,-,0,0.26,18,396,604,1084,1492,3263,436,356
2026-09-14T03:54:44.421733824,"Get ValueSet by UUID",8964,8964,-,0,0.79,6,260,702,1869,2885,7486,503,625
2026-09-14T03:54:44.421733824,"Get Medication Request by UUID",8964,8964,-,0,0.79,12,258,689,1424,2662,4283,456,500
2026-09-14T03:54:44.421733824,"Get Medication by UUID",2988,2988,-,0,0.26,1,22,47,206,1121,1758,48,90
2026-09-14T03:54:44.421733824,"Search Medication by Code",2988,2988,-,0,0.26,4,62,112,315,811,3342,98,149
2026-09-14T03:54:44.421733824,"Get patient list details",3306,3306,-,0,0.29,2,52,139,416,1053,2901,118,194
2026-09-14T03:54:44.421733824,"Fetch members of patient list",3306,3306,-,0,0.29,2,47,133,465,968,2105,114,179
2026-09-14T03:54:44.421733824,"Get Locations Search Set",1917,1917,-,0,0.17,3,41,118,439,642,1684,97,152
2026-09-14T03:54:44.421733824,"Change the session location",1917,1917,-,0,0.17,3,46,150,585,814,1953,119,188
2026-09-14T03:54:44.421733824,"Get service concept set",1525,1525,-,0,0.13,2,31,92,356,735,1899,84,147
2026-09-14T03:54:44.421733824,"Get Concept",49277,49277,-,0,4.36,3,125,245,515,888,2813,184,195
2026-09-14T03:54:44.421733824,"Submit new Service queue",1525,1525,-,0,0.13,6,123,361,878,1734,3534,251,327
2026-09-14T03:54:44.421733824,"Edit patient details",2500,2500,-,0,0.22,8,193,386,824,1463,2607,287,293
2026-09-14T03:54:44.421733824,"Check Appointment Conflicts",1205,1205,-,0,0.11,4,80,194,593,916,1496,152,194
2026-09-14T03:54:44.421733824,"Create Appointment",1205,1205,-,0,0.11,8,156,271,553,958,1584,202,187
2026-09-14T03:54:44.421733824,"Get patient admission note",17501,17501,-,0,1.55,2,113,236,587,909,3360,178,207
2026-09-14T03:54:44.421733824,"Save a clinical form",1377,1377,-,0,0.12,18,575,1163,2161,2984,4565,763,701
2026-09-14T03:54:44.421733824,"Submit transition request",1525,1403,122,8,0.13,7,153,390,783,1232,1921,252,273
2026-09-14T03:54:44.421733824,"End Visit",11895,11643,252,2.12,1.05,7,242,527,1112,1684,3854,366,379
2026-09-14T03:54:44.421733824,"Update full filler status",5854,5854,-,0,0.52,5,105,208,488,1036,1721,158,180
2026-09-14T03:54:44.421733824,"Generate OMRS Identifier",2568,2568,-,0,0.23,6,131,268,612,1154,2112,204,222
2026-09-14T03:54:44.421733824,"Send Patient Registration Request",2568,2568,-,0,0.23,20,572,911,1593,2240,3994,664,493
2026-09-14T03:54:44.421733824,"Dispense medication form submission",2988,2988,-,0,0.26,21,536,1347,2603,3492,7890,859,893
2026-09-14T03:54:44.421733824,"Get Patient Encounters",1377,1377,-,0,0.12,9,3129,5785,8616,10501,12750,3543,2855
2026-09-14T03:54:44.421733824,"Get Lab Results of Patient",2754,2754,-,0,0.24,1,474,1033,2638,4245,7711,768,921
2026-09-14T03:54:44.421733824,"Submit Appointment StatusChange",2410,2410,-,0,0.21,6,132,295,696,1224,2314,213,243
2026-09-14T03:54:44.421733824,"Get specific encounter details",2927,2927,-,0,0.26,4,73,178,501,1029,2374,139,191
2026-09-14T03:54:44.421733824,"Get Alkaline concept details",2927,2927,-,0,0.26,2,43,107,432,583,1820,94,144
2026-09-14T03:54:44.421733824,"Update the specific encounter",2927,2927,-,0,0.26,15,316,687,1389,2134,5115,467,461
2026-09-14T03:54:44.421733824,"Update the Lab Order Completion",2927,2927,-,0,0.26,13,281,587,1184,2112,4373,412,424
2026-09-14T03:54:44.421733824,"Get Visits With Diagnoses and Notes (new endpoint)",1377,1377,-,0,0.12,9,287,595,1170,1897,2774,407,402
2026-09-14T03:54:44.421733824,"Close medication",2988,2988,-,0,0.26,9,186,478,1007,1899,4674,324,370
2026-09-14T03:54:44.421733824,"Discontinue the drug order",2988,2988,-,0,0.26,15,320,697,1432,2199,3551,473,474
2026-09-14T03:54:44.421733824,"Get Drug Orders except the cancelled and expired",1377,1377,-,0,0.12,4,749,1690,3579,4838,6883,1128,1165
2026-09-14T03:54:44.421733824,"Get Drug Orders except the discontinued orders",1377,1377,-,0,0.12,4,749,1672,3379,4320,7924,1097,1108
2026-09-14T03:54:44.421733824,"Get Observation Tree Details",4131,4131,-,0,0.37,3,433,1926,5259,6912,10866,1288,1731
2026-09-14T03:54:44.421733824,"Search for Condition",2754,2754,-,0,0.24,10,191,310,624,1138,3261,243,236
2026-09-14T03:54:44.421733824,"Save Conditions",1377,1377,-,0,0.12,5,113,286,641,1426,2257,208,259
2026-09-14T03:54:44.421733824,"Get Immunizations of Patient",4131,4131,-,0,0.37,1,131,1080,3859,5495,9734,813,1332
2026-09-14T03:54:44.421733824,"Get all immunizations",1377,1377,-,0,0.12,6,123,232,576,1171,2909,182,218
2026-09-14T03:54:44.421733824,"Submit Patient immunization",1377,1368,9,0.65,0.12,16,1159,2243,3576,5066,6900,1396,1216
2026-09-14T03:54:44.421733824,"Get Attachments of Patient",2754,2754,-,0,0.24,4,146,310,716,1202,1958,219,236
2026-09-14T03:54:44.421733824,"Get Allowed File Extensions",1377,1377,-,0,0.12,1,35,87,392,1328,2716,90,176
2026-09-14T03:54:44.421733824,"Get Programs",2754,2754,-,0,0.24,6,152,305,577,1132,1879,216,210
2026-09-14T03:54:44.421733824,"Add new program to patient",1377,1377,-,0,0.12,6,159,368,839,1445,2233,264,290
2026-09-14T03:54:44.421733824,"Complete the program",1377,1377,-,0,0.12,7,155,368,801,1384,2140,255,278
2026-09-14T03:54:44.421733824,"Upload Attachment Request",1377,1368,9,0.65,0.12,95,2029,5331,9355,14331,18269,3453,3086
2026-09-14T03:54:44.421733824,"Save Visit Note",1377,1377,-,0,0.12,11,364,780,1607,2696,4573,541,577
2026-09-14T03:54:44.421733824,"Save Patient Diagnosis",2754,2754,-,0,0.24,4,118,292,705,1267,2392,217,269
2026-09-13T03:54:49.754249051,"Login",20064,20064,-,0,1.77,5,126,301,725,1483,3589,230,281
2026-09-13T03:54:49.754249051,"Get locations",22798,22798,-,0,2.01,27,505,701,1174,1894,4561,543,359
2026-09-13T03:54:49.754249051,"Select Location",20064,20064,-,0,1.77,2,67,211,703,948,4170,164,248
2026-09-13T03:54:49.754249051,"Get Address Template",24559,24559,-,0,2.17,1,27,78,386,1780,2225,75,144
2026-09-13T03:54:49.754249051,"Get Relationship Types",24559,24559,-,0,2.17,2,51,134,388,909,3969,115,188
2026-09-13T03:54:49.754249051,"Get Appointments for Specific Date",20064,20064,-,0,1.77,2,42,136,367,918,2917,99,155
2026-09-13T03:54:49.754249051,"Get Module Information",26938,26938,-,0,2.38,1,33,79,317,860,2918,77,141
2026-09-13T03:54:49.754249051,"Get Patient Identifier Types",24559,24559,-,0,2.17,2,50,144,442,1664,3352,114,181
2026-09-13T03:54:49.754249051,"Get Primary Identifier Term Mapping",43005,43005,-,0,3.8,3,83,196,652,1217,5170,162,226
2026-09-13T03:54:49.754249051,"Get Identifier Source",44623,44623,-,0,3.94,2,68,188,700,809,4069,148,222
2026-09-13T03:54:49.754249051,"Get Locations by Tag and Query",28347,28347,-,0,2.5,3,97,258,598,1296,5253,190,252
2026-09-13T03:54:49.754249051,"Get Visits",21049,21049,-,0,1.86,9,1398,3288,5184,6876,11609,1944,1788
2026-09-13T03:54:49.754249051,"Get Auto Generation Options",24559,24559,-,0,2.17,5,184,493,1099,3237,5461,328,386
2026-09-13T03:54:49.754249051,"Get Queue Entry",24691,24691,-,0,2.18,3,1795,3367,7248,9811,18178,2458,2262
2026-09-13T03:54:49.754249051,"Get Visit Types",10662,10662,-,0,0.94,2,43,117,542,731,3543,106,182
2026-09-13T03:54:49.754249051,"Get Current Visit of Patient",19055,19055,-,0,1.68,3,2762,6502,13892,19158,39129,4382,4567
2026-09-13T03:54:49.754249051,"Get Visits of Patient",20258,20258,-,0,1.79,3,1324,2620,4547,6117,10036,1726,1475
2026-09-13T03:54:49.754249051,"Get Program Enrollments of Patient",13286,13286,-,0,1.17,2,169,383,819,1378,3312,263,293
2026-09-13T03:54:49.754249051,"Get Visit Queue Entry",19283,19283,-,0,1.7,3,73,191,522,2268,5603,154,230
2026-09-13T03:54:49.754249051,"Get Appointments of a Patient",10880,10880,-,0,0.96,2,36,95,350,754,3096,85,148
2026-09-13T03:54:49.754249051,"Get Patient Summary Data",21226,21226,-,0,1.87,3,88,189,484,1135,3970,148,196
2026-09-13T03:54:49.754249051,"Get Active Visits of Patient",215615,215615,-,0,19.04,2,67,200,626,2565,6456,149,226
2026-09-13T03:54:49.754249051,"Get isVisitsEnabled",14033,14033,-,0,1.24,2,55,165,460,1794,3738,140,224
2026-09-13T03:54:49.754249051,"Get the status of patient death",202714,202714,-,0,17.9,2,47,108,481,2583,3839,104,172
2026-09-13T03:54:49.754249051,"Get all the constraints on the vital concepts",14033,14033,-,0,1.24,3,85,203,607,958,4338,161,223
2026-09-13T03:54:49.754249051,"Get Patient Observations",41763,41763,-,0,3.69,1,893,2878,7137,9508,15089,1918,2390
2026-09-13T03:54:49.754249051,"Get Patient Conditions",15742,15742,-,0,1.39,2,614,2137,7410,11774,19780,1703,2600
2026-09-13T03:54:49.754249051,"Get Active Orders",13336,13336,-,0,1.18,4,410,1297,3709,4972,11987,921,1186
2026-09-13T03:54:49.754249051,"Get Admission Location Info",3062,3062,-,0,0.27,4,81,211,590,1335,2524,174,243
2026-09-13T03:54:49.754249051,"Get Admission Info",3062,3062,-,0,0.27,21,594,1265,2626,5249,10497,912,1024
2026-09-13T03:54:49.754249051,"Get Inpatient Request",3062,3062,-,0,0.27,13,855,2593,24724,30622,36653,3971,7429
2026-09-13T03:54:49.754249051,"Get Orders of admitted patient by Activated Date",14518,14518,-,0,1.28,4,195,423,905,1409,4116,299,316
2026-09-13T03:54:49.754249051,"Get Patients",3730,3730,-,0,0.33,14,3882,9595,14111,17080,21776,5471,4836
2026-09-13T03:54:49.754249051,"Submit Visit Form",9677,9637,40,0.41,0.85,7,179,434,973,1946,4429,322,378
2026-09-13T03:54:49.754249051,"Get Locations That Support Visits",4715,4715,-,0,0.42,3,80,179,503,1592,3218,145,195
2026-09-13T03:54:49.754249051,"Get Beds for Patient",3062,3062,-,0,0.27,2,58,151,477,1017,2092,126,192
2026-09-13T03:54:49.754249051,"Save Ward Encounter",7655,7655,-,0,0.68,10,406,1044,3001,4228,7686,793,994
2026-09-13T03:54:49.754249051,"Get Order Types",2365,2365,-,0,0.21,2,44,108,412,895,2392,103,176
2026-09-13T03:54:49.754249051,"Save Vitals",2894,2894,-,0,0.26,52,1954,3882,5964,7534,10292,2399,1962
2026-09-13T03:54:49.754249051,"Get Vitals concept reference ranges",3062,3062,-,0,0.27,13,352,801,1682,2455,5466,557,598
2026-09-13T03:54:49.754249051,"Get Specific Visit Details",11414,11414,-,0,1.01,4,130,315,783,1601,3811,232,285
2026-09-13T03:54:49.754249051,"Get Transfer Locations configuration data",3062,3062,-,0,0.27,51,1574,3911,6357,8642,13958,2340,2172
2026-09-13T03:54:49.754249051,"Search for Drug",4730,4730,-,0,0.42,2,45,143,612,844,3256,125,221
2026-09-13T03:54:49.754249051,"Save Drug Order",2365,2365,-,0,0.21,30,793,1628,2826,4025,7044,1068,927
2026-09-13T03:54:49.754249051,"Get Transferable locations",3062,3062,-,0,0.27,29,399,665,1116,1912,3688,476,379
2026-09-13T03:54:49.754249051,"Get Allergies of Patient",2894,2894,-,0,0.26,1,345,939,1955,2822,5461,618,685
2026-09-13T03:54:49.754249051,"Get Drug Allergens",2894,2894,-,0,0.26,21,492,666,1143,1641,3249,520,349
2026-09-13T03:54:49.754249051,"Get Environment Allergens",2894,2894,-,0,0.26,18,400,560,996,1431,3615,439,305
2026-09-13T03:54:49.754249051,"Get Food Allergens",2894,2894,-,0,0.26,9,220,369,781,1212,3625,282,255
2026-09-13T03:54:49.754249051,"Get Allergic Reactions Allergens",2894,2894,-,0,0.26,12,285,436,837,1188,2981,342,281
2026-09-13T03:54:49.754249051,"Get medication request encounters",7095,7095,-,0,0.63,49,5789,14059,21967,26428,36283,8177,7407
2026-09-13T03:54:49.754249051,"Get patient age",47074,47074,-,0,4.16,2,57,133,503,738,3838,118,177
2026-09-13T03:54:49.754249051,"Get all patient lists",11992,11992,-,0,1.06,3,558,1127,1764,2413,4970,697,590
2026-09-13T03:54:49.754249051,"Get Person Attribute Type",4495,4495,-,0,0.4,2,53,134,486,890,3325,119,196
2026-09-13T03:54:49.754249051,"Get Ordered Address Hierarchy Levels",4495,4495,-,0,0.4,1,20,48,211,432,1815,48,102
2026-09-13T03:54:49.754249051,"Get All Appointment Services(full)",2955,2955,-,0,0.26,3,59,142,420,809,2388,117,166
2026-09-13T03:54:49.754249051,"Get all appointments for a specific day",1970,1970,-,0,0.17,2,38,116,396,536,1755,89,128
2026-09-13T03:54:49.754249051,"Get all appointment summaries",1970,1970,-,0,0.17,7,156,365,806,1324,2719,256,275
2026-09-13T03:54:49.754249051,"Get Appointment By Status",7880,7880,-,0,0.7,2,39,123,366,1148,2099,97,148
2026-09-13T03:54:49.754249051,"Get all default appointment services",1970,1970,-,0,0.17,3,59,148,460,809,1865,121,176
2026-09-13T03:54:49.754249051,"Get all visits of the given location with date",1970,1970,-,0,0.17,16,2470,4581,7378,9390,11933,2994,2334
2026-09-13T03:54:49.754249051,"Get All Form Encounters",1203,1203,-,0,0.11,4,614,1147,1938,2652,3582,757,636
2026-09-13T03:54:49.754249051,"Get All Forms",1203,1203,-,0,0.11,7,286,617,1332,2233,4021,432,470
2026-09-13T03:54:49.754249051,"Get the details of a orderType",2379,2379,-,0,0.21,2,50,151,474,1072,2461,127,207
2026-09-13T03:54:49.754249051,"Get all Lab order details",2379,2379,-,0,0.21,11,277,391,788,1305,2464,310,244
2026-09-13T03:54:49.754249051,"Add a lab order",2379,2379,-,0,0.21,18,479,1161,2044,3457,6188,739,733
2026-09-13T03:54:49.754249051,"Get patient identification photo",191743,191743,-,0,16.93,3,80,208,620,961,8994,166,240
2026-09-13T03:54:49.754249051,"Get Person Attributes",2123,2123,-,0,0.19,2,58,135,433,973,2217,116,174
2026-09-13T03:54:49.754249051,"Get Patient Identifiers",2123,2123,-,0,0.19,2,73,187,555,1132,2501,150,214
2026-09-13T03:54:49.754249051,"Get Relationships of Person",2123,2123,-,0,0.19,3,79,191,502,1262,2345,155,226
2026-09-13T03:54:49.754249051,"Get Patient Allergy Intolerance",2365,2365,-,0,0.21,1,265,816,1858,2884,3985,542,653
2026-09-13T03:54:49.754249051,"Get Specific Medication Requests",9460,9460,-,0,0.84,22,767,1803,3720,5440,9597,1215,1246
2026-09-13T03:54:49.754249051,"Get Encounter With Visit and Diagnoses",2365,2365,-,0,0.21,4,110,248,569,1047,2885,185,230
2026-09-13T03:54:49.754249051,"Get All Providers",5715,5715,-,0,0.5,4,140,411,1047,1432,3624,275,349
2026-09-13T03:54:49.754249051,"Create a patient list",2998,2998,-,0,0.26,6,197,432,963,1511,3922,305,333
2026-09-13T03:54:49.754249051,"Get queue entry number",1209,1209,-,0,0.11,1,13,30,199,986,1294,34,78
2026-09-13T03:54:49.754249051,"Submit visit queue entry",1214,1209,5,0.41,0.11,19,459,1052,1900,3153,5864,687,691
2026-09-13T03:54:49.754249051,"Save an Allergy",2894,2894,-,0,0.26,11,374,796,1390,2117,4317,517,479
2026-09-13T03:54:49.754249051,"Get Clinical Form by UUID",1203,1203,-,0,0.11,8,164,314,622,1109,2643,234,224
2026-09-13T03:54:49.754249051,"Get Encounter Roles",1203,1203,-,0,0.11,2,50,140,499,1030,2014,121,191
2026-09-13T03:54:49.754249051,"Get Latest FHIR Encounter",1203,1203,-,0,0.11,2,190,439,879,1572,3661,303,328
2026-09-13T03:54:49.754249051,"Get all active Lab orders",7137,7137,-,0,0.63,4,902,2646,5713,7584,13627,1673,1889
2026-09-13T03:54:49.754249051,"Get Lab Orders by full filler status",21411,21411,-,0,1.89,3,498,2982,13380,16666,26403,2676,4395
2026-09-13T03:54:49.754249051,"Get Encounter By UUID",1076,1076,-,0,0.1,8,253,484,968,1610,2699,348,324
2026-09-13T03:54:49.754249051,"Get Order Entry Config",2365,2365,-,0,0.21,22,582,847,1479,2074,3846,639,471
2026-09-13T03:54:49.754249051,"Get ValueSet by UUID",7095,7095,-,0,0.63,8,408,1007,2597,3990,8974,738,865
2026-09-13T03:54:49.754249051,"Get patient list details",2998,2998,-,0,0.26,3,87,226,661,1178,2141,178,236
2026-09-13T03:54:49.754249051,"Fetch members of patient list",2998,2998,-,0,0.26,2,82,213,598,1171,2269,167,225
2026-09-13T03:54:49.754249051,"Get Medication Request by UUID",7095,7095,-,0,0.63,16,422,1097,2140,3125,5603,708,723
2026-09-13T03:54:49.754249051,"Get Medication by UUID",2365,2365,-,0,0.21,2,35,74,398,590,3161,81,165
2026-09-13T03:54:49.754249051,"Search Medication by Code",2365,2365,-,0,0.21,5,90,158,444,1033,2603,140,188
2026-09-13T03:54:49.754249051,"Get service concept set",1214,1214,-,0,0.11,2,54,154,574,1218,3680,131,232
2026-09-13T03:54:49.754249051,"Get Concept",40686,40686,-,0,3.59,5,189,342,742,1089,3772,265,261
2026-09-13T03:54:49.754249051,"Submit new Service queue",1214,1214,-,0,0.11,8,214,567,1260,2239,4042,386,454
2026-09-13T03:54:49.754249051,"Get Locations Search Set",1531,1531,-,0,0.14,4,67,191,614,1169,2298,157,225
2026-09-13T03:54:49.754249051,"Change the session location",1531,1531,-,0,0.14,3,81,261,838,1274,3083,201,298
2026-09-13T03:54:49.754249051,"Edit patient details",2123,2123,-,0,0.19,11,291,574,1148,1904,3279,407,375
2026-09-13T03:54:49.754249051,"Check Appointment Conflicts",985,985,-,0,0.09,6,127,293,725,1506,3103,225,279
2026-09-13T03:54:49.754249051,"Create Appointment",985,985,-,0,0.09,11,218,403,799,1199,2450,293,267
2026-09-13T03:54:49.754249051,"Submit transition request",1214,1139,75,6.18,0.11,9,241,555,1110,1747,3348,380,388
2026-09-13T03:54:49.754249051,"End Visit",9637,9513,124,1.29,0.85,8,366,750,1496,2399,5509,525,506
2026-09-13T03:54:49.754249051,"Generate OMRS Identifier",2372,2372,-,0,0.21,7,175,359,807,1726,2898,276,302
2026-09-13T03:54:49.754249051,"Send Patient Registration Request",2372,2372,-,0,0.21,23,765,1169,2046,3259,5103,883,641
2026-09-13T03:54:49.754249051,"Get patient admission note",12258,12258,-,0,1.08,3,161,351,763,1329,3391,253,289
2026-09-13T03:54:49.754249051,"Save a clinical form",1203,1203,-,0,0.11,23,849,1744,3048,4002,5468,1128,974
2026-09-13T03:54:49.754249051,"Update full filler status",4758,4758,-,0,0.42,6,152,297,732,1139,3711,228,249
2026-09-13T03:54:49.754249051,"Dispense medication form submission",2365,2365,-,0,0.21,30,826,2066,3653,4910,7586,1289,1253
2026-09-13T03:54:49.754249051,"Submit Appointment StatusChange",1970,1970,-,0,0.17,8,185,420,944,1493,3265,301,330
2026-09-13T03:54:49.754249051,"Get Patient Encounters",1203,1203,-,0,0.11,13,4827,8646,11999,13558,18081,5274,3963
2026-09-13T03:54:49.754249051,"Get Lab Results of Patient",2406,2406,-,0,0.21,1,637,1383,3422,6256,10354,1044,1242
2026-09-13T03:54:49.754249051,"Get specific encounter details",2379,2379,-,0,0.21,5,112,279,737,1473,3662,214,284
2026-09-13T03:54:49.754249051,"Get Alkaline concept details",2379,2379,-,0,0.21,3,67,164,517,967,2454,139,210
2026-09-13T03:54:49.754249051,"Update the specific encounter",2379,2379,-,0,0.21,20,488,1032,1940,2960,4813,704,655
2026-09-13T03:54:49.754249051,"Update the Lab Order Completion",2379,2379,-,0,0.21,16,410,880,1645,2672,5122,607,602
2026-09-13T03:54:49.754249051,"Get Visits With Diagnoses and Notes (new endpoint)",1203,1203,-,0,0.11,11,485,917,1644,2736,3960,617,564
2026-09-13T03:54:49.754249051,"Close medication",2365,2365,-,0,0.21,13,285,725,1461,2312,4843,484,506
2026-09-13T03:54:49.754249051,"Discontinue the drug order",2365,2365,-,0,0.21,19,458,955,1850,2844,5342,656,617
2026-09-13T03:54:49.754249051,"Get Drug Orders except the cancelled and expired",1203,1203,-,0,0.11,5,988,2110,4113,5873,12864,1395,1374
2026-09-13T03:54:49.754249051,"Get Drug Orders except the discontinued orders",1203,1203,-,0,0.11,5,991,2172,3891,4998,8191,1376,1287
2026-09-13T03:54:49.754249051,"Get Observation Tree Details",3609,3609,-,0,0.32,4,763,3049,7920,10069,13829,2002,2576
2026-09-13T03:54:49.754249051,"Search for Condition",2406,2406,-,0,0.21,10,295,458,927,1417,2901,360,289
2026-09-13T03:54:49.754249051,"Save Conditions",1203,1203,-,0,0.11,6,178,397,902,1665,3596,290,335
2026-09-13T03:54:49.754249051,"Get Immunizations of Patient",3609,3609,-,0,0.32,2,194,1587,4728,6506,10482,1053,1615
2026-09-13T03:54:49.754249051,"Get all immunizations",1203,1203,-,0,0.11,7,197,379,848,1619,3028,294,307
2026-09-13T03:54:49.754249051,"Submit Patient immunization",1203,1198,5,0.42,0.11,27,1738,3437,5043,6607,9191,2113,1718
2026-09-13T03:54:49.754249051,"Get Attachments of Patient",2406,2406,-,0,0.21,6,218,434,857,1546,2726,310,309
2026-09-13T03:54:49.754249051,"Get Allowed File Extensions",1203,1203,-,0,0.11,2,54,155,465,1024,1769,127,190
2026-09-13T03:54:49.754249051,"Get Programs",2406,2406,-,0,0.21,8,238,436,784,1342,2725,313,276
2026-09-13T03:54:49.754249051,"Add new program to patient",1203,1203,-,0,0.11,7,249,542,1164,2130,2969,390,424
2026-09-13T03:54:49.754249051,"Complete the program",1203,1203,-,0,0.11,8,241,531,1087,1862,3293,369,388
2026-09-13T03:54:49.754249051,"Upload Attachment Request",1203,1195,8,0.67,0.11,461,3158,7337,13103,17501,21864,4893,4155
2026-09-13T03:54:49.754249051,"Save Visit Note",1203,1203,-,0,0.11,15,553,1175,2105,3112,4249,755,695
2026-09-13T03:54:49.754249051,"Save Patient Diagnosis",2406,2406,-,0,0.21,5,180,438,929,1668,4957,303,347
2026-09-12T03:48:36.036983104,"Login",19956,19956,-,0,1.76,5,122,296,703,1463,4518,226,286
2026-09-12T03:48:36.036983104,"Get locations",22692,22692,-,0,2,27,500,705,1163,1828,4997,535,361
2026-09-12T03:48:36.036983104,"Select Location",19956,19956,-,0,1.76,2,69,216,579,1365,4163,166,253
2026-09-12T03:48:36.036983104,"Get Address Template",24391,24391,-,0,2.15,1,27,79,279,760,4257,72,134
2026-09-12T03:48:36.036983104,"Get Relationship Types",24391,24391,-,0,2.15,2,48,136,444,1100,3816,113,186
2026-09-12T03:48:36.036983104,"Get Appointments for Specific Date",19956,19956,-,0,1.76,2,42,124,312,1724,2910,97,146
2026-09-12T03:48:36.036983104,"Get Module Information",26778,26778,-,0,2.36,1,31,81,275,784,3280,76,141
2026-09-12T03:48:36.036983104,"Get Patient Identifier Types",24391,24391,-,0,2.15,2,50,136,427,1086,3382,112,181
2026-09-12T03:48:36.036983104,"Get Primary Identifier Term Mapping",42803,42803,-,0,3.78,3,81,210,669,2459,4131,159,218
2026-09-12T03:48:36.036983104,"Get Identifier Source",44347,44347,-,0,3.92,2,64,189,599,2180,4705,143,214
2026-09-12T03:48:36.036983104,"Get Locations by Tag and Query",28249,28249,-,0,2.49,3,94,247,606,1312,3686,186,247
2026-09-12T03:48:36.036983104,"Get Visits",20941,20941,-,0,1.85,7,1437,3081,5176,6831,11053,1903,1769
2026-09-12T03:48:36.036983104,"Get Auto Generation Options",24391,24391,-,0,2.15,5,179,483,983,2368,5054,319,379
2026-09-12T03:48:36.036983104,"Get Queue Entry",24562,24562,-,0,2.17,2,2064,4256,9036,14798,19802,3026,3048
2026-09-12T03:48:36.036983104,"Get Visit Types",10680,10680,-,0,0.94,2,43,124,443,760,2445,104,172
2026-09-12T03:48:36.036983104,"Get Current Visit of Patient",19108,19108,-,0,1.69,4,2820,6347,13507,19227,42126,4305,4471
2026-09-12T03:48:36.036983104,"Get Visits of Patient",20308,20308,-,0,1.79,3,1351,2585,4442,6095,11720,1702,1452
2026-09-12T03:48:36.036983104,"Get Program Enrollments of Patient",13295,13295,-,0,1.17,3,174,378,906,1096,4417,263,289
2026-09-12T03:48:36.036983104,"Get Visit Queue Entry",19256,19256,-,0,1.7,2,69,190,574,940,2988,147,212
2026-09-12T03:48:36.036983104,"Get Appointments of a Patient",10895,10895,-,0,0.96,2,36,95,359,794,2855,86,155
2026-09-12T03:48:36.036983104,"Get Patient Summary Data",21161,21161,-,0,1.87,3,88,185,492,1689,4833,148,198
2026-09-12T03:48:36.036983104,"Get Active Visits of Patient",215478,215478,-,0,19.03,2,65,184,573,3379,5178,147,222
2026-09-12T03:48:36.036983104,"Get isVisitsEnabled",13981,13981,-,0,1.23,2,56,162,620,801,3027,135,205
2026-09-12T03:48:36.036983104,"Get the status of patient death",202539,202539,-,0,17.88,2,46,115,476,3163,4497,102,167
2026-09-12T03:48:36.036983104,"Get all the constraints on the vital concepts",13981,13981,-,0,1.23,3,85,196,571,1822,2818,158,209
2026-09-12T03:48:36.036983104,"Get Patient Observations",41573,41573,-,0,3.67,1,892,2935,7069,9338,15834,1897,2378
2026-09-12T03:48:36.036983104,"Get Patient Conditions",15689,15689,-,0,1.39,2,619,2119,7276,12088,20229,1698,2610
2026-09-12T03:48:36.036983104,"Get Active Orders",13289,13289,-,0,1.17,4,415,1262,3429,4895,9394,908,1177
2026-09-12T03:48:36.036983104,"Get Admission Location Info",3072,3072,-,0,0.27,4,84,210,631,1313,2823,173,245
2026-09-12T03:48:36.036983104,"Get Admission Info",3072,3072,-,0,0.27,22,574,1143,2192,4696,8890,806,909
2026-09-12T03:48:36.036983104,"Get Inpatient Request",3072,3072,-,0,0.27,13,809,3031,26338,33755,38975,4438,8138
2026-09-12T03:48:36.036983104,"Get Orders of admitted patient by Activated Date",11583,11583,-,0,1.02,4,149,377,930,1539,5575,269,316
2026-09-12T03:48:36.036983104,"Get Patients",3728,3728,-,0,0.33,14,4077,9031,14076,17179,21965,5368,4795
2026-09-12T03:48:36.036983104,"Submit Visit Form",9695,9659,36,0.37,0.86,6,181,435,950,1807,3528,314,360
2026-09-12T03:48:36.036983104,"Get Locations That Support Visits",4713,4713,-,0,0.42,3,76,184,499,1627,2728,142,197
2026-09-12T03:48:36.036983104,"Get Beds for Patient",3072,3072,-,0,0.27,3,57,151,461,1037,2637,125,195
2026-09-12T03:48:36.036983104,"Save Ward Encounter",7680,7680,-,0,0.68,10,404,1048,2999,4529,8906,783,980
2026-09-12T03:48:36.036983104,"Get Order Types",2380,2380,-,0,0.21,2,42,121,477,901,4123,107,199
2026-09-12T03:48:36.036983104,"Save Vitals",2887,2887,-,0,0.25,51,2013,3766,5825,7370,10196,2362,1928
2026-09-12T03:48:36.036983104,"Get Vitals concept reference ranges",3072,3072,-,0,0.27,14,365,791,1631,2405,5592,555,585
2026-09-12T03:48:36.036983104,"Get Specific Visit Details",11412,11412,-,0,1.01,4,127,315,743,1426,4503,230,297
2026-09-12T03:48:36.036983104,"Get Transfer Locations configuration data",3072,3072,-,0,0.27,52,1641,3743,6452,8375,14761,2322,2136
2026-09-12T03:48:36.036983104,"Get Transferable locations",3072,3072,-,0,0.27,28,370,645,1053,1488,3098,445,343
2026-09-12T03:48:36.036983104,"Search for Drug",4760,4760,-,0,0.42,2,43,139,514,817,3067,118,196
2026-09-12T03:48:36.036983104,"Save Drug Order",2380,2380,-,0,0.21,31,804,1573,2773,3921,7292,1051,906
2026-09-12T03:48:36.036983104,"Get Allergies of Patient",2887,2887,-,0,0.25,2,342,921,1989,2968,6461,619,704
2026-09-12T03:48:36.036983104,"Get Drug Allergens",2887,2887,-,0,0.25,22,482,681,1068,1614,3663,513,343
2026-09-12T03:48:36.036983104,"Get Environment Allergens",2887,2887,-,0,0.25,18,395,576,990,1529,4484,432,312
2026-09-12T03:48:36.036983104,"Get Food Allergens",2887,2887,-,0,0.25,9,217,368,724,1355,5130,278,259
2026-09-12T03:48:36.036983104,"Get Allergic Reactions Allergens",2887,2887,-,0,0.25,12,283,452,886,1298,2820,342,279
2026-09-12T03:48:36.036983104,"Get all patient lists",11756,11756,-,0,1.04,3,558,1131,1778,2369,6168,697,605
2026-09-12T03:48:36.036983104,"Get All Form Encounters",1200,1200,-,0,0.11,4,586,1117,1927,2642,4730,742,646
2026-09-12T03:48:36.036983104,"Get Person Attribute Type",4435,4435,-,0,0.39,2,49,131,455,946,2726,113,179
2026-09-12T03:48:36.036983104,"Get All Appointment Services(full)",2955,2955,-,0,0.26,3,60,149,430,997,3054,120,186
2026-09-12T03:48:36.036983104,"Get Ordered Address Hierarchy Levels",4435,4435,-,0,0.39,1,20,43,238,2137,3316,47,114
2026-09-12T03:48:36.036983104,"Get all appointments for a specific day",1970,1970,-,0,0.17,2,37,120,427,1194,2420,90,148
2026-09-12T03:48:36.036983104,"Get All Forms",1200,1200,-,0,0.11,7,298,610,1300,2340,2883,434,452
2026-09-12T03:48:36.036983104,"Get all appointment summaries",1970,1970,-,0,0.17,7,152,358,753,1343,3359,248,266
2026-09-12T03:48:36.036983104,"Get medication request encounters",7140,7140,-,0,0.63,42,6397,12875,21936,28938,38105,8064,7348
2026-09-12T03:48:36.036983104,"Get Appointment By Status",7880,7880,-,0,0.7,2,41,119,332,628,4675,94,149
2026-09-12T03:48:36.036983104,"Get all default appointment services",1970,1970,-,0,0.17,3,57,147,509,725,1987,120,176
2026-09-12T03:48:36.036983104,"Get the details of a orderType",2387,2387,-,0,0.21,2,52,164,544,977,3774,131,226
2026-09-12T03:48:36.036983104,"Get all visits of the given location with date",1970,1970,-,0,0.17,15,2573,4642,7204,9028,13841,2986,2345
2026-09-12T03:48:36.036983104,"Get all Lab order details",2387,2387,-,0,0.21,11,262,387,806,1328,3869,305,280
2026-09-12T03:48:36.036983104,"Add a lab order",2387,2387,-,0,0.21,18,504,1090,2066,3187,5947,727,708
2026-09-12T03:48:36.036983104,"Get patient age",47667,47667,-,0,4.21,2,58,136,467,3130,5300,117,177
2026-09-12T03:48:36.036983104,"Get patient identification photo",191630,191630,-,0,16.92,3,77,213,631,861,4830,162,231
2026-09-12T03:48:36.036983104,"Get Person Attributes",2100,2100,-,0,0.19,2,57,130,434,942,2348,112,164
2026-09-12T03:48:36.036983104,"Get Patient Identifiers",2100,2100,-,0,0.19,3,72,182,468,933,1603,141,181
2026-09-12T03:48:36.036983104,"Get Relationships of Person",2100,2100,-,0,0.19,3,76,195,552,1146,1969,155,215
2026-09-12T03:48:36.036983104,"Create a patient list",2939,2939,-,0,0.26,5,189,434,934,1732,4465,303,336
2026-09-12T03:48:36.036983104,"Get queue entry number",1205,1205,-,0,0.11,1,13,31,149,554,1384,35,84
2026-09-12T03:48:36.036983104,"Submit visit queue entry",1207,1205,2,0.17,0.11,18,465,1053,2026,3035,4936,690,685
2026-09-12T03:48:36.036983104,"Get All Providers",5745,5745,-,0,0.51,4,129,391,970,1806,4918,280,361
2026-09-12T03:48:36.036983104,"Get Patient Allergy Intolerance",2380,2380,-,0,0.21,1,277,845,1902,2848,5840,553,673
2026-09-12T03:48:36.036983104,"Get Specific Medication Requests",9520,9520,-,0,0.84,22,788,1772,3701,5311,10980,1209,1233
2026-09-12T03:48:36.036983104,"Get Encounter With Visit and Diagnoses",2380,2380,-,0,0.21,5,101,255,670,995,2467,188,229
2026-09-12T03:48:36.036983104,"Save an Allergy",2887,2887,-,0,0.25,12,380,780,1527,2198,4861,530,518
2026-09-12T03:48:36.036983104,"Get Clinical Form by UUID",1200,1200,-,0,0.11,7,169,324,674,1073,1948,243,233
2026-09-12T03:48:36.036983104,"Get Encounter Roles",1200,1200,-,0,0.11,2,51,138,508,901,1895,119,184
2026-09-12T03:48:36.036983104,"Get Latest FHIR Encounter",1200,1200,-,0,0.11,2,206,443,974,1738,4013,315,350
2026-09-12T03:48:36.036983104,"Get Encounter By UUID",1072,1072,-,0,0.09,9,257,487,1060,1684,3267,359,354
2026-09-12T03:48:36.036983104,"Get all active Lab orders",7161,7161,-,0,0.63,4,912,2478,4761,6393,10724,1545,1656
2026-09-12T03:48:36.036983104,"Get Lab Orders by full filler status",21483,21483,-,0,1.9,3,482,2810,14064,17495,25392,2644,4382
2026-09-12T03:48:36.036983104,"Get patient list details",2939,2939,-,0,0.26,3,84,213,575,1106,3137,167,234
2026-09-12T03:48:36.036983104,"Fetch members of patient list",2939,2939,-,0,0.26,3,80,214,603,1118,3099,163,221
2026-09-12T03:48:36.036983104,"Get service concept set",1207,1207,-,0,0.11,3,49,145,465,1298,2284,119,199
2026-09-12T03:48:36.036983104,"Get Concept",41729,41729,-,0,3.68,5,189,354,738,1240,4652,266,265
2026-09-12T03:48:36.036983104,"Submit new Service queue",1207,1207,-,0,0.11,9,202,563,1347,2052,4675,377,445
2026-09-12T03:48:36.036983104,"Get Order Entry Config",2380,2380,-,0,0.21,22,580,862,1500,2524,3625,635,475
2026-09-12T03:48:36.036983104,"Get ValueSet by UUID",7140,7140,-,0,0.63,8,426,1029,2572,3956,7821,734,844
2026-09-12T03:48:36.036983104,"Get Medication Request by UUID",7140,7140,-,0,0.63,17,447,1069,2066,3832,6532,702,719
2026-09-12T03:48:36.036983104,"Get Medication by UUID",2380,2380,-,0,0.21,2,33,69,255,797,2140,72,137
2026-09-12T03:48:36.036983104,"Search Medication by Code",2380,2380,-,0,0.21,5,95,174,438,995,2003,143,166
2026-09-12T03:48:36.036983104,"Get Locations Search Set",1536,1536,-,0,0.14,4,71,194,546,1099,2072,152,208
2026-09-12T03:48:36.036983104,"Change the session location",1536,1536,-,0,0.14,3,85,274,712,1704,3914,197,289
2026-09-12T03:48:36.036983104,"Edit patient details",2100,2100,-,0,0.19,12,301,574,1236,2130,3849,425,416
2026-09-12T03:48:36.036983104,"Check Appointment Conflicts",985,985,-,0,0.09,5,124,303,689,1517,2766,225,287
2026-09-12T03:48:36.036983104,"Create Appointment",985,985,-,0,0.09,11,211,392,821,1149,1882,287,258
2026-09-12T03:48:36.036983104,"Submit transition request",1207,1140,67,5.55,0.11,10,233,532,1156,1884,3183,370,398
2026-09-12T03:48:36.036983104,"End Visit",9659,9524,135,1.4,0.85,8,363,737,1543,2380,6580,517,512
2026-09-12T03:48:36.036983104,"Generate OMRS Identifier",2335,2335,-,0,0.21,7,175,365,806,1521,3514,274,295
2026-09-12T03:48:36.036983104,"Send Patient Registration Request",2335,2335,-,0,0.21,22,730,1146,2007,2955,5457,849,616
2026-09-12T03:48:36.036983104,"Save a clinical form",1200,1200,-,0,0.11,25,865,1708,2884,3825,6300,1100,931
2026-09-12T03:48:36.036983104,"Update full filler status",4774,4774,-,0,0.42,6,152,303,772,956,3047,222,236
2026-09-12T03:48:36.036983104,"Get patient admission note",14540,14540,-,0,1.28,3,157,332,725,1296,3375,245,273
2026-09-12T03:48:36.036983104,"Dispense medication form submission",2380,2380,-,0,0.21,29,847,2063,3699,5100,8781,1275,1232
2026-09-12T03:48:36.036983104,"Submit Appointment StatusChange",1970,1970,-,0,0.17,8,197,426,960,1730,3120,314,358
2026-09-12T03:48:36.036983104,"Get Patient Encounters",1200,1200,-,0,0.11,12,4955,8294,11994,14657,17067,5296,3918
2026-09-12T03:48:36.036983104,"Get Lab Results of Patient",2400,2400,-,0,0.21,2,676,1406,3726,6339,11283,1076,1282
2026-09-12T03:48:36.036983104,"Get specific encounter details",2387,2387,-,0,0.21,5,109,288,772,1264,2697,205,258
2026-09-12T03:48:36.036983104,"Get Alkaline concept details",2387,2387,-,0,0.21,3,65,164,569,1169,3827,140,220
2026-09-12T03:48:36.036983104,"Update the specific encounter",2387,2387,-,0,0.21,20,511,1046,1942,2829,4841,688,624
2026-09-12T03:48:36.036983104,"Update the Lab Order Completion",2387,2387,-,0,0.21,16,421,874,1639,2665,5843,588,562
2026-09-12T03:48:36.036983104,"Get Visits With Diagnoses and Notes (new endpoint)",1200,1200,-,0,0.11,10,496,916,1660,2978,3846,626,571
2026-09-12T03:48:36.036983104,"Close medication",2380,2380,-,0,0.21,13,285,732,1385,2123,3544,478,505
2026-09-12T03:48:36.036983104,"Discontinue the drug order",2380,2380,-,0,0.21,20,486,970,1845,2907,5068,662,636
2026-09-12T03:48:36.036983104,"Get Drug Orders except the cancelled and expired",1200,1200,-,0,0.11,6,1037,2151,4174,5738,7420,1421,1364
2026-09-12T03:48:36.036983104,"Get Drug Orders except the discontinued orders",1200,1200,-,0,0.11,5,1000,2137,4083,5424,8920,1398,1336
2026-09-12T03:48:36.036983104,"Get Observation Tree Details",3600,3600,-,0,0.32,5,788,2976,7735,10207,15315,1973,2513
2026-09-12T03:48:36.036983104,"Search for Condition",2400,2400,-,0,0.21,12,297,462,869,1576,4624,359,312
2026-09-12T03:48:36.036983104,"Save Conditions",1200,1200,-,0,0.11,7,178,412,915,1757,3452,297,345
2026-09-12T03:48:36.036983104,"Get Immunizations of Patient",3600,3600,-,0,0.32,2,201,1481,4639,7420,12198,1052,1645
2026-09-12T03:48:36.036983104,"Get all immunizations",1200,1200,-,0,0.11,8,200,366,789,1647,3030,284,299
2026-09-12T03:48:36.036983104,"Submit Patient immunization",1200,1194,6,0.5,0.11,15,1749,3250,5080,6323,9909,2066,1657
2026-09-12T03:48:36.036983104,"Get Attachments of Patient",2400,2400,-,0,0.21,6,214,423,878,1364,2647,302,301
2026-09-12T03:48:36.036983104,"Get Allowed File Extensions",1200,1200,-,0,0.11,2,55,145,443,1002,2409,125,189
2026-09-12T03:48:36.036983104,"Get Programs",2400,2400,-,0,0.21,8,248,436,803,1245,3251,315,286
2026-09-12T03:48:36.036983104,"Add new program to patient",1200,1200,-,0,0.11,8,258,542,1104,2181,4907,382,435
2026-09-12T03:48:36.036983104,"Complete the program",1200,1200,-,0,0.11,8,248,503,1006,1651,4237,357,372
2026-09-12T03:48:36.036983104,"Upload Attachment Request",1200,1196,4,0.33,0.11,457,2673,7051,13146,20746,27137,4708,4362
2026-09-12T03:48:36.036983104,"Save Visit Note",1200,1200,-,0,0.11,16,548,1131,2240,3529,5626,763,731
2026-09-12T03:48:36.036983104,"Save Patient Diagnosis",2400,2400,-,0,0.21,6,192,428,951,1519,4411,304,345
2026-09-11T03:48:58.261477823,"Login",20386,20386,-,0,1.8,5,123,287,721,1575,5720,221,278
2026-09-11T03:48:58.261477823,"Get locations",23171,23171,-,0,2.05,27,489,685,1111,1744,4731,523,348
2026-09-11T03:48:58.261477823,"Select Location",20386,20386,-,0,1.8,2,65,203,617,1263,4033,159,242
2026-09-11T03:48:58.261477823,"Get Address Template",24937,24937,-,0,2.2,1,26,80,240,691,2782,73,141
2026-09-11T03:48:58.261477823,"Get Relationship Types",24937,24937,-,0,2.2,2,49,134,411,1667,3950,112,186
2026-09-11T03:48:58.261477823,"Get Appointments for Specific Date",20386,20386,-,0,1.8,2,41,130,335,781,2937,94,140
2026-09-11T03:48:58.261477823,"Get Module Information",27367,27367,-,0,2.42,1,32,79,282,971,4727,74,147
2026-09-11T03:48:58.261477823,"Get Patient Identifier Types",24937,24937,-,0,2.2,2,49,136,375,1672,3273,109,174
2026-09-11T03:48:58.261477823,"Get Primary Identifier Term Mapping",43714,43714,-,0,3.86,3,78,199,616,2611,5224,155,219
2026-09-11T03:48:58.261477823,"Get Identifier Source",45323,45323,-,0,4,2,65,163,456,968,4025,139,207
2026-09-11T03:48:58.261477823,"Get Locations by Tag and Query",28827,28827,-,0,2.55,3,97,247,634,1147,5690,183,240
2026-09-11T03:48:58.261477823,"Get Visits",21387,21387,-,0,1.89,8,1412,3043,5197,6231,10461,1864,1725
2026-09-11T03:48:58.261477823,"Get Auto Generation Options",24937,24937,-,0,2.2,5,178,457,1099,1470,4278,313,367
2026-09-11T03:48:58.261477823,"Get Queue Entry",25101,25101,-,0,2.22,3,1852,3255,7160,13957,17256,2548,2571
2026-09-11T03:48:58.261477823,"Get Visit Types",10871,10871,-,0,0.96,2,41,109,510,614,3294,102,175
2026-09-11T03:48:58.261477823,"Get Current Visit of Patient",19442,19442,-,0,1.72,4,2727,6171,13228,18523,42049,4188,4330
2026-09-11T03:48:58.261477823,"Get Visits of Patient",20664,20664,-,0,1.82,3,1328,2498,4402,5878,12589,1670,1428
2026-09-11T03:48:58.261477823,"Get Program Enrollments of Patient",13536,13536,-,0,1.2,3,174,362,843,974,3486,253,277
2026-09-11T03:48:58.261477823,"Get Visit Queue Entry",19628,19628,-,0,1.73,2,68,185,520,963,3890,143,203
2026-09-11T03:48:58.261477823,"Get Appointments of a Patient",11092,11092,-,0,0.98,2,35,88,311,854,2879,84,150
2026-09-11T03:48:58.261477823,"Get Patient Summary Data",21602,21602,-,0,1.91,3,85,181,489,1070,3259,144,193
2026-09-11T03:48:58.261477823,"Get Active Visits of Patient",219778,219778,-,0,19.41,2,67,199,592,2667,5730,143,215
2026-09-11T03:48:58.261477823,"Get isVisitsEnabled",14270,14270,-,0,1.26,2,54,166,519,847,3223,131,199
2026-09-11T03:48:58.261477823,"Get the status of patient death",206639,206639,-,0,18.25,2,45,129,457,2244,5012,100,163
2026-09-11T03:48:58.261477823,"Get all the constraints on the vital concepts",14270,14270,-,0,1.26,3,85,191,544,2256,4026,157,216
2026-09-11T03:48:58.261477823,"Get Patient Observations",42440,42440,-,0,3.75,1,893,2825,7268,9717,16463,1875,2344
2026-09-11T03:48:58.261477823,"Get Patient Conditions",16004,16004,-,0,1.41,2,577,2072,7019,12400,22244,1648,2537
2026-09-11T03:48:58.261477823,"Get Active Orders",13560,13560,-,0,1.2,4,411,1281,3262,4800,10961,909,1184
2026-09-11T03:48:58.261477823,"Get Admission Location Info",3126,3126,-,0,0.28,4,84,217,643,984,2594,167,227
2026-09-11T03:48:58.261477823,"Get Admission Info",3126,3126,-,0,0.28,22,530,1084,2283,5295,9527,787,909
2026-09-11T03:48:58.261477823,"Get Inpatient Request",3126,3126,-,0,0.28,14,827,2729,24062,31656,39977,4277,7715
2026-09-11T03:48:58.261477823,"Get Orders of admitted patient by Activated Date",11752,11752,-,0,1.04,4,159,424,975,1277,3429,279,324
2026-09-11T03:48:58.261477823,"Get Patients",3802,3802,-,0,0.34,17,3937,8614,14074,16676,20823,5238,4662
2026-09-11T03:48:58.261477823,"Submit Visit Form",9870,9830,40,0.41,0.87,7,192,429,975,1935,5341,309,361
2026-09-11T03:48:58.261477823,"Get Locations That Support Visits",4803,4803,-,0,0.42,4,75,176,554,881,2170,142,190
2026-09-11T03:48:58.261477823,"Get Beds for Patient",3126,3126,-,0,0.28,3,59,153,466,986,2760,125,185
2026-09-11T03:48:58.261477823,"Save Ward Encounter",7815,7815,-,0,0.69,10,398,1021,2787,4371,7351,760,939
2026-09-11T03:48:58.261477823,"Get Order Types",2416,2416,-,0,0.21,2,44,124,557,762,2962,111,211
2026-09-11T03:48:58.261477823,"Save Vitals",2941,2941,-,0,0.26,54,1932,3663,5748,7175,10632,2312,1870
2026-09-11T03:48:58.261477823,"Get Vitals concept reference ranges",3126,3126,-,0,0.28,14,366,839,1725,2919,5771,556,605
2026-09-11T03:48:58.261477823,"Get Specific Visit Details",11616,11616,-,0,1.03,4,126,316,723,2090,3910,225,286
2026-09-11T03:48:58.261477823,"Get Transfer Locations configuration data",3126,3126,-,0,0.28,53,1595,3653,6375,7926,11862,2262,2083
2026-09-11T03:48:58.261477823,"Search for Drug",4832,4832,-,0,0.43,2,44,136,405,974,3002,114,185
2026-09-11T03:48:58.261477823,"Save Drug Order",2416,2416,-,0,0.21,30,797,1524,2566,3677,7700,1019,885
2026-09-11T03:48:58.261477823,"Get Transferable locations",3126,3126,-,0,0.28,30,375,656,1073,1582,3056,452,349
2026-09-11T03:48:58.261477823,"Get Allergies of Patient",2941,2941,-,0,0.26,2,344,919,2040,3058,6953,612,699
2026-09-11T03:48:58.261477823,"Get Drug Allergens",2941,2941,-,0,0.26,22,476,642,1061,1644,2978,499,320
2026-09-11T03:48:58.261477823,"Get Environment Allergens",2941,2941,-,0,0.26,18,396,553,1010,1681,2621,435,308
2026-09-11T03:48:58.261477823,"Get Food Allergens",2941,2941,-,0,0.26,10,209,352,823,1467,3739,283,284
2026-09-11T03:48:58.261477823,"Get Allergic Reactions Allergens",2941,2941,-,0,0.26,12,279,431,882,1313,3906,335,284
2026-09-11T03:48:58.261477823,"Get medication request encounters",7248,7248,-,0,0.64,44,6076,12697,20784,26725,39787,7853,7033
2026-09-11T03:48:58.261477823,"Get All Appointment Services(full)",3003,3003,-,0,0.27,3,62,144,401,1029,2408,122,183
2026-09-11T03:48:58.261477823,"Get all patient lists",12096,12096,-,0,1.07,3,547,1107,1743,2333,5526,685,587
2026-09-11T03:48:58.261477823,"Get all appointments for a specific day",2002,2002,-,0,0.18,2,38,115,340,645,2019,87,134
2026-09-11T03:48:58.261477823,"Get all appointment summaries",2002,2002,-,0,0.18,7,165,379,769,1346,3259,260,275
2026-09-11T03:48:58.261477823,"Get Person Attribute Type",4551,4551,-,0,0.4,2,50,129,372,1127,2918,112,184
2026-09-11T03:48:58.261477823,"Get Appointment By Status",8008,8008,-,0,0.71,2,41,126,289,1565,2546,92,140
2026-09-11T03:48:58.261477823,"Get Ordered Address Hierarchy Levels",4551,4551,-,0,0.4,1,20,46,180,662,1346,44,83
2026-09-11T03:48:58.261477823,"Get all default appointment services",2002,2002,-,0,0.18,3,58,142,413,1216,2498,122,201
2026-09-11T03:48:58.261477823,"Get all visits of the given location with date",2002,2002,-,0,0.18,17,2442,4336,7209,9509,13128,2929,2313
2026-09-11T03:48:58.261477823,"Get patient age",48061,48061,-,0,4.24,2,58,136,423,892,4442,116,174
2026-09-11T03:48:58.261477823,"Get the details of a orderType",2430,2430,-,0,0.21,2,49,139,449,1369,2857,118,188
2026-09-11T03:48:58.261477823,"Get all Lab order details",2430,2430,-,0,0.21,12,262,382,721,1268,3724,298,244
2026-09-11T03:48:58.261477823,"Add a lab order",2430,2430,-,0,0.21,18,492,1011,2046,3037,5253,706,698
2026-09-11T03:48:58.261477823,"Get All Form Encounters",1222,1222,-,0,0.11,4,578,1120,1934,2655,4983,741,636
2026-09-11T03:48:58.261477823,"Get All Forms",1222,1222,-,0,0.11,8,283,603,1217,1860,4361,417,425
2026-09-11T03:48:58.261477823,"Get patient identification photo",195495,195495,-,0,17.26,3,79,208,534,1026,6874,160,228
2026-09-11T03:48:58.261477823,"Get Person Attributes",2165,2165,-,0,0.19,2,56,133,412,922,2894,114,173
2026-09-11T03:48:58.261477823,"Get Patient Identifiers",2165,2165,-,0,0.19,3,71,180,541,830,2116,146,202
2026-09-11T03:48:58.261477823,"Get Relationships of Person",2165,2165,-,0,0.19,3,75,186,521,1209,2513,153,221
2026-09-11T03:48:58.261477823,"Create a patient list",3024,3024,-,0,0.27,6,193,418,857,1297,4295,292,317
2026-09-11T03:48:58.261477823,"Get Patient Allergy Intolerance",2416,2416,-,0,0.21,1,283,817,1948,3072,6075,542,668
2026-09-11T03:48:58.261477823,"Get Specific Medication Requests",9664,9664,-,0,0.85,22,762,1760,3653,4935,9324,1182,1209
2026-09-11T03:48:58.261477823,"Get queue entry number",1236,1236,-,0,0.11,1,13,30,128,686,1381,33,79
2026-09-11T03:48:58.261477823,"Submit visit queue entry",1238,1236,2,0.16,0.11,19,450,1017,1990,2996,7497,666,672
2026-09-11T03:48:58.261477823,"Get All Providers",5833,5833,-,0,0.52,4,134,393,911,2582,4292,266,345
2026-09-11T03:48:58.261477823,"Get Encounter With Visit and Diagnoses",2416,2416,-,0,0.21,5,101,238,564,1185,2902,178,224
2026-09-11T03:48:58.261477823,"Save an Allergy",2941,2941,-,0,0.26,12,363,729,1300,2518,4909,494,479
2026-09-11T03:48:58.261477823,"Get all active Lab orders",7290,7290,-,0,0.64,6,937,2472,4943,6934,10967,1547,1652
2026-09-11T03:48:58.261477823,"Get Lab Orders by full filler status",21870,21870,-,0,1.93,3,479,2880,12650,17044,25920,2584,4285
2026-09-11T03:48:58.261477823,"Get Clinical Form by UUID",1222,1222,-,0,0.11,8,162,308,665,1040,2215,231,226
2026-09-11T03:48:58.261477823,"Get Encounter Roles",1222,1222,-,0,0.11,2,49,126,379,882,2213,108,165
2026-09-11T03:48:58.261477823,"Get Latest FHIR Encounter",1222,1222,-,0,0.11,2,190,400,870,1321,2542,283,297
2026-09-11T03:48:58.261477823,"Get Encounter By UUID",1096,1096,-,0,0.1,9,252,462,908,1891,3101,337,336
2026-09-11T03:48:58.261477823,"Get patient list details",3024,3024,-,0,0.27,3,81,216,571,991,3446,169,245
2026-09-11T03:48:58.261477823,"Fetch members of patient list",3024,3024,-,0,0.27,3,83,212,550,1122,2846,163,221
2026-09-11T03:48:58.261477823,"Get service concept set",1238,1238,-,0,0.11,3,50,141,522,1007,2595,125,207
2026-09-11T03:48:58.261477823,"Get Concept",41192,41192,-,0,3.64,5,184,335,775,1257,3853,255,263
2026-09-11T03:48:58.261477823,"Submit new Service queue",1238,1238,-,0,0.11,9,212,514,1190,2107,3504,355,414
2026-09-11T03:48:58.261477823,"Get Order Entry Config",2416,2416,-,0,0.21,24,572,830,1512,2598,5228,630,488
2026-09-11T03:48:58.261477823,"Get ValueSet by UUID",7248,7248,-,0,0.64,8,409,1027,2508,3643,7477,727,851
2026-09-11T03:48:58.261477823,"Get Medication Request by UUID",7248,7248,-,0,0.64,17,443,1045,2121,2976,6065,686,700
2026-09-11T03:48:58.261477823,"Get Medication by UUID",2416,2416,-,0,0.21,2,32,73,352,1368,2182,74,147
2026-09-11T03:48:58.261477823,"Search Medication by Code",2416,2416,-,0,0.21,5,89,162,480,901,1823,137,164
2026-09-11T03:48:58.261477823,"Get Locations Search Set",1563,1563,-,0,0.14,4,65,184,542,1171,2387,149,224
2026-09-11T03:48:58.261477823,"Change the session location",1563,1563,-,0,0.14,4,83,240,649,1218,2888,185,248
2026-09-11T03:48:58.261477823,"Edit patient details",2165,2165,-,0,0.19,11,289,544,1176,1987,5042,403,395
2026-09-11T03:48:58.261477823,"Check Appointment Conflicts",1001,1001,-,0,0.09,6,124,291,613,1178,2111,201,227
2026-09-11T03:48:58.261477823,"Create Appointment",1001,1001,-,0,0.09,10,201,379,782,1251,2767,276,266
2026-09-11T03:48:58.261477823,"Submit transition request",1238,1172,66,5.33,0.11,10,248,569,1123,2020,3996,383,414
2026-09-11T03:48:58.261477823,"End Visit",9830,9711,119,1.21,0.87,8,351,714,1525,2183,5253,500,493
2026-09-11T03:48:58.261477823,"Generate OMRS Identifier",2386,2386,-,0,0.21,7,171,350,830,1481,2826,265,288
2026-09-11T03:48:58.261477823,"Send Patient Registration Request",2386,2386,-,0,0.21,21,744,1162,2081,3226,5949,870,658
2026-09-11T03:48:58.261477823,"Update full filler status",4860,4860,-,0,0.43,6,141,282,728,985,3053,212,232
2026-09-11T03:48:58.261477823,"Get patient admission note",14548,14548,-,0,1.28,4,157,300,731,1385,3866,238,272
2026-09-11T03:48:58.261477823,"Save a clinical form",1222,1222,-,0,0.11,24,853,1603,2767,3830,7017,1059,910
2026-09-11T03:48:58.261477823,"Dispense medication form submission",2416,2416,-,0,0.21,29,839,1873,3411,4529,6545,1201,1133
2026-09-11T03:48:58.261477823,"Submit Appointment StatusChange",2002,2002,-,0,0.18,7,184,414,939,1357,3434,290,319
2026-09-11T03:48:58.261477823,"Get Patient Encounters",1222,1222,-,0,0.11,13,4867,8097,11748,13818,16494,5129,3835
2026-09-11T03:48:58.261477823,"Get Lab Results of Patient",2444,2444,-,0,0.22,2,639,1338,3295,6010,9921,1008,1171
2026-09-11T03:48:58.261477823,"Get specific encounter details",2430,2430,-,0,0.21,6,108,262,618,1367,4088,195,245
2026-09-11T03:48:58.261477823,"Get Alkaline concept details",2430,2430,-,0,0.21,3,64,161,500,1141,2356,135,197
2026-09-11T03:48:58.261477823,"Update the specific encounter",2430,2430,-,0,0.21,20,504,1006,1828,2763,5017,686,626
2026-09-11T03:48:58.261477823,"Update the Lab Order Completion",2430,2430,-,0,0.21,17,404,829,1617,2898,4909,580,580
2026-09-11T03:48:58.261477823,"Get Visits With Diagnoses and Notes (new endpoint)",1222,1222,-,0,0.11,11,477,868,1505,2626,4302,593,535
2026-09-11T03:48:58.261477823,"Close medication",2416,2416,-,0,0.21,13,281,651,1407,2207,4470,455,501
2026-09-11T03:48:58.261477823,"Discontinue the drug order",2416,2416,-,0,0.21,20,472,937,1778,2763,6573,650,618
2026-09-11T03:48:58.261477823,"Get Drug Orders except the cancelled and expired",1222,1222,-,0,0.11,6,940,2008,3933,5734,9969,1347,1327
2026-09-11T03:48:58.261477823,"Get Drug Orders except the discontinued orders",1222,1222,-,0,0.11,5,922,1954,3835,5165,6784,1305,1258
2026-09-11T03:48:58.261477823,"Get Observation Tree Details",3666,3666,-,0,0.32,5,731,2880,7422,9871,15234,1911,2459
2026-09-11T03:48:58.261477823,"Search for Condition",2444,2444,-,0,0.22,13,291,421,867,1511,3614,343,290
2026-09-11T03:48:58.261477823,"Save Conditions",1222,1222,-,0,0.11,6,170,376,869,1796,2953,278,325
2026-09-11T03:48:58.261477823,"Get Immunizations of Patient",3666,3666,-,0,0.32,2,192,1408,4856,7604,12301,1052,1675
2026-09-11T03:48:58.261477823,"Get all immunizations",1222,1222,-,0,0.11,8,194,340,779,1347,2494,268,269
2026-09-11T03:48:58.261477823,"Submit Patient immunization",1222,1216,6,0.49,0.11,45,1671,3020,5040,6623,10302,1974,1640
2026-09-11T03:48:58.261477823,"Get Attachments of Patient",2444,2444,-,0,0.22,6,210,409,924,1478,2531,303,307
2026-09-11T03:48:58.261477823,"Get Allowed File Extensions",1222,1222,-,0,0.11,2,53,140,500,1080,1851,119,190
2026-09-11T03:48:58.261477823,"Get Programs",2444,2444,-,0,0.22,8,243,432,774,1554,3575,310,289
2026-09-11T03:48:58.261477823,"Add new program to patient",1222,1222,-,0,0.11,8,239,521,1126,1978,4084,366,393
2026-09-11T03:48:58.261477823,"Complete the program",1222,1222,-,0,0.11,8,227,483,1065,1911,3516,348,384
2026-09-11T03:48:58.261477823,"Upload Attachment Request",1222,1213,9,0.74,0.11,182,2908,6862,13164,17682,23695,4651,4086
2026-09-11T03:48:58.261477823,"Save Visit Note",1222,1222,-,0,0.11,16,546,1156,2119,3161,5327,760,715
2026-09-11T03:48:58.261477823,"Save Patient Diagnosis",2444,2444,-,0,0.22,6,183,404,946,1797,3749,295,345
2026-09-09T03:50:25.215672953,"Login",21276,21276,-,0,1.88,4,104,258,696,1491,4823,203,275
2026-09-09T03:50:25.215672953,"Get locations",24195,24195,-,0,2.14,24,434,633,1112,1910,4858,480,356
2026-09-09T03:50:25.215672953,"Select Location",21276,21276,-,0,1.88,2,50,176,655,2494,3412,142,236
2026-09-09T03:50:25.215672953,"Get Address Template",25973,25973,-,0,2.29,1,22,60,338,1820,2627,64,135
2026-09-09T03:50:25.215672953,"Get Relationship Types",25973,25973,-,0,2.29,2,40,100,380,1033,3495,99,182
2026-09-09T03:50:25.215672953,"Get Appointments for Specific Date",21276,21276,-,0,1.88,2,33,101,316,872,4648,84,150
2026-09-09T03:50:25.215672953,"Get Module Information",28519,28519,-,0,2.52,1,28,65,230,833,2782,69,143
2026-09-09T03:50:25.215672953,"Get Patient Identifier Types",25973,25973,-,0,2.29,2,41,104,362,973,2473,98,173
2026-09-09T03:50:25.215672953,"Get Primary Identifier Term Mapping",45637,45637,-,0,4.03,2,70,173,551,2507,5981,145,227
2026-09-09T03:50:25.215672953,"Get Identifier Source",47249,47249,-,0,4.17,2,53,156,505,1495,3969,130,221
2026-09-09T03:50:25.215672953,"Get Locations by Tag and Query",30180,30180,-,0,2.67,3,73,213,568,2407,3611,166,249
2026-09-09T03:50:25.215672953,"Get Visits",22327,22327,-,0,1.97,8,1222,2734,5083,6345,11301,1700,1654
2026-09-09T03:50:25.215672953,"Get Auto Generation Options",25973,25973,-,0,2.29,5,126,397,966,1930,5588,280,370
2026-09-09T03:50:25.215672953,"Get Queue Entry",26299,26299,-,0,2.32,2,2062,3331,6054,9015,18756,2394,1972
2026-09-09T03:50:25.215672953,"Get Visit Types",11450,11450,-,0,1.01,2,36,101,354,1070,3379,97,184
2026-09-09T03:50:25.215672953,"Get Current Visit of Patient",20392,20392,-,0,1.8,3,2335,5669,12171,17748,43904,3803,4090
2026-09-09T03:50:25.215672953,"Get Visits of Patient",21643,21643,-,0,1.91,3,1114,2321,4171,5810,10445,1518,1377
2026-09-09T03:50:25.215672953,"Get Program Enrollments of Patient",14152,14152,-,0,1.25,2,145,324,767,1743,4130,236,280
2026-09-09T03:50:25.215672953,"Get Visit Queue Entry",20469,20469,-,0,1.81,2,52,167,446,2475,3978,132,217
2026-09-09T03:50:25.215672953,"Get Appointments of a Patient",11650,11650,-,0,1.03,2,30,74,328,816,3206,75,145
2026-09-09T03:50:25.215672953,"Get Patient Summary Data",22549,22549,-,0,1.99,3,75,157,565,2632,4537,136,208
2026-09-09T03:50:25.215672953,"Get Active Visits of Patient",233306,233306,-,0,20.61,2,55,175,602,2347,4253,132,220
2026-09-09T03:50:25.215672953,"Get isVisitsEnabled",14890,14890,-,0,1.32,2,45,126,636,804,3997,120,211
2026-09-09T03:50:25.215672953,"Get the status of patient death",219610,219610,-,0,19.4,1,39,100,485,2999,4614,92,167
2026-09-09T03:50:25.215672953,"Get all the constraints on the vital concepts",14890,14890,-,0,1.32,3,71,163,504,1169,3403,141,211
2026-09-09T03:50:25.215672953,"Get Patient Observations",44118,44118,-,0,3.9,1,798,2633,6586,9148,16733,1738,2216
2026-09-09T03:50:25.215672953,"Get Patient Conditions",16615,16615,-,0,1.47,2,517,1873,6729,11271,24969,1498,2325
2026-09-09T03:50:25.215672953,"Get Active Orders",14113,14113,-,0,1.25,4,366,1202,3107,4663,12046,869,1177
2026-09-09T03:50:25.215672953,"Get Admission Location Info",3336,3336,-,0,0.29,4,67,180,647,928,2090,150,226
2026-09-09T03:50:25.215672953,"Get Admission Info",3336,3336,-,0,0.29,21,440,1091,2477,5209,9456,795,1001
2026-09-09T03:50:25.215672953,"Get Inpatient Request",3336,3336,-,0,0.29,14,613,2295,20532,27731,38694,3210,6337
2026-09-09T03:50:25.215672953,"Get Orders of admitted patient by Activated Date",14907,14907,-,0,1.32,3,178,417,919,1777,4462,296,340
2026-09-09T03:50:25.215672953,"Get Patients",4043,4043,-,0,0.36,12,3609,8220,12995,16092,22247,4803,4394
2026-09-09T03:50:25.215672953,"Submit Visit Form",10399,10353,46,0.44,0.92,7,147,396,957,1915,4364,288,364
2026-09-09T03:50:25.215672953,"Get Locations That Support Visits",5094,5094,-,0,0.45,3,63,153,496,1217,3470,134,219
2026-09-09T03:50:25.215672953,"Get Beds for Patient",3336,3336,-,0,0.29,2,51,128,406,880,3021,115,194
2026-09-09T03:50:25.215672953,"Save Ward Encounter",8340,8340,-,0,0.74,9,341,914,2854,3885,8186,696,914
2026-09-09T03:50:25.215672953,"Get Order Types",2559,2559,-,0,0.23,2,37,88,367,908,2077,92,163
2026-09-09T03:50:25.215672953,"Save Vitals",3060,3060,-,0,0.27,47,1718,3267,5502,7264,10458,2093,1793
2026-09-09T03:50:25.215672953,"Search for Drug",5118,5118,-,0,0.45,1,38,111,406,1210,3306,109,213
2026-09-09T03:50:25.215672953,"Save Drug Order",2559,2559,-,0,0.23,28,721,1446,2827,4324,7084,995,948
2026-09-09T03:50:25.215672953,"Get Vitals concept reference ranges",3336,3336,-,0,0.29,13,280,702,1550,2521,4084,495,562
2026-09-09T03:50:25.215672953,"Get Specific Visit Details",12064,12064,-,0,1.07,4,101,259,790,1321,4642,207,294
2026-09-09T03:50:25.215672953,"Get Transfer Locations configuration data",3336,3336,-,0,0.29,48,1304,3299,5991,8261,11702,2068,2035
2026-09-09T03:50:25.215672953,"Get Transferable locations",3336,3336,-,0,0.29,28,371,628,1059,1577,4141,446,368
2026-09-09T03:50:25.215672953,"Get Allergies of Patient",3060,3060,-,0,0.27,1,314,835,1892,3062,6077,565,664
2026-09-09T03:50:25.215672953,"Get Drug Allergens",3060,3060,-,0,0.27,21,418,602,1065,1834,4755,461,348
2026-09-09T03:50:25.215672953,"Get Environment Allergens",3060,3060,-,0,0.27,18,346,491,908,1286,2857,379,282
2026-09-09T03:50:25.215672953,"Get Food Allergens",3060,3060,-,0,0.27,9,180,323,718,1274,2403,248,241
2026-09-09T03:50:25.215672953,"Get Allergic Reactions Allergens",3060,3060,-,0,0.27,12,248,404,833,1521,2724,308,279
2026-09-09T03:50:25.215672953,"Get All Form Encounters",1251,1251,-,0,0.11,4,498,1025,1833,2610,3500,673,608
2026-09-09T03:50:25.215672953,"Get All Forms",1251,1251,-,0,0.11,7,206,552,1328,2375,4678,384,464
2026-09-09T03:50:25.215672953,"Get medication request encounters",7677,7677,-,0,0.68,39,5049,11455,19033,24159,34478,6967,6442
2026-09-09T03:50:25.215672953,"Get patient age",50670,50670,-,0,4.48,2,48,116,553,751,3382,107,180
2026-09-09T03:50:25.215672953,"Get all patient lists",12480,12480,-,0,1.1,3,472,973,1626,2078,4771,610,553
2026-09-09T03:50:25.215672953,"Get the details of a orderType",2546,2546,-,0,0.22,2,41,124,412,1840,2876,114,212
2026-09-09T03:50:25.215672953,"Get all Lab order details",2546,2546,-,0,0.22,11,228,334,698,1408,3582,266,253
2026-09-09T03:50:25.215672953,"Get All Appointment Services(full)",3153,3153,-,0,0.28,3,49,122,449,1082,2277,111,186
2026-09-09T03:50:25.215672953,"Get all appointments for a specific day",2102,2102,-,0,0.19,2,30,89,320,798,2537,81,149
2026-09-09T03:50:25.215672953,"Get all appointment summaries",2102,2102,-,0,0.19,7,121,317,698,1206,3612,226,284
2026-09-09T03:50:25.215672953,"Get Person Attribute Type",4697,4697,-,0,0.41,2,43,106,388,1754,3064,103,193
2026-09-09T03:50:25.215672953,"Add a lab order",2546,2546,-,0,0.22,17,408,952,1876,3050,4978,639,648
2026-09-09T03:50:25.215672953,"Get Ordered Address Hierarchy Levels",4697,4697,-,0,0.41,1,18,36,205,1357,2172,43,101
2026-09-09T03:50:25.215672953,"Get Appointment By Status",8408,8408,-,0,0.74,2,33,93,408,1721,2422,83,150
2026-09-09T03:50:25.215672953,"Get all default appointment services",2102,2102,-,0,0.19,3,48,125,352,849,1652,103,153
2026-09-09T03:50:25.215672953,"Get all visits of the given location with date",2102,2102,-,0,0.19,15,2257,4239,7086,9152,14569,2766,2301
2026-09-09T03:50:25.215672953,"Get Patient Allergy Intolerance",2559,2559,-,0,0.23,1,246,749,1760,2600,5588,515,652
2026-09-09T03:50:25.215672953,"Get Specific Medication Requests",10236,10236,-,0,0.9,20,662,1569,3469,4815,9557,1071,1136
2026-09-09T03:50:25.215672953,"Get Encounter With Visit and Diagnoses",2559,2559,-,0,0.23,5,86,210,641,865,3162,167,227
2026-09-09T03:50:25.215672953,"Get All Providers",6169,6169,-,0,0.54,3,107,355,851,3654,5987,253,357
2026-09-09T03:50:25.215672953,"Get patient identification photo",208056,208056,-,0,18.38,3,64,177,520,1322,4989,146,231
2026-09-09T03:50:25.215672953,"Get Person Attributes",2251,2251,-,0,0.2,2,48,106,462,1030,2519,109,186
2026-09-09T03:50:25.215672953,"Get Patient Identifiers",2251,2251,-,0,0.2,3,63,164,535,1324,3773,141,235
2026-09-09T03:50:25.215672953,"Get Relationships of Person",2251,2251,-,0,0.2,3,62,163,468,1219,1994,131,188
2026-09-09T03:50:25.215672953,"Create a patient list",3120,3120,-,0,0.28,5,150,388,940,1785,3231,280,339
2026-09-09T03:50:25.215672953,"Get queue entry number",1316,1316,-,0,0.12,1,12,25,155,810,1156,30,73
2026-09-09T03:50:25.215672953,"Submit visit queue entry",1324,1316,8,0.6,0.12,12,345,945,1833,2964,4261,603,642
2026-09-09T03:50:25.215672953,"Save an Allergy",3060,3060,-,0,0.27,11,286,695,1372,2299,4776,462,476
2026-09-09T03:50:25.215672953,"Get Clinical Form by UUID",1251,1251,-,0,0.11,7,148,290,665,1252,2506,223,240
2026-09-09T03:50:25.215672953,"Get Encounter Roles",1251,1251,-,0,0.11,2,39,104,439,791,2643,103,191
2026-09-09T03:50:25.215672953,"Get Latest FHIR Encounter",1251,1251,-,0,0.11,2,153,373,805,1373,4601,265,337
2026-09-09T03:50:25.215672953,"Get Encounter By UUID",1123,1123,-,0,0.1,8,206,411,971,1792,3280,313,340
2026-09-09T03:50:25.215672953,"Get all active Lab orders",7638,7638,-,0,0.67,3,774,2161,5518,7892,12280,1483,1794
2026-09-09T03:50:25.215672953,"Get Lab Orders by full filler status",22914,22914,-,0,2.02,3,404,2603,13295,15758,24298,2394,4052
2026-09-09T03:50:25.215672953,"Get Order Entry Config",2559,2559,-,0,0.23,23,526,784,1480,2496,5411,603,515
2026-09-09T03:50:25.215672953,"Get ValueSet by UUID",7677,7677,-,0,0.68,8,348,953,2297,3521,7266,661,808
2026-09-09T03:50:25.215672953,"Get Medication Request by UUID",7677,7677,-,0,0.68,15,349,944,1907,2928,6220,624,677
2026-09-09T03:50:25.215672953,"Get Medication by UUID",2559,2559,-,0,0.23,2,30,63,386,461,1659,67,129
2026-09-09T03:50:25.215672953,"Get patient list details",3120,3120,-,0,0.28,3,67,192,656,1315,4937,161,251
2026-09-09T03:50:25.215672953,"Fetch members of patient list",3120,3120,-,0,0.28,2,64,185,558,1125,2462,151,219
2026-09-09T03:50:25.215672953,"Search Medication by Code",2559,2559,-,0,0.23,5,81,143,424,812,2622,132,198
2026-09-09T03:50:25.215672953,"Get service concept set",1324,1324,-,0,0.12,2,41,117,500,1078,2356,111,200
2026-09-09T03:50:25.215672953,"Get Concept",42052,42052,-,0,3.71,4,158,305,799,1344,4162,243,274
2026-09-09T03:50:25.215672953,"Submit new Service queue",1324,1324,-,0,0.12,8,156,465,1189,1578,6295,324,445
2026-09-09T03:50:25.215672953,"Get Locations Search Set",1668,1668,-,0,0.15,3,50,160,523,1099,1539,130,200
2026-09-09T03:50:25.215672953,"Change the session location",1668,1668,-,0,0.15,3,55,204,617,1778,4200,167,298
2026-09-09T03:50:25.215672953,"Edit patient details",2251,2251,-,0,0.2,10,250,493,1092,2081,3769,372,392
2026-09-09T03:50:25.215672953,"Check Appointment Conflicts",1051,1051,-,0,0.09,6,107,273,838,1387,2259,216,298
2026-09-09T03:50:25.215672953,"Create Appointment",1051,1051,-,0,0.09,10,185,350,810,1168,1860,257,246
2026-09-09T03:50:25.215672953,"Submit transition request",1324,1246,78,5.89,0.12,8,195,457,1086,1697,4500,327,391
2026-09-09T03:50:25.215672953,"End Visit",10353,10151,202,1.95,0.91,7,292,678,1460,1988,4951,463,485
2026-09-09T03:50:25.215672953,"Save a clinical form",1251,1251,-,0,0.11,22,768,1463,2690,4129,6347,979,889
2026-09-09T03:50:25.215672953,"Generate OMRS Identifier",2446,2446,-,0,0.22,7,155,317,787,1403,3944,246,275
2026-09-09T03:50:25.215672953,"Send Patient Registration Request",2446,2446,-,0,0.22,20,701,1063,1910,3240,7920,806,619
2026-09-09T03:50:25.215672953,"Update full filler status",5092,5092,-,0,0.45,6,128,269,673,1127,2758,203,239
2026-09-09T03:50:25.215672953,"Get patient admission note",12786,12786,-,0,1.13,3,106,279,745,1577,3799,218,292
2026-09-09T03:50:25.215672953,"Dispense medication form submission",2559,2559,-,0,0.23,27,741,1783,3398,5203,7283,1134,1160
2026-09-09T03:50:25.215672953,"Get Patient Encounters",1251,1251,-,0,0.11,11,4338,7403,11069,13548,16446,4646,3610
2026-09-09T03:50:25.215672953,"Get Lab Results of Patient",2502,2502,-,0,0.22,2,562,1302,3370,5103,9008,961,1146
2026-09-09T03:50:25.215672953,"Submit Appointment StatusChange",2102,2102,-,0,0.19,8,153,366,945,1441,3469,276,349
2026-09-09T03:50:25.215672953,"Get specific encounter details",2546,2546,-,0,0.22,5,91,246,665,2198,5882,195,284
2026-09-09T03:50:25.215672953,"Get Alkaline concept details",2546,2546,-,0,0.22,3,55,139,589,796,3107,122,200
2026-09-09T03:50:25.215672953,"Update the specific encounter",2546,2546,-,0,0.22,19,403,887,1644,3096,5427,605,607
2026-09-09T03:50:25.215672953,"Update the Lab Order Completion",2546,2546,-,0,0.22,15,358,788,1723,2973,4981,554,586
2026-09-09T03:50:25.215672953,"Get Visits With Diagnoses and Notes (new endpoint)",1251,1251,-,0,0.11,10,356,796,1485,2421,3190,528,507
2026-09-09T03:50:25.215672953,"Close medication",2559,2559,-,0,0.23,11,239,635,1376,2166,4212,435,492
2026-09-09T03:50:25.215672953,"Discontinue the drug order",2559,2559,-,0,0.23,19,405,877,1841,2745,5212,606,609
2026-09-09T03:50:25.215672953,"Get Drug Orders except the cancelled and expired",1251,1251,-,0,0.11,5,901,1972,4103,5541,9655,1314,1327
2026-09-09T03:50:25.215672953,"Get Drug Orders except the discontinued orders",1251,1251,-,0,0.11,5,900,2029,3907,5947,10055,1318,1337
2026-09-09T03:50:25.215672953,"Get Observation Tree Details",3753,3753,-,0,0.33,4,656,2722,7004,9469,14854,1786,2320
2026-09-09T03:50:25.215672953,"Search for Condition",2502,2502,-,0,0.22,12,257,406,839,1300,3797,324,311
2026-09-09T03:50:25.215672953,"Save Conditions",1251,1251,-,0,0.11,6,136,365,865,1851,3110,267,334
2026-09-09T03:50:25.215672953,"Get Immunizations of Patient",3753,3753,-,0,0.33,2,174,1365,4748,6101,11555,984,1584
2026-09-09T03:50:25.215672953,"Get all immunizations",1251,1251,-,0,0.11,7,162,322,757,1450,3215,253,298
2026-09-09T03:50:25.215672953,"Submit Patient immunization",1251,1243,8,0.64,0.11,42,1543,2889,4699,6034,8278,1843,1557
2026-09-09T03:50:25.215672953,"Get Attachments of Patient",2502,2502,-,0,0.22,6,183,387,863,1629,3435,281,317
2026-09-09T03:50:25.215672953,"Get Allowed File Extensions",1251,1251,-,0,0.11,2,45,132,497,1012,2349,112,190
2026-09-09T03:50:25.215672953,"Get Programs",2502,2502,-,0,0.22,8,199,397,776,1431,2781,285,282
2026-09-09T03:50:25.215672953,"Add new program to patient",1251,1251,-,0,0.11,7,195,472,1173,2501,6265,354,464
2026-09-09T03:50:25.215672953,"Complete the program",1251,1251,-,0,0.11,8,197,484,1089,1957,3172,349,401
2026-09-09T03:50:25.215672953,"Upload Attachment Request",1251,1247,4,0.32,0.11,36,4367,8136,13113,18292,25528,5344,4322
2026-09-09T03:50:25.215672953,"Save Visit Note",1251,1251,-,0,0.11,15,467,991,2167,3018,4753,676,678
2026-09-09T03:50:25.215672953,"Save Patient Diagnosis",2502,2502,-,0,0.22,5,152,372,855,1511,3858,276,337
2026-09-08T03:50:48.272828374,"Login",20277,20277,-,0,1.79,5,125,287,715,1526,4137,226,287
2026-09-08T03:50:48.272828374,"Get locations",23040,23040,-,0,2.03,28,502,697,1138,1866,4206,532,351
2026-09-08T03:50:48.272828374,"Select Location",20277,20277,-,0,1.79,2,64,200,713,1325,4195,161,247
2026-09-08T03:50:48.272828374,"Get Address Template",24796,24796,-,0,2.19,1,27,79,376,2471,3290,72,142
2026-09-08T03:50:48.272828374,"Get Relationship Types",24796,24796,-,0,2.19,2,50,128,419,1213,4060,110,179
2026-09-08T03:50:48.272828374,"Get Appointments for Specific Date",20277,20277,-,0,1.79,2,41,133,434,1805,2812,96,148
2026-09-08T03:50:48.272828374,"Get Module Information",27217,27217,-,0,2.4,1,34,77,284,574,4493,76,146
2026-09-08T03:50:48.272828374,"Get Patient Identifier Types",24796,24796,-,0,2.19,2,49,133,320,2491,4178,110,182
2026-09-08T03:50:48.272828374,"Get Primary Identifier Term Mapping",43466,43466,-,0,3.84,3,80,201,618,2390,4562,157,222
2026-09-08T03:50:48.272828374,"Get Identifier Source",45073,45073,-,0,3.98,2,67,186,533,1286,3924,143,219
2026-09-08T03:50:48.272828374,"Get Locations by Tag and Query",28692,28692,-,0,2.53,3,93,251,637,1333,4084,183,245
2026-09-08T03:50:48.272828374,"Get Visits",21284,21284,-,0,1.88,9,1387,3019,5316,6626,13050,1893,1783
2026-09-08T03:50:48.272828374,"Get Auto Generation Options",24796,24796,-,0,2.19,5,170,477,956,3933,7025,313,376
2026-09-08T03:50:48.272828374,"Get Queue Entry",24998,24998,-,0,2.21,3,2045,3417,6858,8852,14239,2502,2047
2026-09-08T03:50:48.272828374,"Get Visit Types",10836,10836,-,0,0.96,2,44,111,412,841,2951,102,176
2026-09-08T03:50:48.272828374,"Get Current Visit of Patient",19325,19325,-,0,1.71,3,2725,6279,13397,19463,42876,4256,4467
2026-09-08T03:50:48.272828374,"Get Visits of Patient",20533,20533,-,0,1.81,3,1290,2568,4499,6118,10542,1686,1460
2026-09-08T03:50:48.272828374,"Get Program Enrollments of Patient",13453,13453,-,0,1.19,3,179,379,790,3240,5541,265,310
2026-09-08T03:50:48.272828374,"Get Visit Queue Entry",19506,19506,-,0,1.72,2,68,181,665,936,5294,144,223
2026-09-08T03:50:48.272828374,"Get Appointments of a Patient",11037,11037,-,0,0.97,2,36,91,294,853,2360,83,146
2026-09-08T03:50:48.272828374,"Get Patient Summary Data",21473,21473,-,0,1.89,3,85,175,611,831,3664,146,194
2026-09-08T03:50:48.272828374,"Get Active Visits of Patient",219486,219486,-,0,19.37,2,64,183,672,3712,5722,144,217
2026-09-08T03:50:48.272828374,"Get isVisitsEnabled",14187,14187,-,0,1.25,2,55,156,604,735,3459,132,205
2026-09-08T03:50:48.272828374,"Get the status of patient death",206450,206450,-,0,18.22,2,46,127,425,1718,4908,101,164
2026-09-08T03:50:48.272828374,"Get all the constraints on the vital concepts",14187,14187,-,0,1.25,3,87,195,561,2655,4679,157,222
2026-09-08T03:50:48.272828374,"Get Patient Observations",42199,42199,-,0,3.72,1,897,2843,7071,10082,19673,1896,2398
2026-09-08T03:50:48.272828374,"Get Patient Conditions",15893,15893,-,0,1.4,2,592,2128,7253,12111,25049,1681,2598
2026-09-08T03:50:48.272828374,"Get Active Orders",13477,13477,-,0,1.19,4,407,1267,3755,4827,9829,908,1191
2026-09-08T03:50:48.272828374,"Get Admission Location Info",3110,3110,-,0,0.27,4,79,204,671,1244,3550,171,248
2026-09-08T03:50:48.272828374,"Get Admission Info",3110,3110,-,0,0.27,22,564,1134,2265,4454,7552,793,791
2026-09-08T03:50:48.272828374,"Get Inpatient Request",3110,3110,-,0,0.27,14,764,2628,27661,36839,44101,4446,8416
2026-09-08T03:50:48.272828374,"Get Orders of admitted patient by Activated Date",12377,12377,-,0,1.09,4,150,352,780,1474,4051,253,285
2026-09-08T03:50:48.272828374,"Get Patients",3800,3800,-,0,0.34,14,3818,8652,14016,16903,23954,5210,4728
2026-09-08T03:50:48.272828374,"Submit Visit Form",9829,9790,39,0.4,0.87,8,180,427,984,1800,4520,308,355
2026-09-08T03:50:48.272828374,"Get Locations That Support Visits",4807,4807,-,0,0.42,4,77,179,508,1209,3355,146,209
2026-09-08T03:50:48.272828374,"Get Beds for Patient",3110,3110,-,0,0.27,3,60,145,587,781,2894,128,200
2026-09-08T03:50:48.272828374,"Save Ward Encounter",7775,7775,-,0,0.69,11,404,1034,2907,4779,8976,771,976
2026-09-08T03:50:48.272828374,"Get Order Types",2400,2400,-,0,0.21,2,42,115,400,854,2062,98,157
2026-09-08T03:50:48.272828374,"Save Vitals",2929,2929,-,0,0.26,53,1925,3601,5954,7322,11062,2324,1922
2026-09-08T03:50:48.272828374,"Get Vitals concept reference ranges",3110,3110,-,0,0.27,14,351,779,1634,2657,5175,537,569
2026-09-08T03:50:48.272828374,"Get Specific Visit Details",11526,11526,-,0,1.02,4,124,297,818,1236,4473,224,288
2026-09-08T03:50:48.272828374,"Get Transfer Locations configuration data",3110,3110,-,0,0.27,53,1484,3577,6420,8485,13230,2291,2172
2026-09-08T03:50:48.272828374,"Get Transferable locations",3110,3110,-,0,0.27,28,389,677,1101,1727,3208,473,369
2026-09-08T03:50:48.272828374,"Search for Drug",4800,4800,-,0,0.42,2,43,133,439,1016,3168,112,185
2026-09-08T03:50:48.272828374,"Save Drug Order",2400,2400,-,0,0.21,30,814,1492,2653,3886,7664,1014,862
2026-09-08T03:50:48.272828374,"Get Allergies of Patient",2929,2929,-,0,0.26,2,328,935,2074,2758,7018,608,693
2026-09-08T03:50:48.272828374,"Get Drug Allergens",2929,2929,-,0,0.26,22,492,670,1136,1677,3631,516,343
2026-09-08T03:50:48.272828374,"Get Environment Allergens",2929,2929,-,0,0.26,18,410,572,932,1387,3612,434,297
2026-09-08T03:50:48.272828374,"Get Food Allergens",2929,2929,-,0,0.26,10,218,368,781,1383,2634,281,257
2026-09-08T03:50:48.272828374,"Get Allergic Reactions Allergens",2929,2929,-,0,0.26,12,281,444,819,1314,2807,342,287
2026-09-08T03:50:48.272828374,"Get the details of a orderType",2421,2421,-,0,0.21,2,51,146,484,1119,3036,127,205
2026-09-08T03:50:48.272828374,"Get all Lab order details",2421,2421,-,0,0.21,11,266,379,703,1111,3266,301,259
2026-09-08T03:50:48.272828374,"Add a lab order",2421,2421,-,0,0.21,19,481,1071,2155,3445,6203,724,716
2026-09-08T03:50:48.272828374,"Get All Appointment Services(full)",3021,3021,-,0,0.27,3,59,143,414,810,6290,121,197
2026-09-08T03:50:48.272828374,"Get medication request encounters",7200,7200,-,0,0.64,42,5702,12954,22241,27698,36734,8056,7398
2026-09-08T03:50:48.272828374,"Get all appointments for a specific day",2014,2014,-,0,0.18,2,38,122,298,1246,2573,88,136
2026-09-08T03:50:48.272828374,"Get all appointment summaries",2014,2014,-,0,0.18,7,144,367,735,1177,2136,246,249
2026-09-08T03:50:48.272828374,"Get all patient lists",12000,12000,-,0,1.06,3,541,1126,1786,2412,4711,691,599
2026-09-08T03:50:48.272828374,"Get Person Attribute Type",4519,4519,-,0,0.4,2,51,133,415,1075,2104,112,169
2026-09-08T03:50:48.272828374,"Get Appointment By Status",8056,8056,-,0,0.71,2,40,118,321,782,2191,94,142
2026-09-08T03:50:48.272828374,"Get All Form Encounters",1208,1208,-,0,0.11,4,555,1130,1988,2752,5481,746,664
2026-09-08T03:50:48.272828374,"Get Ordered Address Hierarchy Levels",4519,4519,-,0,0.4,1,20,45,262,1682,2325,47,101
2026-09-08T03:50:48.272828374,"Get all default appointment services",2014,2014,-,0,0.18,3,56,147,423,1139,2418,120,183
2026-09-08T03:50:48.272828374,"Get all visits of the given location with date",2014,2014,-,0,0.18,17,2325,4295,7139,9276,13186,2818,2273
2026-09-08T03:50:48.272828374,"Get All Forms",1208,1208,-,0,0.11,8,275,609,1450,2634,5580,437,513
2026-09-08T03:50:48.272828374,"Get patient age",47738,47738,-,0,4.21,2,57,137,430,1667,5371,116,183
2026-09-08T03:50:48.272828374,"Get patient identification photo",195373,195373,-,0,17.24,3,77,207,564,1207,6293,161,229
2026-09-08T03:50:48.272828374,"Create a patient list",3000,3000,-,0,0.26,5,190,432,899,1744,3041,304,336
2026-09-08T03:50:48.272828374,"Get queue entry number",1232,1232,-,0,0.11,1,13,30,221,487,1290,36,85
2026-09-08T03:50:48.272828374,"Submit visit queue entry",1238,1232,6,0.48,0.11,19,455,1045,1987,3014,5319,676,673
2026-09-08T03:50:48.272828374,"Get Person Attributes",2143,2143,-,0,0.19,2,58,138,410,652,2828,114,167
2026-09-08T03:50:48.272828374,"Get Patient Identifiers",2143,2143,-,0,0.19,3,68,186,567,1000,2801,151,226
2026-09-08T03:50:48.272828374,"Get Relationships of Person",2143,2143,-,0,0.19,3,75,194,540,931,3096,152,215
2026-09-08T03:50:48.272828374,"Get Patient Allergy Intolerance",2400,2400,-,0,0.21,1,286,815,1901,2811,4971,546,648
2026-09-08T03:50:48.272828374,"Get Specific Medication Requests",9600,9600,-,0,0.85,22,753,1727,3751,5511,9292,1184,1226
2026-09-08T03:50:48.272828374,"Get All Providers",5807,5807,-,0,0.51,4,125,379,973,1764,4056,272,361
2026-09-08T03:50:48.272828374,"Get Encounter With Visit and Diagnoses",2400,2400,-,0,0.21,4,97,235,588,1567,2995,178,229
2026-09-08T03:50:48.272828374,"Save an Allergy",2929,2929,-,0,0.26,14,355,748,1408,2149,5437,512,509
2026-09-08T03:50:48.272828374,"Get all active Lab orders",7263,7263,-,0,0.64,4,863,2387,4952,6818,10348,1529,1654
2026-09-08T03:50:48.272828374,"Get Lab Orders by full filler status",21789,21789,-,0,1.92,3,473,2788,13648,17618,25654,2593,4316
2026-09-08T03:50:48.272828374,"Get Clinical Form by UUID",1208,1208,-,0,0.11,9,166,304,675,1452,2865,237,257
2026-09-08T03:50:48.272828374,"Get Encounter Roles",1208,1208,-,0,0.11,2,49,130,448,1209,2228,116,194
2026-09-08T03:50:48.272828374,"Get Latest FHIR Encounter",1208,1208,-,0,0.11,3,203,428,859,1749,5396,303,343
2026-09-08T03:50:48.272828374,"Get Encounter By UUID",1080,1080,-,0,0.1,10,256,473,966,1818,3799,351,348
2026-09-08T03:50:48.272828374,"Get patient list details",3000,3000,-,0,0.26,3,87,213,645,1060,3004,171,237
2026-09-08T03:50:48.272828374,"Fetch members of patient list",3000,3000,-,0,0.26,3,78,206,619,1224,2669,164,228
2026-09-08T03:50:48.272828374,"Get service concept set",1238,1238,-,0,0.11,3,51,145,520,1088,2886,130,212
2026-09-08T03:50:48.272828374,"Get Concept",42410,42410,-,0,3.74,5,194,350,750,1466,5250,269,272
2026-09-08T03:50:48.272828374,"Submit new Service queue",1238,1238,-,0,0.11,9,222,519,1251,1966,3913,368,422
2026-09-08T03:50:48.272828374,"Get Order Entry Config",2400,2400,-,0,0.21,23,572,836,1632,2938,5709,650,535
2026-09-08T03:50:48.272828374,"Get ValueSet by UUID",7200,7200,-,0,0.64,8,403,1012,2572,3908,8747,733,865
2026-09-08T03:50:48.272828374,"Get Medication Request by UUID",7200,7200,-,0,0.64,17,414,1050,2071,2839,9253,692,727
2026-09-08T03:50:48.272828374,"Get Medication by UUID",2400,2400,-,0,0.21,2,33,67,362,449,1846,72,136
2026-09-08T03:50:48.272828374,"Search Medication by Code",2400,2400,-,0,0.21,5,87,149,430,1079,2015,134,176
2026-09-08T03:50:48.272828374,"Get Locations Search Set",1555,1555,-,0,0.14,4,64,191,547,1388,3635,152,246
2026-09-08T03:50:48.272828374,"Change the session location",1555,1555,-,0,0.14,4,77,250,632,1234,2021,177,238
2026-09-08T03:50:48.272828374,"Edit patient details",2143,2143,-,0,0.19,11,296,551,1158,2028,4456,418,422
2026-09-08T03:50:48.272828374,"Check Appointment Conflicts",1007,1007,-,0,0.09,6,124,295,646,1150,2588,211,250
2026-09-08T03:50:48.272828374,"Create Appointment",1007,1007,-,0,0.09,13,210,387,790,1127,2214,284,256
2026-09-08T03:50:48.272828374,"Submit transition request",1238,1146,92,7.43,0.11,11,238,533,1117,2052,4446,371,401
2026-09-08T03:50:48.272828374,"End Visit",9790,9647,143,1.46,0.86,8,356,721,1458,2214,4377,506,492
2026-09-08T03:50:48.272828374,"Generate OMRS Identifier",2376,2376,-,0,0.21,8,177,370,875,1724,5384,280,322
2026-09-08T03:50:48.272828374,"Update full filler status",4842,4842,-,0,0.43,7,150,285,638,1297,3252,219,240
2026-09-08T03:50:48.272828374,"Send Patient Registration Request",2376,2376,-,0,0.21,23,766,1171,2104,3043,6035,889,653
2026-09-08T03:50:48.272828374,"Get patient admission note",14056,14056,-,0,1.24,3,170,344,787,1474,6629,262,308
2026-09-08T03:50:48.272828374,"Save a clinical form",1208,1208,-,0,0.11,27,841,1565,2901,3747,5607,1065,916
2026-09-08T03:50:48.272828374,"Dispense medication form submission",2400,2400,-,0,0.21,31,793,1998,3709,5830,8441,1260,1244
2026-09-08T03:50:48.272828374,"Submit Appointment StatusChange",2014,2014,-,0,0.18,8,186,390,816,1781,5299,290,346
2026-09-08T03:50:48.272828374,"Get Patient Encounters",1208,1208,-,0,0.11,13,4951,8257,12274,14221,18423,5235,3987
2026-09-08T03:50:48.272828374,"Get Lab Results of Patient",2416,2416,-,0,0.21,2,627,1406,3951,6660,11729,1083,1341
2026-09-08T03:50:48.272828374,"Get specific encounter details",2421,2421,-,0,0.21,5,112,266,687,1042,2134,204,251
2026-09-08T03:50:48.272828374,"Get Alkaline concept details",2421,2421,-,0,0.21,3,64,167,494,827,3617,134,196
2026-09-08T03:50:48.272828374,"Update the specific encounter",2421,2421,-,0,0.21,22,499,1036,1934,2917,5312,694,632
2026-09-08T03:50:48.272828374,"Update the Lab Order Completion",2421,2421,-,0,0.21,18,414,841,1646,2772,6143,577,559
2026-09-08T03:50:48.272828374,"Get Visits With Diagnoses and Notes (new endpoint)",1208,1208,-,0,0.11,11,467,892,1640,2245,3718,600,534
2026-09-08T03:50:48.272828374,"Close medication",2400,2400,-,0,0.21,13,295,689,1504,2220,4861,472,505
2026-09-08T03:50:48.272828374,"Discontinue the drug order",2400,2400,-,0,0.21,21,471,913,1825,2665,5768,653,629
2026-09-08T03:50:48.272828374,"Get Drug Orders except the cancelled and expired",1208,1208,-,0,0.11,6,970,2189,4169,5426,8653,1407,1368
2026-09-08T03:50:48.272828374,"Get Drug Orders except the discontinued orders",1208,1208,-,0,0.11,5,987,2072,3885,5303,8195,1378,1327
2026-09-08T03:50:48.272828374,"Get Observation Tree Details",3624,3624,-,0,0.32,5,764,2890,7811,10149,15947,1943,2513
2026-09-08T03:50:48.272828374,"Search for Condition",2416,2416,-,0,0.21,12,303,452,860,1556,3116,361,309
2026-09-08T03:50:48.272828374,"Save Conditions",1208,1208,-,0,0.11,8,174,387,865,1647,2961,283,316
2026-09-08T03:50:48.272828374,"Get Immunizations of Patient",3624,3624,-,0,0.32,2,201,1447,5140,8811,16706,1121,1843
2026-09-08T03:50:48.272828374,"Get all immunizations",1208,1208,-,0,0.11,8,201,367,748,1235,2648,275,264
2026-09-08T03:50:48.272828374,"Submit Patient immunization",1208,1203,5,0.41,0.11,47,1784,3242,5137,7128,13963,2077,1750
2026-09-08T03:50:48.272828374,"Get Attachments of Patient",2416,2416,-,0,0.21,6,216,436,914,1475,3342,309,311
2026-09-08T03:50:48.272828374,"Get Allowed File Extensions",1208,1208,-,0,0.11,2,55,145,432,574,1735,112,149
2026-09-08T03:50:48.272828374,"Get Programs",2416,2416,-,0,0.21,9,241,434,820,1237,4453,312,277
2026-09-08T03:50:48.272828374,"Add new program to patient",1208,1208,-,0,0.11,8,234,511,1022,1796,3829,352,366
2026-09-08T03:50:48.272828374,"Complete the program",1208,1208,-,0,0.11,9,237,496,1097,1880,4354,358,389
2026-09-08T03:50:48.272828374,"Upload Attachment Request",1208,1202,6,0.5,0.11,70,2713,7455,12893,16385,19124,4759,4044
2026-09-08T03:50:48.272828374,"Save Visit Note",1208,1208,-,0,0.11,16,545,1064,2028,3051,6341,732,697
2026-09-08T03:50:48.272828374,"Save Patient Diagnosis",2416,2416,-,0,0.21,6,186,405,882,1667,3629,293,338
2026-09-07T03:54:00.769161993,"Login",28390,28390,-,0,2.51,3,60,144,375,700,2194,109,141
2026-09-07T03:54:00.769161993,"Get locations",32385,32385,-,0,2.87,10,186,351,607,938,2406,230,204
2026-09-07T03:54:00.769161993,"Select Location",28390,28390,-,0,2.51,1,22,81,265,451,1622,66,110
2026-09-07T03:54:00.769161993,"Get Address Template",34254,34254,-,0,3.03,1,11,31,199,1029,1793,32,69
2026-09-07T03:54:00.769161993,"Get Relationship Types",34254,34254,-,0,3.03,1,19,50,238,1828,2530,45,80
2026-09-07T03:54:00.769161993,"Get Appointments for Specific Date",28390,28390,-,0,2.51,1,17,57,203,1041,1294,45,71
2026-09-07T03:54:00.769161993,"Get Module Information",37843,37843,-,0,3.35,1,13,33,168,1189,1545,32,64
2026-09-07T03:54:00.769161993,"Get Patient Identifier Types",34254,34254,-,0,3.03,1,20,49,292,1399,1675,45,82
2026-09-07T03:54:00.769161993,"Get Primary Identifier Term Mapping",61197,61197,-,0,5.42,2,30,73,247,406,2302,63,101
2026-09-07T03:54:00.769161993,"Get Identifier Source",62644,62644,-,0,5.54,1,25,62,256,342,2220,57,95
2026-09-07T03:54:00.769161993,"Get Locations by Tag and Query",41101,41101,-,0,3.64,2,34,107,279,585,3242,74,111
2026-09-07T03:54:00.769161993,"Get Visits",29867,29867,-,0,2.64,5,446,1228,2518,3122,7400,744,824
2026-09-07T03:54:00.769161993,"Get Auto Generation Options",34254,34254,-,0,3.03,3,55,167,526,2665,3317,123,173
2026-09-07T03:54:00.769161993,"Get Queue Entry",35918,35918,-,0,3.18,2,1578,3185,5894,7499,11662,2064,1879
2026-09-07T03:54:00.769161993,"Get Visit Types",16300,16300,-,0,1.44,1,17,51,186,391,2067,45,87
2026-09-07T03:54:00.769161993,"Get Current Visit of Patient",28705,28705,-,0,2.54,2,904,2332,5668,8725,25890,1621,1953
2026-09-07T03:54:00.769161993,"Get Visits of Patient",30267,30267,-,0,2.68,2,469,1126,2225,3010,6916,716,724
2026-09-07T03:54:00.769161993,"Get Program Enrollments of Patient",19509,19509,-,0,1.73,1,78,178,440,487,2658,123,149
2026-09-07T03:54:00.769161993,"Get Visit Queue Entry",27644,27644,-,0,2.45,1,26,75,248,412,1646,62,100
2026-09-07T03:54:00.769161993,"Get Appointments of a Patient",16385,16385,-,0,1.45,1,16,41,193,1183,1432,39,72
2026-09-07T03:54:00.769161993,"Get Patient Summary Data",30564,30564,-,0,2.7,2,37,73,266,317,2785,66,99
2026-09-07T03:54:00.769161993,"Get Active Visits of Patient",340014,340014,-,0,30.09,1,25,76,219,531,2613,59,100
2026-09-07T03:54:00.769161993,"Get isVisitsEnabled",19869,19869,-,0,1.76,1,20,54,215,400,2128,51,90
2026-09-07T03:54:00.769161993,"Get the status of patient death",321457,321457,-,0,28.45,1,17,46,154,333,2193,41,77
2026-09-07T03:54:00.769161993,"Get all the constraints on the vital concepts",19869,19869,-,0,1.76,2,34,76,276,1158,1516,63,92
2026-09-07T03:54:00.769161993,"Get Patient Observations",57851,57851,-,0,5.12,1,314,1276,3461,4660,9070,846,1139
2026-09-07T03:54:00.769161993,"Get Patient Conditions",21872,21872,-,0,1.94,1,192,851,3003,5501,10161,661,1087
2026-09-07T03:54:00.769161993,"Get Active Orders",18748,18748,-,0,1.66,2,174,717,2322,3406,7483,528,783
2026-09-07T03:54:00.769161993,"Get Admission Location Info",4866,4866,-,0,0.43,2,35,87,299,1070,1501,72,112
2026-09-07T03:54:00.769161993,"Get Admission Info",4866,4866,-,0,0.43,13,276,796,1695,2966,4918,507,603
2026-09-07T03:54:00.769161993,"Get Inpatient Request",4866,4866,-,0,0.43,9,321,1225,8217,13147,17547,1399,2683
2026-09-07T03:54:00.769161993,"Get Orders of admitted patient by Activated Date",25534,25534,-,0,2.26,2,105,236,481,1110,2560,158,171
2026-09-07T03:54:00.769161993,"Submit Visit Form",14823,14760,63,0.43,1.31,4,88,214,493,848,2868,148,179
2026-09-07T03:54:00.769161993,"Get Patients",5927,5927,-,0,0.52,8,1376,3455,6697,8452,12974,2131,2253
2026-09-07T03:54:00.769161993,"Get Order Types",3745,3745,-,0,0.33,1,19,52,180,451,1015,46,81
2026-09-07T03:54:00.769161993,"Get Locations That Support Visits",7404,7404,-,0,0.66,2,31,81,251,1529,2382,62,97
2026-09-07T03:54:00.769161993,"Get Beds for Patient",4866,4866,-,0,0.43,2,23,65,250,1149,1761,52,90
2026-09-07T03:54:00.769161993,"Save Ward Encounter",12165,12165,-,0,1.08,6,160,431,1274,2005,3758,323,424
2026-09-07T03:54:00.769161993,"Save Vitals",3988,3988,-,0,0.35,31,598,1423,2881,3593,7744,923,923
2026-09-07T03:54:00.769161993,"Search for Drug",7490,7490,-,0,0.66,1,17,56,210,377,1271,48,87
2026-09-07T03:54:00.769161993,"Save Drug Order",3745,3745,-,0,0.33,20,337,750,1485,1876,3195,497,480
2026-09-07T03:54:00.769161993,"Get Vitals concept reference ranges",4866,4866,-,0,0.43,8,129,316,793,2717,4049,216,263
2026-09-07T03:54:00.769161993,"Get Specific Visit Details",16217,16217,-,0,1.44,3,51,140,415,1319,2107,98,136
2026-09-07T03:54:00.769161993,"Get Transfer Locations configuration data",4866,4866,-,0,0.43,32,515,1499,3238,3532,6668,917,1006
2026-09-07T03:54:00.769161993,"Get Transferable locations",4866,4866,-,0,0.43,19,139,261,465,1038,1600,178,152
2026-09-07T03:54:00.769161993,"Get Allergies of Patient",3988,3988,-,0,0.35,1,136,405,935,1542,2780,263,320
2026-09-07T03:54:00.769161993,"Get Drug Allergens",3988,3988,-,0,0.35,13,207,331,613,826,1750,231,191
2026-09-07T03:54:00.769161993,"Get Environment Allergens",3988,3988,-,0,0.35,10,165,280,505,786,1286,195,167
2026-09-07T03:54:00.769161993,"Get Food Allergens",3988,3988,-,0,0.35,6,92,171,368,957,1955,126,135
2026-09-07T03:54:00.769161993,"Get Allergic Reactions Allergens",3988,3988,-,0,0.35,7,124,216,399,887,1448,151,142
2026-09-07T03:54:00.769161993,"Get All Form Encounters",1562,1562,-,0,0.14,3,291,698,1213,1700,2705,425,411
2026-09-07T03:54:00.769161993,"Get All Forms",1562,1562,-,0,0.14,5,112,279,698,896,1361,186,212
2026-09-07T03:54:00.769161993,"Get the details of a orderType",3589,3589,-,0,0.32,1,19,59,209,713,1391,52,97
2026-09-07T03:54:00.769161993,"Get all Lab order details",3589,3589,-,0,0.32,8,113,180,356,931,1537,130,121
2026-09-07T03:54:00.769161993,"Add a lab order",3589,3589,-,0,0.32,12,204,488,1039,1673,2163,333,352
2026-09-07T03:54:00.769161993,"Get medication request encounters",11235,11235,-,0,0.99,28,1615,4707,8756,11588,19768,2842,2988
2026-09-07T03:54:00.769161993,"Get patient age",73169,73169,-,0,6.48,1,24,57,193,484,2637,49,81
2026-09-07T03:54:00.769161993,"Get all patient lists",14860,14860,-,0,1.32,2,208,543,993,1292,3252,327,337
2026-09-07T03:54:00.769161993,"Get Person Attribute Type",5864,5864,-,0,0.52,1,20,54,163,792,1159,45,83
2026-09-07T03:54:00.769161993,"Get All Appointment Services(full)",4431,4431,-,0,0.39,2,26,69,185,1011,1616,53,85
2026-09-07T03:54:00.769161993,"Get all appointments for a specific day",2954,2954,-,0,0.26,4,56,162,414,536,1850,110,136
2026-09-07T03:54:00.769161993,"Get Ordered Address Hierarchy Levels",5864,5864,-,0,0.52,1,9,20,107,832,1210,21,45
2026-09-07T03:54:00.769161993,"Get all appointment summaries",2954,2954,-,0,0.26,5,66,183,364,715,1581,121,141
2026-09-07T03:54:00.769161993,"Get Appointment By Status",11816,11816,-,0,1.05,1,22,74,228,559,1912,60,99
2026-09-07T03:54:00.769161993,"Get all default appointment services",2954,2954,-,0,0.26,2,24,65,234,302,1101,53,85
2026-09-07T03:54:00.769161993,"Get all visits of the given location with date",2954,2954,-,0,0.26,10,1113,2070,3819,5255,8514,1367,1280
2026-09-07T03:54:00.769161993,"Get Patient Allergy Intolerance",3745,3745,-,0,0.33,1,123,356,933,1228,2545,245,310
2026-09-07T03:54:00.769161993,"Get Specific Medication Requests",14980,14980,-,0,1.33,12,271,705,1721,3833,5404,480,563
2026-09-07T03:54:00.769161993,"Get Encounter With Visit and Diagnoses",3745,3745,-,0,0.33,2,44,116,290,582,1427,82,112
2026-09-07T03:54:00.769161993,"Get All Providers",8967,8967,-,0,0.79,1,44,164,474,1392,2039,107,154
2026-09-07T03:54:00.769161993,"Get patient identification photo",306454,306454,-,0,27.12,1,27,84,256,729,2608,64,106
2026-09-07T03:54:00.769161993,"Get Person Attributes",3015,3015,-,0,0.27,2,24,58,155,642,1264,48,77
2026-09-07T03:54:00.769161993,"Get Patient Identifiers",3015,3015,-,0,0.27,2,28,74,223,536,1090,60,90
2026-09-07T03:54:00.769161993,"Get Relationships of Person",3015,3015,-,0,0.27,2,29,73,241,832,1257,61,90
2026-09-07T03:54:00.769161993,"Create a patient list",3715,3715,-,0,0.33,3,89,204,479,869,2927,147,180
2026-09-07T03:54:00.769161993,"Get queue entry number",2008,2008,-,0,0.18,0,5,13,77,203,466,15,35
2026-09-07T03:54:00.769161993,"Submit visit queue entry",2017,2008,9,0.45,0.18,8,137,358,758,1349,1806,236,261
2026-09-07T03:54:00.769161993,"Save an Allergy",3988,3988,-,0,0.35,8,163,377,824,1017,2293,251,258
2026-09-07T03:54:00.769161993,"Get Clinical Form by UUID",1562,1562,-,0,0.14,5,82,159,356,590,901,114,121
2026-09-07T03:54:00.769161993,"Get all active Lab orders",10767,10767,-,0,0.95,2,346,1221,2560,3805,6198,749,904
2026-09-07T03:54:00.769161993,"Get Lab Orders by full filler status",32301,32301,-,0,2.86,2,215,1050,6409,12072,17378,1152,2099
2026-09-07T03:54:00.769161993,"Get Encounter Roles",1562,1562,-,0,0.14,1,20,53,223,519,682,46,75
2026-09-07T03:54:00.769161993,"Get Latest FHIR Encounter",1562,1562,-,0,0.14,2,85,204,430,932,2372,139,178
2026-09-07T03:54:00.769161993,"Get Encounter By UUID",1434,1434,-,0,0.13,5,103,216,415,608,864,146,144
2026-09-07T03:54:00.769161993,"Get Order Entry Config",3745,3745,-,0,0.33,14,237,377,763,1677,2422,273,250
2026-09-07T03:54:00.769161993,"Get ValueSet by UUID",11235,11235,-,0,0.99,4,158,432,1139,2434,3975,323,414
2026-09-07T03:54:00.769161993,"Get Medication Request by UUID",11235,11235,-,0,0.99,9,153,427,953,1557,3065,286,332
2026-09-07T03:54:00.769161993,"Get Medication by UUID",3745,3745,-,0,0.33,1,14,31,190,925,1222,34,72
2026-09-07T03:54:00.769161993,"Search Medication by Code",3745,3745,-,0,0.33,3,38,75,235,347,1664,62,88
2026-09-07T03:54:00.769161993,"Get patient list details",3715,3715,-,0,0.33,2,33,83,244,624,1460,71,112
2026-09-07T03:54:00.769161993,"Fetch members of patient list",3715,3715,-,0,0.33,2,29,81,327,414,1142,68,105
2026-09-07T03:54:00.769161993,"Get service concept set",2017,2017,-,0,0.18,1,18,56,230,655,1253,53,111
2026-09-07T03:54:00.769161993,"Get Concept",61133,61133,-,0,5.41,3,85,171,351,950,1790,120,127
2026-09-07T03:54:00.769161993,"Submit new Service queue",2017,2017,-,0,0.18,6,87,220,534,937,2049,158,195
2026-09-07T03:54:00.769161993,"Get Locations Search Set",2433,2433,-,0,0.22,2,25,74,277,761,1052,61,96
2026-09-07T03:54:00.769161993,"Change the session location",2433,2433,-,0,0.22,2,29,88,339,1033,1446,76,120
2026-09-07T03:54:00.769161993,"Edit patient details",3015,3015,-,0,0.27,7,140,261,575,973,1828,197,199
2026-09-07T03:54:00.769161993,"Check Appointment Conflicts",1477,1477,-,0,0.13,3,53,130,380,630,1563,97,134
2026-09-07T03:54:00.769161993,"Create Appointment",1477,1477,-,0,0.13,7,110,207,441,687,1072,150,142
2026-09-07T03:54:00.769161993,"Update full filler status",7178,7178,-,0,0.64,4,75,158,404,1139,1852,117,134
2026-09-07T03:54:00.769161993,"Save a clinical form",1562,1562,-,0,0.14,15,339,724,1294,1884,3188,466,444
2026-09-07T03:54:00.769161993,"Submit transition request",2017,1707,310,15.37,0.18,4,101,244,560,1236,1904,170,201
2026-09-07T03:54:00.769161993,"End Visit",14760,14248,512,3.47,1.31,5,157,366,762,1516,3083,248,260
2026-09-07T03:54:00.769161993,"Get patient admission note",16308,16308,-,0,1.44,2,56,136,405,537,1673,101,127
2026-09-07T03:54:00.769161993,"Generate OMRS Identifier",2849,2849,-,0,0.25,5,97,189,442,774,1469,142,150
2026-09-07T03:54:00.769161993,"Send Patient Registration Request",2849,2849,-,0,0.25,20,424,658,1120,1563,2675,484,344
2026-09-07T03:54:00.769161993,"Dispense medication form submission",3745,3745,-,0,0.33,17,311,812,1695,2374,4382,530,568
2026-09-07T03:54:00.769161993,"Get Patient Encounters",1562,1562,-,0,0.14,9,1564,3694,5846,7176,8985,2202,2002
2026-09-07T03:54:00.769161993,"Get Lab Results of Patient",3124,3124,-,0,0.28,1,315,753,1799,2793,4676,504,592
2026-09-07T03:54:00.769161993,"Submit Appointment StatusChange",2954,2954,-,0,0.26,5,91,197,447,827,1761,144,164
2026-09-07T03:54:00.769161993,"Get specific encounter details",3589,3589,-,0,0.32,3,46,121,323,696,1519,93,134
2026-09-07T03:54:00.769161993,"Get Alkaline concept details",3589,3589,-,0,0.32,2,26,72,221,484,911,58,88
2026-09-07T03:54:00.769161993,"Update the specific encounter",3589,3589,-,0,0.32,14,213,479,991,1300,2434,321,326
2026-09-07T03:54:00.769161993,"Update the Lab Order Completion",3589,3589,-,0,0.32,12,186,416,838,1477,2919,286,299
2026-09-07T03:54:00.769161993,"Get Visits With Diagnoses and Notes (new endpoint)",1562,1562,-,0,0.14,7,187,416,837,1174,2670,273,277
2026-09-07T03:54:00.769161993,"Close medication",3745,3745,-,0,0.33,8,134,340,708,1109,2851,222,246
2026-09-07T03:54:00.769161993,"Discontinue the drug order",3745,3745,-,0,0.33,13,219,482,993,1408,3081,330,333
2026-09-07T03:54:00.769161993,"Get Drug Orders except the cancelled and expired",1562,1562,-,0,0.14,3,526,1405,2648,3567,6999,845,917
2026-09-07T03:54:00.769161993,"Get Drug Orders except the discontinued orders",1562,1562,-,0,0.14,3,504,1342,2627,3889,5392,853,924
2026-09-07T03:54:00.769161993,"Get Observation Tree Details",4686,4686,-,0,0.41,3,232,1081,3394,4455,9294,783,1150
2026-09-07T03:54:00.769161993,"Search for Condition",3124,3124,-,0,0.28,7,125,213,435,1018,1560,155,148
2026-09-07T03:54:00.769161993,"Save Conditions",1562,1562,-,0,0.14,4,80,186,472,720,1811,133,158
2026-09-07T03:54:00.769161993,"Get Immunizations of Patient",4686,4686,-,0,0.41,1,87,774,2529,4339,7849,568,957
2026-09-07T03:54:00.769161993,"Get all immunizations",1562,1562,-,0,0.14,4,79,159,338,535,1278,113,124
2026-09-07T03:54:00.769161993,"Submit Patient immunization",1562,1559,3,0.19,0.14,31,604,1346,2379,3399,4206,858,804
2026-09-07T03:54:00.769161993,"Get Attachments of Patient",3124,3124,-,0,0.28,4,101,206,533,624,1307,145,158
2026-09-07T03:54:00.769161993,"Get Allowed File Extensions",1562,1562,-,0,0.14,1,22,59,237,796,1169,52,91
2026-09-07T03:54:00.769161993,"Get Programs",3124,3124,-,0,0.28,5,111,231,436,939,1677,155,157
2026-09-07T03:54:00.769161993,"Add new program to patient",1562,1562,-,0,0.14,6,108,228,544,991,2179,172,196
2026-09-07T03:54:00.769161993,"Complete the program",1562,1562,-,0,0.14,6,117,250,614,1079,2298,179,203
2026-09-07T03:54:00.769161993,"Upload Attachment Request",1562,1558,4,0.26,0.14,340,1327,3246,6633,9407,11940,2220,2046
2026-09-07T03:54:00.769161993,"Save Visit Note",1562,1562,-,0,0.14,10,234,493,1022,1466,3565,338,355
2026-09-07T03:54:00.769161993,"Save Patient Diagnosis",3124,3124,-,0,0.28,4,86,210,439,982,1556,143,169
2026-09-06T03:54:51.496731291,"Login",25449,25449,-,0,2.25,3,78,189,517,1905,2717,139,174
2026-09-06T03:54:51.496731291,"Get locations",28968,28968,-,0,2.56,18,297,456,804,893,3174,319,245
2026-09-06T03:54:51.496731291,"Select Location",25449,25449,-,0,2.25,1,35,130,351,786,2524,93,146
2026-09-06T03:54:51.496731291,"Get Address Template",30874,30874,-,0,2.73,1,17,54,232,1706,2259,44,88
2026-09-06T03:54:51.496731291,"Get Relationship Types",30874,30874,-,0,2.73,1,28,71,260,353,2925,65,113
2026-09-06T03:54:51.496731291,"Get Appointments for Specific Date",25449,25449,-,0,2.25,1,25,87,188,514,2682,62,96
2026-09-06T03:54:51.496731291,"Get Module Information",34011,34011,-,0,3.01,1,19,47,208,266,2691,45,88
2026-09-06T03:54:51.496731291,"Get Patient Identifier Types",30874,30874,-,0,2.73,1,28,78,213,596,2200,64,107
2026-09-06T03:54:51.496731291,"Get Primary Identifier Term Mapping",54730,54730,-,0,4.84,2,46,118,295,718,3070,91,135
2026-09-06T03:54:51.496731291,"Get Identifier Source",56323,56323,-,0,4.98,1,37,109,285,768,3315,83,134
2026-09-06T03:54:51.496731291,"Get Locations by Tag and Query",36508,36508,-,0,3.23,2,53,145,457,2494,3200,108,153
2026-09-06T03:54:51.496731291,"Get Visits",26739,26739,-,0,2.36,6,735,1875,3255,4777,7960,1092,1120
2026-09-06T03:54:51.496731291,"Get Auto Generation Options",30874,30874,-,0,2.73,4,94,265,626,882,3877,180,229
2026-09-06T03:54:51.496731291,"Get Queue Entry",31959,31959,-,0,2.83,2,1552,2716,4854,6254,10044,1850,1500
2026-09-06T03:54:51.496731291,"Get Visit Types",14196,14196,-,0,1.26,1,25,73,230,583,1943,61,106
2026-09-06T03:54:51.496731291,"Get Current Visit of Patient",25107,25107,-,0,2.22,2,1401,3545,8086,12072,29869,2394,2761
2026-09-06T03:54:51.496731291,"Get Visits of Patient",26539,26539,-,0,2.35,2,712,1583,2849,3911,8084,1002,954
2026-09-06T03:54:51.496731291,"Get Program Enrollments of Patient",17202,17202,-,0,1.52,2,101,236,590,672,2694,161,186
2026-09-06T03:54:51.496731291,"Get Visit Queue Entry",24598,24598,-,0,2.18,1,41,128,336,762,4576,87,136
2026-09-06T03:54:51.496731291,"Get Appointments of a Patient",14338,14338,-,0,1.27,1,22,60,248,1008,1388,51,90
2026-09-06T03:54:51.496731291,"Get Patient Summary Data",27192,27192,-,0,2.4,2,54,108,326,438,2263,89,119
2026-09-06T03:54:51.496731291,"Get Active Visits of Patient",294152,294152,-,0,26.01,1,34,108,281,723,3869,83,133
2026-09-06T03:54:51.496731291,"Get isVisitsEnabled",17763,17763,-,0,1.57,1,32,101,305,1256,2400,77,127
2026-09-06T03:54:51.496731291,"Get the status of patient death",277730,277730,-,0,24.56,1,26,70,208,566,3255,58,101
2026-09-06T03:54:51.496731291,"Get all the constraints on the vital concepts",17763,17763,-,0,1.57,2,48,113,284,719,2259,91,131
2026-09-06T03:54:51.496731291,"Get Patient Observations",52131,52131,-,0,4.61,1,527,1889,4745,6704,10327,1228,1584
2026-09-06T03:54:51.496731291,"Get Patient Conditions",19673,19673,-,0,1.74,1,321,1293,4720,7110,14112,1016,1605
2026-09-06T03:54:51.496731291,"Get Active Orders",16809,16809,-,0,1.49,3,243,965,2919,3849,7072,674,940
2026-09-06T03:54:51.496731291,"Get Admission Location Info",4174,4174,-,0,0.37,3,47,129,379,905,2333,97,146
2026-09-06T03:54:51.496731291,"Get Admission Info",4174,4174,-,0,0.37,15,340,892,1864,2658,6516,567,624
2026-09-06T03:54:51.496731291,"Get Inpatient Request",4174,4174,-,0,0.37,10,473,1743,15392,21029,29204,2464,4911
2026-09-06T03:54:51.496731291,"Get Orders of admitted patient by Activated Date",18181,18181,-,0,1.61,3,107,266,604,734,3315,175,201
2026-09-06T03:54:51.496731291,"Get Patients",5117,5117,-,0,0.45,9,2020,5048,9110,11242,14082,3028,3023
2026-09-06T03:54:51.496731291,"Submit Visit Form",12906,12853,53,0.41,1.14,5,116,292,592,2472,4268,194,232
2026-09-06T03:54:51.496731291,"Get Locations That Support Visits",6407,6407,-,0,0.57,2,45,99,302,1085,2380,84,124
2026-09-06T03:54:51.496731291,"Get Beds for Patient",4174,4174,-,0,0.37,2,34,96,282,1131,2464,76,119
2026-09-06T03:54:51.496731291,"Save Ward Encounter",10435,10435,-,0,0.92,7,223,625,1768,4267,6750,461,605
2026-09-06T03:54:51.496731291,"Get Order Types",3220,3220,-,0,0.28,1,26,66,250,552,1569,62,109
2026-09-06T03:54:51.496731291,"Save Vitals",3595,3595,-,0,0.32,36,987,2232,3781,4528,7638,1366,1247
2026-09-06T03:54:51.496731291,"Get Vitals concept reference ranges",4174,4174,-,0,0.37,9,196,465,1094,2322,3203,318,360
2026-09-06T03:54:51.496731291,"Search for Drug",6440,6440,-,0,0.57,1,25,90,329,1548,2808,68,120
2026-09-06T03:54:51.496731291,"Save Drug Order",3220,3220,-,0,0.28,21,475,976,1861,2572,5209,645,614
2026-09-06T03:54:51.496731291,"Get Specific Visit Details",14409,14409,-,0,1.27,3,73,192,515,2430,4050,135,179
2026-09-06T03:54:51.496731291,"Get Transfer Locations configuration data",4174,4174,-,0,0.37,37,874,2241,4332,5058,8465,1356,1396
2026-09-06T03:54:51.496731291,"Get Transferable locations",4174,4174,-,0,0.37,21,204,371,714,855,2234,254,220
2026-09-06T03:54:51.496731291,"Get Allergies of Patient",3595,3595,-,0,0.32,1,208,585,1318,1863,3804,387,457
2026-09-06T03:54:51.496731291,"Get Drug Allergens",3595,3595,-,0,0.32,16,296,442,739,1080,1965,309,233
2026-09-06T03:54:51.496731291,"Get Environment Allergens",3595,3595,-,0,0.32,13,245,376,667,831,2044,264,210
2026-09-06T03:54:51.496731291,"Get Food Allergens",3595,3595,-,0,0.32,7,129,230,492,846,1729,168,166
2026-09-06T03:54:51.496731291,"Get Allergic Reactions Allergens",3595,3595,-,0,0.32,8,166,282,540,831,2527,199,179
2026-09-06T03:54:51.496731291,"Get All Form Encounters",1432,1432,-,0,0.13,3,402,869,1405,1760,2682,530,477
2026-09-06T03:54:51.496731291,"Get All Forms",1432,1432,-,0,0.13,6,142,370,779,1134,2747,252,288
2026-09-06T03:54:51.496731291,"Get the details of a orderType",3137,3137,-,0,0.28,1,29,94,277,660,1550,76,126
2026-09-06T03:54:51.496731291,"Get all Lab order details",3137,3137,-,0,0.28,8,154,247,487,680,2464,177,169
2026-09-06T03:54:51.496731291,"Add a lab order",3137,3137,-,0,0.28,13,290,668,1390,2374,3735,450,470
2026-09-06T03:54:51.496731291,"Get medication request encounters",9660,9660,-,0,0.85,30,2849,7637,13270,17714,26363,4460,4546
2026-09-06T03:54:51.496731291,"Get patient age",63164,63164,-,0,5.59,1,34,77,260,475,3356,68,110
2026-09-06T03:54:51.496731291,"Get Person Attribute Type",5425,5425,-,0,0.48,1,29,79,232,624,2265,65,113
2026-09-06T03:54:51.496731291,"Get all patient lists",14092,14092,-,0,1.25,2,316,754,1298,1474,2620,447,426
2026-09-06T03:54:51.496731291,"Get Ordered Address Hierarchy Levels",5425,5425,-,0,0.48,0,13,28,154,1267,1649,29,68
2026-09-06T03:54:51.496731291,"Get All Appointment Services(full)",3870,3870,-,0,0.34,2,37,90,255,538,1829,73,108
2026-09-06T03:54:51.496731291,"Get all appointments for a specific day",2580,2580,-,0,0.23,4,84,234,517,1303,2334,160,196
2026-09-06T03:54:51.496731291,"Get all appointment summaries",2580,2580,-,0,0.23,6,99,251,494,828,1331,165,173
2026-09-06T03:54:51.496731291,"Get Appointment By Status",10320,10320,-,0,0.91,1,38,114,480,581,2097,99,164
2026-09-06T03:54:51.496731291,"Get all default appointment services",2580,2580,-,0,0.23,2,34,89,241,515,1392,68,98
2026-09-06T03:54:51.496731291,"Get all visits of the given location with date",2580,2580,-,0,0.23,9,1609,2870,4807,6291,9683,1861,1604
2026-09-06T03:54:51.496731291,"Get Patient Allergy Intolerance",3220,3220,-,0,0.28,1,167,541,1211,1651,3655,340,420
2026-09-06T03:54:51.496731291,"Get Specific Medication Requests",12880,12880,-,0,1.14,15,423,1033,2408,5539,7887,698,785
2026-09-06T03:54:51.496731291,"Get Encounter With Visit and Diagnoses",3220,3220,-,0,0.28,4,61,150,362,758,1865,110,144
2026-09-06T03:54:51.496731291,"Get patient identification photo",264141,264141,-,0,23.36,2,43,121,413,2640,3361,92,140
2026-09-06T03:54:51.496731291,"Get All Providers",7730,7730,-,0,0.68,2,69,234,584,1197,3942,160,230
2026-09-06T03:54:51.496731291,"Get Person Attributes",2701,2701,-,0,0.24,1,32,77,262,372,1424,62,94
2026-09-06T03:54:51.496731291,"Get Patient Identifiers",2701,2701,-,0,0.24,2,41,102,293,1051,1861,83,123
2026-09-06T03:54:51.496731291,"Get Relationships of Person",2701,2701,-,0,0.24,2,43,123,361,611,2272,90,137
2026-09-06T03:54:51.496731291,"Create a patient list",3523,3523,-,0,0.31,4,118,276,607,1010,2311,193,213
2026-09-06T03:54:51.496731291,"Get queue entry number",1736,1736,-,0,0.15,0,7,18,130,212,1890,22,69
2026-09-06T03:54:51.496731291,"Submit visit queue entry",1740,1736,4,0.23,0.15,10,196,483,1014,1620,2745,322,357
2026-09-06T03:54:51.496731291,"Save an Allergy",3595,3595,-,0,0.32,9,225,517,941,2119,4062,330,335
2026-09-06T03:54:51.496731291,"Get Clinical Form by UUID",1432,1432,-,0,0.13,6,114,208,500,724,1503,153,152
2026-09-06T03:54:51.496731291,"Get Encounter Roles",1432,1432,-,0,0.13,1,32,84,296,628,1229,72,118
2026-09-06T03:54:51.496731291,"Get Latest FHIR Encounter",1432,1432,-,0,0.13,2,123,288,556,1099,2403,194,218
2026-09-06T03:54:51.496731291,"Get all active Lab orders",9411,9411,-,0,0.83,6,541,1513,3143,5558,10140,952,1098
2026-09-06T03:54:51.496731291,"Get Lab Orders by full filler status",28233,28233,-,0,2.5,2,271,1590,9722,10515,21854,1589,2787
2026-09-06T03:54:51.496731291,"Get Encounter By UUID",1304,1304,-,0,0.12,6,150,290,626,1071,2439,208,217
2026-09-06T03:54:51.496731291,"Get Order Entry Config",3220,3220,-,0,0.28,16,340,531,943,1346,2507,373,320
2026-09-06T03:54:51.496731291,"Get ValueSet by UUID",9660,9660,-,0,0.85,5,227,590,1575,2863,3988,439,542
2026-09-06T03:54:51.496731291,"Get Medication Request by UUID",9660,9660,-,0,0.85,11,227,672,1372,1741,3898,410,453
2026-09-06T03:54:51.496731291,"Get Medication by UUID",3220,3220,-,0,0.28,1,20,52,205,345,1232,46,85
2026-09-06T03:54:51.496731291,"Search Medication by Code",3220,3220,-,0,0.28,3,56,107,256,922,1606,85,112
2026-09-06T03:54:51.496731291,"Get patient list details",3523,3523,-,0,0.31,2,49,125,428,668,2002,104,157
2026-09-06T03:54:51.496731291,"Fetch members of patient list",3523,3523,-,0,0.31,2,45,131,452,620,2434,97,147
2026-09-06T03:54:51.496731291,"Get service concept set",1740,1740,-,0,0.15,2,25,80,280,690,2030,71,132
2026-09-06T03:54:51.496731291,"Get Concept",52556,52556,-,0,4.65,3,122,230,481,988,3310,167,172
2026-09-06T03:54:51.496731291,"Submit new Service queue",1740,1740,-,0,0.15,6,116,336,719,1188,2065,216,256
2026-09-06T03:54:51.496731291,"Get Locations Search Set",2087,2087,-,0,0.18,2,38,109,362,1177,1683,87,138
2026-09-06T03:54:51.496731291,"Change the session location",2087,2087,-,0,0.18,2,45,131,428,958,1895,109,170
2026-09-06T03:54:51.496731291,"Edit patient details",2701,2701,-,0,0.24,8,181,350,705,1238,3193,252,249
2026-09-06T03:54:51.496731291,"Check Appointment Conflicts",1290,1290,-,0,0.11,4,73,191,458,1016,2017,135,181
2026-09-06T03:54:51.496731291,"Create Appointment",1290,1290,-,0,0.11,8,145,276,565,886,1626,190,180
2026-09-06T03:54:51.496731291,"Save a clinical form",1432,1432,-,0,0.13,16,462,1000,1826,2508,3359,645,591
2026-09-06T03:54:51.496731291,"Update full filler status",6274,6274,-,0,0.55,5,98,198,412,848,2276,145,162
2026-09-06T03:54:51.496731291,"Submit transition request",1740,1543,197,11.32,0.15,6,142,352,726,1065,2728,224,254
2026-09-06T03:54:51.496731291,"End Visit",12853,12474,379,2.95,1.14,5,211,453,988,2286,3705,322,339
2026-09-06T03:54:51.496731291,"Get patient admission note",17228,17228,-,0,1.52,2,95,204,487,785,2511,149,173
2026-09-06T03:54:51.496731291,"Generate OMRS Identifier",2724,2724,-,0,0.24,4,126,244,503,904,2029,178,178
2026-09-06T03:54:51.496731291,"Send Patient Registration Request",2724,2724,-,0,0.24,18,510,790,1362,2032,3184,573,435
2026-09-06T03:54:51.496731291,"Dispense medication form submission",3220,3220,-,0,0.28,21,447,1211,2406,3127,4297,751,782
2026-09-06T03:54:51.496731291,"Get Patient Encounters",1432,1432,-,0,0.13,9,2630,5115,7745,9226,13102,3109,2602
2026-09-06T03:54:51.496731291,"Get Lab Results of Patient",2864,2864,-,0,0.25,1,449,989,2429,4374,7098,719,877
2026-09-06T03:54:51.496731291,"Submit Appointment StatusChange",2580,2580,-,0,0.23,5,124,273,659,892,2460,186,211
2026-09-06T03:54:51.496731291,"Get specific encounter details",3137,3137,-,0,0.28,4,65,180,496,657,2637,125,169
2026-09-06T03:54:51.496731291,"Get Alkaline concept details",3137,3137,-,0,0.28,2,37,106,273,657,3170,82,132
2026-09-06T03:54:51.496731291,"Update the specific encounter",3137,3137,-,0,0.28,14,297,641,1166,1571,3725,416,404
2026-09-06T03:54:51.496731291,"Update the Lab Order Completion",3137,3137,-,0,0.28,12,264,558,1163,1493,3307,371,379
2026-09-06T03:54:51.496731291,"Get Visits With Diagnoses and Notes (new endpoint)",1432,1432,-,0,0.13,9,266,580,1020,1637,2730,373,367
2026-09-06T03:54:51.496731291,"Close medication",3220,3220,-,0,0.28,9,183,432,1006,1482,2711,299,336
2026-09-06T03:54:51.496731291,"Discontinue the drug order",3220,3220,-,0,0.28,15,287,613,1299,1784,3993,417,416
2026-09-06T03:54:51.496731291,"Get Drug Orders except the cancelled and expired",1432,1432,-,0,0.13,4,704,1630,3245,4502,6244,1047,1080
2026-09-06T03:54:51.496731291,"Get Drug Orders except the discontinued orders",1432,1432,-,0,0.13,3,703,1622,3201,4600,5611,1031,1065
2026-09-06T03:54:51.496731291,"Get Observation Tree Details",4296,4296,-,0,0.38,3,358,1655,4956,6410,9295,1137,1575
2026-09-06T03:54:51.496731291,"Search for Condition",2864,2864,-,0,0.25,9,173,285,560,1044,2258,212,196
2026-09-06T03:54:51.496731291,"Save Conditions",1432,1432,-,0,0.13,5,114,253,561,972,1859,179,198
2026-09-06T03:54:51.496731291,"Get Immunizations of Patient",4296,4296,-,0,0.38,1,108,969,3670,4757,8393,746,1211
2026-09-06T03:54:51.496731291,"Get all immunizations",1432,1432,-,0,0.13,5,116,213,437,947,2001,161,173
2026-09-06T03:54:51.496731291,"Submit Patient immunization",1432,1426,6,0.42,0.13,28,948,1975,3340,4173,5914,1227,1108
2026-09-06T03:54:51.496731291,"Get Attachments of Patient",2864,2864,-,0,0.25,4,135,277,590,1017,2559,192,206
2026-09-06T03:54:51.496731291,"Get Allowed File Extensions",1432,1432,-,0,0.13,1,31,84,259,930,1760,67,109
2026-09-06T03:54:51.496731291,"Get Programs",2864,2864,-,0,0.25,6,144,287,530,892,1653,195,183
2026-09-06T03:54:51.496731291,"Add new program to patient",1432,1432,-,0,0.13,6,149,343,712,1335,6047,240,308
2026-09-06T03:54:51.496731291,"Complete the program",1432,1432,-,0,0.13,6,150,325,696,1251,1886,224,246
2026-09-06T03:54:51.496731291,"Upload Attachment Request",1432,1429,3,0.21,0.13,376,1738,4554,9846,15444,24695,3199,3241
2026-09-06T03:54:51.496731291,"Save Visit Note",1432,1432,-,0,0.13,12,307,675,1278,2226,3323,449,463
2026-09-06T03:54:51.496731291,"Save Patient Diagnosis",2864,2864,-,0,0.25,4,109,262,570,991,2423,180,204
